entry_id,resource_name,town,county,listing_type,connection_status,connection_group,public_label,public_url,animation_eligible,check_status,status_code,email_available,phone_available,address_available
travel-guide-111-park-espresso-bar-raton-colfax,111 Park Espresso Bar,Raton,Colfax,Food & drink,profile-live,Hosted profile,Online profile,https://www.facebook.com/111Park/,False,ok,200,False,False,False
2026-get-lit-literary-festival-and-trinidad-art-festival-trinidad-las-animas-writer-ar,2026 GET LIT Literary Festival and Trinidad Art Festival,Trinidad,Las Animas,Arts & culture,profile-live,Hosted profile,Online profile,https://www.trinidadcreativedistrict.org/copy-of-2025-get-lit-literary-festival,False,redirect,200,False,False,False
221b-gallery-las-animas-experimental-multi-disciplinary-gallery,221B Gallery,Trinidad,Las Animas,Arts & culture,direct-live,Direct website,Connect online,https://pug-okra-fbcs.squarespace.com,True,ok,200,True,True,True
2k-design-huerfano-design-maker-vendor,2K Design,Walsenburg,Huerfano,Arts & culture,profile-live,Hosted profile,Online profile,https://www.walsenburgmercantile.com/meet-our-vendors,False,ok,200,False,False,True
yellowpages-lead-38-special-walsenburg-huerfano,38 Special,Walsenburg,Huerfano,Local business or service,profile-live,Hosted profile,Online profile,https://www.yellowpages.com/walsenburg-co/business-listings/1,False,ok,200,False,False,False
3rd-times-a-charm-huerfano-maker-vendor,3rd Times A Charm,Walsenburg,Huerfano,Arts & culture,profile-live,Hosted profile,Online profile,https://www.walsenburgmercantile.com/meet-our-vendors,False,ok,200,False,False,True
yellowpages-lead-7-eleven-walsenburg-huerfano,7-Eleven,Walsenburg,Huerfano,Local business or service,profile-live,Hosted profile,Online profile,https://www.yellowpages.com/walsenburg-co/business-listings/1,False,ok,200,False,False,False
719-tines-huerfano-local-maker-vendor,719 Tines,Walsenburg,Huerfano,Arts & culture,profile-live,Hosted profile,Online profile,https://www.walsenburgmercantile.com/meet-our-vendors,False,ok,200,False,False,True
yellowpages-lead-87-express-raton-colfax,87 Express,Raton,Colfax,Local business or service,profile-live,Hosted profile,Online profile,https://www.yellowpages.com/raton-nm/business-listings/1,False,ok,200,False,False,False
yellowpages-lead-a-m-repair-raton-colfax,A & M Repair Co,Raton,Colfax,Local business or service,profile-live,Hosted profile,Online profile,https://www.yellowpages.com/raton-nm/business-listings/1,False,ok,200,False,False,False
yellowpages-lead-a-cut-above-raton-colfax,A Cut Above,Raton,Colfax,Local business or service,profile-live,Hosted profile,Online profile,https://www.yellowpages.com/raton-nm/business-listings/1,False,ok,200,False,False,False
yellowpages-lead-a-j-martinez-company-angel-fire-colfax,A J Martinez & Company,Angel Fire,Colfax,Local business or service,profile-live,Hosted profile,Online profile,https://www.yellowpages.com/angel-fire-nm/business-listings/1,False,ok,200,False,False,False
a-taylor-made-haircut-huerfano-service-personal-care,A Taylor Made Haircut,La Veta,Huerfano,Health & wellness,contact-only,Contact only,No direct website listed,,False,,,False,True,True
travel-guide-a-and-w-walsenburg-huerfano,A&W,Walsenburg,Huerfano,Food & drink,direct-live,Direct website,Connect online,https://awrestaurants.com/locations/colorado/walsenburg/455-us-highway-85,True,ok,200,False,False,True
yellowpages-lead-a-w-all-american-food-walsenburg-huerfano,A&W All-American Food,Walsenburg,Huerfano,Food & drink,profile-live,Hosted profile,Online profile,https://www.yellowpages.com/walsenburg-co/business-listings/1,False,ok,200,False,False,False
yellowpages-lead-a-1-automatics-towing-trinidad-las-animas,A-1 Automatics & Towing,Trinidad,Las Animas,Local business or service,profile-live,Hosted profile,Online profile,https://www.yellowpages.com/trinidad-co/business-listings/1,False,ok,200,False,False,False
a-r-mitchell-museum-of-western-art-las-animas-museum-arts,A.R. Mitchell Museum of Western Art,Trinidad,Las Animas,Arts & culture,direct-live,Direct website,Connect online,https://armitchellmuseum.com/,True,ok,200,True,True,True
yellowpages-lead-ace-hardware-aguilar-las-animas,Ace Hardware,Aguilar,Las Animas,Retail & local goods,profile-live,Hosted profile,Online profile,https://www.yellowpages.com/aguilar-co,False,ok,200,False,False,False
ace-hi-tavern-las-animas-bar,Ace-Hi Tavern,Aguilar,Las Animas,Food & drink,address-only,Contact only,No direct website listed,,False,,,False,False,True
yellowpages-lead-acorn-la-veta-huerfano,Acorn,La Veta,Huerfano,Local business or service,profile-live,Hosted profile,Online profile,https://www.yellowpages.com/la-veta-co,False,ok,200,False,False,False
yellowpages-lead-acorn-petroleum-walsenburg-huerfano,Acorn Petroleum Inc,Walsenburg,Huerfano,Local business or service,profile-live,Hosted profile,Online profile,https://www.yellowpages.com/walsenburg-co/business-listings/1,False,ok,200,False,False,False
yellowpages-lead-adt-security-walsenburg-huerfano,ADT Security,Walsenburg,Huerfano,Local business or service,profile-live,Hosted profile,Online profile,https://www.yellowpages.com/walsenburg-co/business-listings/1,False,ok,200,False,False,False
yellowpages-lead-advance-america-trinidad-las-animas,Advance America,Trinidad,Las Animas,Local business or service,profile-live,Hosted profile,Online profile,https://www.yellowpages.com/trinidad-co/business-listings/1,False,ok,200,False,False,False
yellowpages-lead-advance-auto-parts-walsenburg-huerfano,Advance Auto Parts,Walsenburg,Huerfano,Auto & transportation,profile-live,Hosted profile,Online profile,https://www.yellowpages.com/walsenburg-co/business-listings/1,False,ok,200,False,False,False
advanced-air-llc-colfax-air-transportation,"Advanced Air, LLC",Angel Fire,Colfax,Tourism & visitor info,direct-live,Direct website,Connect online,https://advancedairlines.com/landing-pages/angel-fire-new-mexico/,False,ok,200,True,True,False
yellowpages-lead-advanced-climate-solutions-trinidad-las-animas,Advanced Climate Solutions,Trinidad,Las Animas,Local business or service,profile-live,Hosted profile,Online profile,https://www.yellowpages.com/trinidad-co/business-listings/1,False,ok,200,False,False,False
aguilar-bakery-cafe-las-animas-bakery-cafe,Aguilar Bakery & Cafe,Aguilar,Las Animas,Food & drink,address-only,Contact only,No direct website listed,,False,,,False,False,True
aguilar-bar-grill-las-animas-restaurant-bar,Aguilar Bar & Grill,Aguilar,Las Animas,Food & drink,address-only,Contact only,No direct website listed,,False,,,False,False,True
aguilar-country-cottages-las-animas-lodging,Aguilar Country Cottages,Aguilar,Las Animas,Lodging & stays,direct-unconfirmed,Direct website,Website link,https://aguilarcountrycottages.com,False,network_error,,False,False,True
yellowpages-lead-aguilar-elementary-school-aguilar-las-animas,Aguilar Elementary School,Aguilar,Las Animas,Education & learning,profile-live,Hosted profile,Online profile,https://www.yellowpages.com/aguilar-co,False,ok,200,False,False,False
yellowpages-lead-aguilar-public-library-aguilar-las-animas,Aguilar Public Library,Aguilar,Las Animas,Education & learning,profile-live,Hosted profile,Online profile,https://www.yellowpages.com/aguilar-co,False,ok,200,False,False,False
yellowpages-lead-al-s-gas-service-trinidad-las-animas,Al's Gas Service,Trinidad,Las Animas,Auto & transportation,profile-live,Hosted profile,Online profile,https://www.yellowpages.com/trinidad-co/business-listings/1,False,ok,200,False,False,False
travel-guide-alfonso-s-mexican-food-raton-colfax,Alfonso's Mexican Food,Raton,Colfax,Food & drink,profile-live,Hosted profile,Online profile,https://www.facebook.com/pages/category/Mexican-Restaurant/Alfonsos-Mexican-Food-304976819884382/,False,redirect,200,False,False,False
travel-guide-all-seasons-gift-shop-raton-colfax,All Seasons Gift Shop,Raton,Colfax,Retail & local goods,profile-live,Hosted profile,Online profile,https://www.exploreraton.com/shop,False,ok,200,False,False,False
yellowpages-lead-all-that-is-energy-trinidad-las-animas,All That Is Energy,Trinidad,Las Animas,Local business or service,profile-live,Hosted profile,Online profile,https://www.yellowpages.com/trinidad-co/business-listings/1,False,ok,200,False,False,False
yellowpages-lead-allegiant-electric-raton-colfax,Allegiant Electric,Raton,Colfax,"Home, land & contracting",profile-live,Hosted profile,Online profile,https://www.yellowpages.com/raton-nm/business-listings/1,False,ok,200,False,False,False
travel-guide-allen-fields-sports-complex-angel-fire-colfax,Allen Fields Sports Complex,Angel Fire,Colfax,Local business or service,profile-unconfirmed,Hosted profile,Listing link,https://visitangelfirenm.com/listing/allen-fields-sports-complex/,False,access_blocked,403,False,False,True
almack-s-kitchen-las-animas-restaurant,AlMack's Kitchen,Trinidad,Las Animas,Food & drink,direct-live,Direct website,Connect online,https://almackskitchen.com,True,redirect,200,False,True,True
yellowpages-lead-alon-springer-colfax,Alon,Springer,Colfax,Local business or service,profile-live,Hosted profile,Online profile,https://www.yellowpages.com/springer-nm,False,ok,200,False,False,False
travel-guide-alpine-lumber-angel-fire-colfax,Alpine Lumber Company,Angel Fire,Colfax,Retail & local goods,profile-live,Hosted profile,Online profile,https://www.yellowpages.com/angel-fire-nm/business-listings/1,False,ok,200,False,False,True
yellowpages-lead-alta-convenience-raton-colfax,Alta Convenience,Raton,Colfax,Local business or service,profile-live,Hosted profile,Online profile,https://www.yellowpages.com/raton-nm/business-listings/1,False,ok,200,False,False,False
yellowpages-lead-alta-convenience-springer-colfax,Alta Convenience,Springer,Colfax,Local business or service,profile-live,Hosted profile,Online profile,https://www.yellowpages.com/springer-nm,False,ok,200,False,False,False
yellowpages-lead-alta-convenience-store-6117-walsenburg-huerfano,Alta Convenience Store #6117,Walsenburg,Huerfano,Local business or service,profile-live,Hosted profile,Online profile,https://www.yellowpages.com/walsenburg-co/business-listings/1,False,ok,200,False,False,False
travel-guide-altalune-metaphysical-raton-colfax,Altalune Metaphysical,Raton,Colfax,Retail & local goods,profile-live,Hosted profile,Online profile,https://www.facebook.com/dancingeaglegifts/,False,ok,200,False,False,False
alys-restaurant-huerfano-restaurant-food,Alys' Restaurant,La Veta,Huerfano,Food & drink,direct-live,Direct website,Connect online,https://www.alysrestaurant.com/,True,ok,200,False,True,True
amber-schalla-silver-huerfano-silver-jewelry-vendor,Amber Schalla Silver,Walsenburg,Huerfano,Arts & culture,profile-live,Hosted profile,Online profile,https://www.walsenburgmercantile.com/meet-our-vendors,False,ok,200,False,False,True
america-west-ranches-homes-land-colfax-real-estate,"America West Ranches, Homes & Land",Eagle Nest,Colfax,Professional services,profile-live,Hosted profile,Online profile,https://www.eaglenest.org/water_waste_water/businessdirectory,False,ok,200,False,True,True
yellowpages-lead-american-family-insurance-john-zanotelli-walsenburg-huerfano,American Family Insurance - John Zanotelli,Walsenburg,Huerfano,Professional services,profile-live,Hosted profile,Online profile,https://www.yellowpages.com/walsenburg-co/business-listings/1,False,ok,200,False,False,False
yellowpages-lead-american-family-insurance-ryan-k-balfour-walsenburg-huerfano,AMERICAN FAMILY INSURANCE - Ryan K Balfour,Walsenburg,Huerfano,Professional services,profile-live,Hosted profile,Online profile,https://www.yellowpages.com/walsenburg-co/business-listings/1,False,ok,200,False,False,False
yellowpages-lead-american-legion-raton-colfax,American Legion,Raton,Colfax,Local business or service,profile-live,Hosted profile,Online profile,https://www.yellowpages.com/raton-nm/business-listings/1,False,ok,200,False,False,False
yellowpages-lead-american-legion-trinidad-las-animas,American Legion,Trinidad,Las Animas,Local business or service,profile-live,Hosted profile,Online profile,https://www.yellowpages.com/trinidad-co/business-listings/1,False,ok,200,False,False,False
yellowpages-lead-american-paving-concrete-trinidad-las-animas,American Paving and Concrete,Trinidad,Las Animas,Local business or service,profile-live,Hosted profile,Online profile,https://www.yellowpages.com/trinidad-co/business-listings/1,False,ok,200,False,False,False
yellowpages-lead-amtrak-raton-colfax,Amtrak,Raton,Colfax,Local business or service,profile-live,Hosted profile,Online profile,https://www.yellowpages.com/raton-nm/business-listings/1,False,ok,200,False,False,False
travel-guide-anchor-motel-walsenburg-huerfano,Anchor Motel,Walsenburg,Huerfano,Lodging & stays,direct-live,Direct website,Connect online,https://anchormotelandcottages.com/,True,ok,200,False,True,True
andreatta-beef-huerfano-local-food-producer-vendor,Andreatta Beef,Walsenburg,Huerfano,Food & drink,profile-live,Hosted profile,Online profile,https://www.walsenburgmercantile.com/meet-our-vendors,False,ok,200,False,False,True
yellowpages-lead-angel-fire-accounting-angel-fire-colfax,Angel Fire Accounting,Angel Fire,Colfax,Professional services,profile-live,Hosted profile,Online profile,https://www.yellowpages.com/angel-fire-nm/business-listings/1,False,ok,200,False,False,False
yellowpages-lead-angel-fire-appraisers-angel-fire-colfax,Angel Fire Appraisers,Angel Fire,Colfax,Local business or service,profile-live,Hosted profile,Online profile,https://www.yellowpages.com/angel-fire-nm/business-listings/1,False,ok,200,False,False,False
yellowpages-lead-angel-fire-baptist-church-angel-fire-colfax,Angel Fire Baptist Church,Angel Fire,Colfax,Nonprofit & community,profile-live,Hosted profile,Online profile,https://www.yellowpages.com/angel-fire-nm/business-listings/1,False,ok,200,False,False,False
angel-fire-chamber-artists-galleries-and-studios-directory-angel-fire-colfax-chamber-a,"Angel Fire Chamber Artists, Galleries, and Studios Directory",Angel Fire,Colfax,Arts & culture,direct-live,Direct website,Connect online,https://angelfirechamber.org/business/category/artists-galleries-studios/,False,ok,200,False,False,False
travel-guide-angel-fire-community-center-angel-fire-colfax,Angel Fire Community Center,Angel Fire,Colfax,Nonprofit & community,profile-unconfirmed,Hosted profile,Listing link,https://visitangelfirenm.com/listing/angel-fire-community-center/,False,access_blocked,403,False,False,True
travel-guide-angel-fire-ebikes-angel-fire-colfax,Angel Fire Ebikes LLC,Angel Fire,Colfax,Local business or service,profile-unconfirmed,Hosted profile,Listing link,https://visitangelfirenm.com/listing/angel-fire-ebikes-llc/,False,access_blocked,403,False,False,True
yellowpages-lead-angel-fire-environmental-architectural-control-angel-fire-colfax,Angel Fire Environmental Architectural Control,Angel Fire,Colfax,Local business or service,profile-live,Hosted profile,Online profile,https://www.yellowpages.com/angel-fire-nm/business-listings/1,False,ok,200,False,False,False
yellowpages-lead-angel-fire-family-dentistry-angel-fire-colfax,Angel Fire Family Dentistry,Angel Fire,Colfax,Health & wellness,profile-live,Hosted profile,Online profile,https://www.yellowpages.com/angel-fire-nm/business-listings/1,False,ok,200,False,False,False
travel-guide-angel-fire-homes-angel-fire-colfax,Angel Fire Homes,Angel Fire,Colfax,Local business or service,profile-unconfirmed,Hosted profile,Listing link,https://visitangelfirenm.com/listing/angel-fire-homes/,False,access_blocked,403,False,False,True
yellowpages-lead-angel-fire-homes-real-estate-construction-angel-fire-colfax,Angel Fire Homes Real Estate And Construction,Angel Fire,Colfax,"Home, land & contracting",profile-live,Hosted profile,Online profile,https://www.yellowpages.com/angel-fire-nm/business-listings/1,False,ok,200,False,False,False
yellowpages-lead-angel-fire-mini-mart-angel-fire-colfax,Angel Fire Mini-Mart,Angel Fire,Colfax,Local business or service,profile-live,Hosted profile,Online profile,https://www.yellowpages.com/angel-fire-nm/business-listings/1,False,ok,200,False,False,False
yellowpages-lead-angel-fire-mountain-rentals-angel-fire-colfax,Angel Fire Mountain Rentals,Angel Fire,Colfax,Local business or service,profile-live,Hosted profile,Online profile,https://www.yellowpages.com/angel-fire-nm/business-listings/1,False,ok,200,False,False,False
angel-fire-resort-colfax-recreation-tourism,Angel Fire Resort,Angel Fire,Colfax,Tourism & visitor info,profile-live,Hosted profile,Online profile,https://angelfirechamber.org/business/hotels-motels-lodges/,False,ok,200,False,False,True
travel-guide-angel-fire-resort-hotel-and-conference-center-angel-fire-colfax,Angel Fire Resort Hotel & Conference Center,Angel Fire,Colfax,Lodging & stays,profile-live,Hosted profile,Online profile,https://angelfirechamber.org/business/angel-fire-resort-2/,False,ok,200,False,False,False
angel-fire-resort-nordic-golf-center-colfax-recreation-tourism,Angel Fire Resort Nordic & Golf Center,Angel Fire,Colfax,Tourism & visitor info,profile-unconfirmed,Hosted profile,Listing link,https://visitangelfirenm.com/listing/angel-fire-resort-nordic-center-golf-course/,False,access_blocked,403,False,False,True
angel-fire-resort-vacation-rentals-colfax-lodging,Angel Fire Resort Vacation Rentals,Angel Fire,Colfax,Lodging & stays,profile-unconfirmed,Hosted profile,Listing link,https://visitangelfirenm.com/listing/angel-fire-resort-vacation-rentals/,False,access_blocked,403,False,False,True
angel-fire-rv-resort-colfax-lodging,Angel Fire RV Resort,Angel Fire,Colfax,Lodging & stays,profile-live,Hosted profile,Online profile,https://angelfirechamber.org/business/angel-fire-rv-resort/,False,ok,200,False,False,True
yellowpages-lead-angel-fire-small-animal-hospital-angel-fire-colfax,Angel Fire Small Animal Hospital,Angel Fire,Colfax,Health & wellness,profile-live,Hosted profile,Online profile,https://www.yellowpages.com/angel-fire-nm/business-listings/1,False,ok,200,False,False,False
travel-guide-angel-fire-visitor-center-angel-fire-colfax,Angel Fire Visitor Center,Angel Fire,Colfax,Tourism & visitor info,profile-unconfirmed,Hosted profile,Listing link,https://visitangelfirenm.com/listing/angel-fire-visitors-center/,False,access_blocked,403,False,False,True
angel-fired-pizza-colfax-food-beverage,Angel Fired Pizza,Angel Fire,Colfax,Food & drink,profile-live,Hosted profile,Online profile,https://www.yellowpages.com/angel-fire-nm/business-listings/1,False,ok,200,False,False,True
angel-nest-rv-retreat-colfax-lodging,Angel Nest RV Retreat,Eagle Nest,Colfax,Lodging & stays,contact-only,Contact only,No direct website listed,,False,,,False,True,False
angel-s-attic-colfax-retail,Angel's Attic,Eagle Nest,Colfax,Retail & local goods,contact-only,Contact only,No direct website listed,,False,,,False,True,True
angels-glow-tanning-oxygen-bar-colfax-health-wellness,Angel's Glow Tanning & Oxygen Bar,Angel Fire,Colfax,Food & drink,profile-live,Hosted profile,Online profile,https://www.google.com/maps/search/?api=1&query=Angel%27s+Glow+Tanning+%26+Oxygen+Bar+3379+Mountain+View+Blvd+Angel+Fire+NM,False,ok,200,False,True,True
travel-guide-angel-s-outback-adventure-angel-fire-colfax,Angel's Outback Adventure,Angel Fire,Colfax,Outdoor recreation,profile-live,Hosted profile,Online profile,https://angelfirechamber.org/business/category/activities-recreation/,False,ok,200,False,False,False
travel-guide-angel-s-outback-adventures-angel-fire-colfax,"Angel's Outback Adventures, LLC",Angel Fire,Colfax,Local business or service,profile-unconfirmed,Hosted profile,Listing link,https://visitangelfirenm.com/listing/angels-outback-adventures-llc/,False,access_blocked,403,False,False,True
yellowpages-lead-angelfire-flooring-angel-fire-colfax,Angelfire Flooring,Angel Fire,Colfax,Local business or service,profile-live,Hosted profile,Online profile,https://www.yellowpages.com/angel-fire-nm/business-listings/1,False,ok,200,False,False,False
anjillee-schwarz-grasshopper-co-huerfano-stained-glass-artist,Anjillee Schwarz / Grasshopper Co.,La Veta,Huerfano,Arts & culture,profile-live,Hosted profile,Online profile,https://www.lavetacreativedistrict.org/artists,False,ok,200,False,False,False
yellowpages-lead-anthony-s-jewelers-raton-colfax,Anthony's Jewelers,Raton,Colfax,Local business or service,profile-live,Hosted profile,Online profile,https://www.yellowpages.com/raton-nm/business-listings/1,False,ok,200,False,False,False
travel-guide-antique-avenue-walsenburg-huerfano,Antique Avenue,Walsenburg,Huerfano,Retail & local goods,profile-live,Hosted profile,Online profile,https://www.spanishpeakscountry.com/,False,redirect,200,False,False,True
yellowpages-lead-antiques-so-much-more-deja-vu-walsenburg-huerfano,Antiques and so much more......deja vu ltd,Walsenburg,Huerfano,Local business or service,profile-live,Hosted profile,Online profile,https://www.yellowpages.com/walsenburg-co/business-listings/1,False,ok,200,False,False,False
yellowpages-lead-apc-southern-trinidad-las-animas,APC Southern,Trinidad,Las Animas,Local business or service,profile-live,Hosted profile,Online profile,https://www.yellowpages.com/trinidad-co/business-listings/1,False,ok,200,False,False,False
travel-guide-arby-s-raton-colfax,Arby's,Raton,Colfax,Food & drink,direct-unconfirmed,Direct website,Website link,https://locations.arbys.com/nm/raton/415-clayton-hwy.html,False,network_error,,False,False,False
travel-guide-arias-taqueria-food-truck-angel-fire-colfax,Arias Taqueria Food Truck,Angel Fire,Colfax,Food & drink,profile-unconfirmed,Hosted profile,Listing link,https://visitangelfirenm.com/listing/arias-taqueria-food-truck/,False,access_blocked,403,False,False,True
yellowpages-lead-arm-n-hammer-construction-trinidad-las-animas,Arm N Hammer Construction Inc,Trinidad,Las Animas,"Home, land & contracting",profile-live,Hosted profile,Online profile,https://www.yellowpages.com/trinidad-co/business-listings/1,False,ok,200,False,False,False
travel-guide-armidas-walsenburg-huerfano,Armidas,Walsenburg,Huerfano,Retail & local goods,profile-live,Hosted profile,Online profile,https://www.spanishpeakscountry.com/,False,redirect,200,False,False,True
art-up-northern-new-mexico-colfax-arts-nonprofit-artist-membership-organiz,Art Up Northern New Mexico,Angel Fire,Colfax,Arts & culture,profile-live,Hosted profile,Online profile,https://artup-nnm.org,False,ok,200,False,True,True
yellowpages-lead-arthur-rolloff-raton-colfax,Arthur Rolloff Inc,Raton,Colfax,Local business or service,profile-live,Hosted profile,Online profile,https://www.yellowpages.com/raton-nm/business-listings/1,False,ok,200,False,False,False
arthur-short-bull-huerfano-painting-artist,Arthur Short Bull,La Veta,Huerfano,Arts & culture,profile-live,Hosted profile,Online profile,https://www.lavetacreativedistrict.org/artists,False,ok,200,False,False,False
artisans-on-main-llc-huerfano-retail-arts,Artisans on Main,La Veta,Huerfano,Arts & culture,direct-live,Direct website,Connect online,https://www.artisansonmain.art/,True,ok,200,False,True,True
artist-vicky-de-taos-huerfano-artist-vendor,Artist Vicky De Taos,Walsenburg,Huerfano,Arts & culture,profile-live,Hosted profile,Online profile,https://www.walsenburgmercantile.com/meet-our-vendors,False,ok,200,False,False,True
travel-guide-arts-and-antiques-walsenburg-huerfano,Arts & Antiques,Walsenburg,Huerfano,Retail & local goods,profile-live,Hosted profile,Online profile,https://www.spanishpeakscountry.com/,False,redirect,200,False,False,True
arts-in-society-colorado-grant-regional-regional-colorado-artist-and-nonprofit-grant,Arts in Society Colorado Grant,Regional,Regional,Funding & support,direct-live,Direct website,Connect online,https://www.redlineart.org/ais-apply-for-a-grant,False,ok,200,False,False,False
arts-culture-tourism-audiences-las-animas-las-animas-county-co,Arts/culture/tourism audiences,Trinidad,Las Animas,Public offices,no-online-link,No online link,No online link listed,,False,,,False,False,False
yellowpages-lead-ashcatek-walsenburg-huerfano,Ashcatek,Walsenburg,Huerfano,Local business or service,profile-live,Hosted profile,Online profile,https://www.yellowpages.com/walsenburg-co/business-listings/1,False,ok,200,False,False,False
yellowpages-lead-asian-buffet-raton-colfax,Asian Buffet,Raton,Colfax,Local business or service,profile-live,Hosted profile,Online profile,https://www.yellowpages.com/raton-nm/business-listings/1,False,ok,200,False,False,False
travel-guide-aspen-gold-laundromat-angel-fire-colfax,Aspen Gold Laundromat,Angel Fire,Colfax,Local business or service,profile-unconfirmed,Hosted profile,Listing link,https://visitangelfirenm.com/listing/aspen-gold-laundromat/,False,access_blocked,403,False,False,True
travel-guide-aspen-springs-at-angel-fire-angel-fire-colfax,Aspen Springs at Angel Fire,Angel Fire,Colfax,Lodging & stays,profile-live,Hosted profile,Online profile,https://angelfirechamber.org/business/aspen-springs-at-angel-fire/,False,ok,200,False,False,False
yellowpages-lead-aspen-storage-angel-fire-colfax,Aspen Storage,Angel Fire,Colfax,Professional services,profile-live,Hosted profile,Online profile,https://www.yellowpages.com/angel-fire-nm/business-listings/1,False,ok,200,False,False,False
yellowpages-lead-autozone-auto-parts-raton-colfax,AutoZone Auto Parts,Raton,Colfax,Auto & transportation,profile-live,Hosted profile,Online profile,https://www.yellowpages.com/raton-nm/business-listings/1,False,ok,200,False,False,False
travel-guide-ave-maria-shrine-trinidad-las-animas,Ave Maria Shrine,Trinidad,Las Animas,Local business or service,profile-unconfirmed,Hosted profile,Listing link,https://visittrinidadcolorado.com/more-fun/,False,access_blocked,403,False,False,False
travel-guide-ayers-family-fitness-cuchara-huerfano,Ayers Family Fitness,Cuchara,Huerfano,Local business or service,profile-live,Hosted profile,Online profile,https://www.spanishpeakscountry.com/,False,redirect,200,False,False,True
travel-guide-aztec-mill-museum-raton-colfax,Aztec Mill Museum,Raton,Colfax,Arts & culture,profile-live,Hosted profile,Online profile,https://www.exploreraton.com/history,False,ok,200,False,False,False
yellowpages-lead-b-t-u-block-concrete-raton-colfax,B T U-- Block & Concrete Inc--,Raton,Colfax,Local business or service,profile-live,Hosted profile,Online profile,https://www.yellowpages.com/raton-nm/business-listings/1,False,ok,200,False,False,False
travel-guide-bachman-and-associates-entry-huerfano,Bachman & associates,,Huerfano,Professional services,direct-live,Direct website,Connect online,https://www.chamber.huerfano.org/bachman-and-associates,True,ok,200,False,False,False
bachman-associates-real-estate-huerfano-professional-services-real-estat,Bachman & Associates Real Estate,La Veta,Huerfano,Professional services,contact-only,Contact only,No direct website listed,,False,,,False,True,True
travel-guide-baird-s-woodshop-eagle-nest-colfax,Baird's Woodshop,Eagle Nest,Colfax,"Home, land & contracting",profile-live,Hosted profile,Online profile,https://www.eaglenest.org/water_waste_water/businessdirectory,False,ok,200,False,True,True
bank-of-america-colfax-banking,Bank of America,Raton,Colfax,Professional services,contact-only,Contact only,No direct website listed,,False,,,False,True,False
yellowpages-lead-banks-starling-holdings-raton-colfax,Banks & Starling Holdings,Raton,Colfax,Local business or service,profile-live,Hosted profile,Online profile,https://www.yellowpages.com/raton-nm/business-listings/1,False,ok,200,False,False,False
yellowpages-lead-barwick-s-flooring-store-angel-fire-colfax,Barwick's Flooring Store,Angel Fire,Colfax,Local business or service,profile-live,Hosted profile,Online profile,https://www.yellowpages.com/angel-fire-nm/business-listings/1,False,ok,200,False,False,False
yellowpages-lead-baudino-s-market-walsenburg-huerfano,Baudino's Market,Walsenburg,Huerfano,Retail & local goods,profile-live,Hosted profile,Online profile,https://www.yellowpages.com/walsenburg-co/business-listings/1,False,ok,200,False,False,False
yellowpages-lead-bealls-department-store-trinidad-las-animas,Bealls Department Store,Trinidad,Las Animas,Local business or service,profile-live,Hosted profile,Online profile,https://www.yellowpages.com/trinidad-co/business-listings/1,False,ok,200,False,False,False
yellowpages-lead-bella-luna-pizzeria-trinidad-las-animas,Bella Luna Pizzeria,Trinidad,Las Animas,Local business or service,profile-live,Hosted profile,Online profile,https://www.yellowpages.com/trinidad-co/business-listings/1,False,ok,200,False,False,False
travel-guide-bent-s-old-fort-national-historic-site-trinidad-las-animas,Bent's Old Fort National Historic Site,Trinidad,Las Animas,Local business or service,profile-live,Hosted profile,Online profile,https://www.coloradodirectory.com/nationalparks/bentsfort.html,False,ok,200,False,False,False
yellowpages-lead-best-friends-grooming-shop-walsenburg-huerfano,Best Friends Grooming Shop,Walsenburg,Huerfano,Retail & local goods,profile-live,Hosted profile,Online profile,https://www.yellowpages.com/walsenburg-co/business-listings/1,False,ok,200,False,False,False
best-western-plus-raton-hotel-colfax-lodging,Best Western Plus Raton Hotel,Raton,Colfax,Lodging & stays,contact-only,Contact only,No direct website listed,,False,,,False,True,True
travel-guide-best-western-rambler-walsenburg-huerfano,Best Western Rambler,Walsenburg,Huerfano,Lodging & stays,direct-unconfirmed,Direct website,Website link,https://www.bestwestern.com/en_US/book/hotels-in-walsenburg/best-western-rambler/propertyCode.06038.html,False,access_blocked,403,False,False,True
yellowpages-lead-best-western-rambler-motel-walsenburg-huerfano,Best Western Rambler Motel,Walsenburg,Huerfano,Lodging & stays,profile-live,Hosted profile,Online profile,https://www.yellowpages.com/walsenburg-co/business-listings/1,False,ok,200,False,False,False
yellowpages-lead-bestcare-pharmacy-angel-fire-colfax,Bestcare Pharmacy,Angel Fire,Colfax,Health & wellness,profile-live,Hosted profile,Online profile,https://www.yellowpages.com/angel-fire-nm/business-listings/1,False,ok,200,False,False,False
beth-evans-shalawalla-studio-and-gallery-huerfano-batik-artist,Beth Evans / Shalawalla Studio & Gallery,La Veta,Huerfano,Arts & culture,profile-live,Hosted profile,Online profile,https://www.lavetacreativedistrict.org/artists,False,ok,200,False,False,False
between-the-knotted-lines-huerfano-fiber-textile-vendor,Between the Knotted Lines,Walsenburg,Huerfano,Arts & culture,profile-live,Hosted profile,Online profile,https://www.walsenburgmercantile.com/meet-our-vendors,False,ok,200,False,False,True
yellowpages-lead-big-o-tires-trinidad-las-animas,Big O Tires,Trinidad,Las Animas,Local business or service,profile-live,Hosted profile,Online profile,https://www.yellowpages.com/trinidad-co/business-listings/1,False,ok,200,False,False,False
yellowpages-lead-big-pine-realty-trinidad-las-animas,Big Pine Realty,Trinidad,Las Animas,Professional services,profile-live,Hosted profile,Online profile,https://www.yellowpages.com/trinidad-co/business-listings/1,False,ok,200,False,False,False
travel-guide-big-r-la-veta-huerfano,Big R,La Veta,Huerfano,Retail & local goods,direct-unconfirmed,Direct website,Website link,https://bigronline.com/locations/,False,access_blocked,403,False,False,True
travel-guide-big-r-trinidad-las-animas,Big R,Trinidad,Las Animas,Arts & culture,profile-unconfirmed,Hosted profile,Listing link,https://visittrinidadcolorado.com/shop/,False,access_blocked,403,False,False,False
big-r-la-veta-huerfano-retail-farm-ranch,Big R La Veta,La Veta,Huerfano,Retail & local goods,contact-only,Contact only,No direct website listed,,False,,,False,True,True
travel-guide-big-river-raft-trips-angel-fire-colfax,Big River Raft Trips,Angel Fire,Colfax,Tourism & visitor info,direct-live,Direct website,Connect online,https://bigriverrafts.com/,False,ok,200,False,False,True
travel-guide-birco-rv-parts-and-services-at-dakota-campground-walsenburg-huerfano,BIRCO RV Parts and Services at Dakota Campground,Walsenburg,Huerfano,Lodging & stays,profile-live,Hosted profile,Online profile,https://www.coloradodirectory.com/dakotacamp,False,ok,200,False,False,False
travel-guide-birding-and-wildlife-viewing-trinidad-las-animas,Birding & Wildlife Viewing,Trinidad,Las Animas,Outdoor recreation,profile-unconfirmed,Hosted profile,Listing link,https://visittrinidadcolorado.com/outdoor-recreation/,False,access_blocked,403,False,False,False
travel-guide-bishop-castle-entry-huerfano,Bishop Castle,,Huerfano,Local business or service,profile-live,Hosted profile,Online profile,https://spanishpeakscountry.com/attractions/,False,ok,200,False,False,False
yellowpages-lead-black-hills-corporation-walsenburg-huerfano,Black Hills Corporation,Walsenburg,Huerfano,Local business or service,profile-live,Hosted profile,Online profile,https://www.yellowpages.com/walsenburg-co/business-listings/1,False,ok,200,False,False,False
yellowpages-lead-bloom-house-trinidad-las-animas,Bloom House,Trinidad,Las Animas,Local business or service,profile-live,Hosted profile,Online profile,https://www.yellowpages.com/trinidad-co/business-listings/1,False,ok,200,False,False,False
travel-guide-blu-dragonfly-brewing-raton-colfax,Blu Dragonfly Brewing,Raton,Colfax,Food & drink,profile-live,Hosted profile,Online profile,https://www.facebook.com/bludragonflybrewing/,False,ok,200,False,False,False
travel-guide-blue-dawg-furnishings-angel-fire-colfax,Blue Dawg Furnishings,Angel Fire,Colfax,Retail & local goods,profile-unconfirmed,Hosted profile,Listing link,https://visitangelfirenm.com/listing/blue-dawg-furnishings/,False,access_blocked,403,False,False,True
yellowpages-lead-blue-diamond-builders-trinidad-las-animas,Blue Diamond Builders Inc,Trinidad,Las Animas,Local business or service,profile-live,Hosted profile,Online profile,https://www.yellowpages.com/trinidad-co/business-listings/1,False,ok,200,False,False,False
blue-hemp-honey-huerfano-local-food-product-maker-vendor,Blue Hemp Honey,Walsenburg,Huerfano,Arts & culture,profile-live,Hosted profile,Online profile,https://www.walsenburgmercantile.com/meet-our-vendors,False,ok,200,False,False,True
yellowpages-lead-blue-mountain-real-estate-angel-fire-colfax,Blue Mountain Real Estate,Angel Fire,Colfax,Professional services,profile-live,Hosted profile,Online profile,https://www.yellowpages.com/angel-fire-nm/business-listings/1,False,ok,200,False,False,False
yellowpages-lead-blue-persuasion-by-crystal-raton-colfax,BLUE PERSUASION by Crystal,Raton,Colfax,Local business or service,profile-live,Hosted profile,Online profile,https://www.yellowpages.com/raton-nm/business-listings/1,False,ok,200,False,False,False
travel-guide-bluebird-mountain-sports-ski-tech-angel-fire-colfax,Bluebird Mountain Sports (Ski Tech),Angel Fire,Colfax,Retail & local goods,profile-unconfirmed,Hosted profile,Listing link,https://visitangelfirenm.com/listing/ski-tech-bluebird-mountain-sports/,False,access_blocked,403,False,False,True
yellowpages-lead-bnsf-railway-company-trinidad-las-animas,BNSF Railway Company,Trinidad,Las Animas,Local business or service,profile-live,Hosted profile,Online profile,https://www.yellowpages.com/trinidad-co/business-listings/1,False,ok,200,False,False,False
bob-earl-s-las-animas-restaurant,Bob & Earl's,Trinidad,Las Animas,Food & drink,profile-unconfirmed,Hosted profile,Listing link,https://visittrinidadcolorado.com/dine/,False,access_blocked,403,False,True,True
yellowpages-lead-bob-earl-s-cafe-trinidad-las-animas,Bob & Earl's Cafe,Trinidad,Las Animas,Food & drink,profile-live,Hosted profile,Online profile,https://www.yellowpages.com/trinidad-co/business-listings/1,False,ok,200,False,False,False
bob-bader-custom-wood-products-huerfano-woodworking-maker-vendor,Bob Bader Custom Wood Products,Walsenburg,Huerfano,Arts & culture,profile-live,Hosted profile,Online profile,https://www.walsenburgmercantile.com/meet-our-vendors,False,ok,200,False,False,True
yellowpages-lead-bob-s-yard-angel-fire-colfax,Bob's Yard,Angel Fire,Colfax,Local business or service,profile-live,Hosted profile,Online profile,https://www.yellowpages.com/angel-fire-nm/business-listings/1,False,ok,200,False,False,False
travel-guide-bobcat-pass-wilderness-adventures-angel-fire-colfax,Bobcat Pass Wilderness Adventures,Angel Fire,Colfax,Outdoor recreation,profile-live,Hosted profile,Online profile,https://angelfirechamber.org/business/bobcat-pass-wilderness-adventures/,False,ok,200,False,False,False
yellowpages-lead-bogg-s-machine-supply-raton-colfax,Bogg's Machine & Supply,Raton,Colfax,Local business or service,profile-live,Hosted profile,Online profile,https://www.yellowpages.com/raton-nm/business-listings/1,False,ok,200,False,False,False
yellowpages-lead-bombshells-salon-boutique-trinidad-las-animas,Bombshells Salon & Boutique,Trinidad,Las Animas,Retail & local goods,profile-live,Hosted profile,Online profile,https://www.yellowpages.com/trinidad-co/business-listings/1,False,ok,200,False,False,False
boncarbo-las-animas-local listing-sparse-nodes,Boncarbo,Boncarbo,Las Animas,Nonprofit & community,no-online-link,No online link,No online link listed,,False,,,False,False,False
yellowpages-lead-bond-electric-angel-fire-colfax,Bond Electric Inc.,Angel Fire,Colfax,"Home, land & contracting",profile-live,Hosted profile,Online profile,https://www.yellowpages.com/angel-fire-nm/business-listings/1,False,ok,200,False,False,False
yellowpages-lead-bonnee-s-unisex-styling-salon-raton-colfax,Bonnee's Unisex Styling Salon,Raton,Colfax,Health & wellness,profile-live,Hosted profile,Online profile,https://www.yellowpages.com/raton-nm/business-listings/1,False,ok,200,False,False,False
book-nook-huerfano-retail,Book Nook,La Veta,Huerfano,Retail & local goods,contact-only,Contact only,No direct website listed,,False,,,False,True,True
travel-guide-books-and-more-trinidad-las-animas,Books & More Used Bookstore,Trinidad,Las Animas,Education & learning,direct-live,Direct website,Connect online,https://carnegiepubliclibrary.org/about-us/friends-of-the-library/,False,ok,200,False,True,True
boom-noodles-las-animas-restaurant,Boom Noodles,Trinidad,Las Animas,Food & drink,contact-only,Contact only,No direct website listed,,False,,,False,True,True
travel-guide-boom-noodles-food-court-at-marketplace-trinidad-las-animas,Boom Noodles (Food Court at the Marketplace),Trinidad,Las Animas,Food & drink,profile-unconfirmed,Hosted profile,Listing link,https://visittrinidadcolorado.com/dine/,False,access_blocked,403,False,False,False
boonelicious-llc-huerfano-food-local-treat-vendor,Boonelicious LLC,Walsenburg,Huerfano,Food & drink,profile-live,Hosted profile,Online profile,https://www.walsenburgmercantile.com/meet-our-vendors,False,ok,200,False,False,True
borrowed-blooms-huerfano-floral-local-goods-vendor,Borrowed Blooms,Walsenburg,Huerfano,Arts & culture,profile-live,Hosted profile,Online profile,https://www.walsenburgmercantile.com/meet-our-vendors,False,ok,200,False,False,True
yellowpages-lead-borrowed-blooms-floral-walsenburg-huerfano,Borrowed Blooms Floral,Walsenburg,Huerfano,Local business or service,profile-live,Hosted profile,Online profile,https://www.yellowpages.com/walsenburg-co/business-listings/1,False,ok,200,False,False,False
botanical-creations-huerfano-botanical-goods-maker-vendor,Botanical Creations,Walsenburg,Huerfano,Arts & culture,profile-live,Hosted profile,Online profile,https://www.walsenburgmercantile.com/meet-our-vendors,False,ok,200,False,False,True
branson-bike-club-branson-hi-lo-gravel-grinder-las-animas-recreation-eve,Branson Bike Club / Branson Hi-Lo Gravel Grinder,Aguilar,Las Animas,Events & venues,no-online-link,No online link,No online link listed,,False,,,False,False,False
branson-community-church-las-animas-faith-community,Branson Community Church,Aguilar,Las Animas,Nonprofit & community,no-online-link,No online link,No online link listed,,False,,,False,False,False
branson-school-branson-school-online-las-animas-education,Branson School / Branson School Online,Aguilar,Las Animas,Education & learning,direct-live,Direct website,Connect online,https://bransonschoolonline.com,False,ok,200,False,False,False
branson-trinchera-reunion-las-animas-community-event,Branson-Trinchera Reunion,Aguilar,Las Animas,Events & venues,no-online-link,No online link,No online link listed,,False,,,False,False,False
travel-guide-brenda-johnson-s-property-management-angel-fire-colfax,Brenda Johnson's Property Management,Angel Fire,Colfax,Lodging & stays,profile-live,Hosted profile,Online profile,https://angelfirechamber.org/business/brenda-johnsons-property-management/,False,ok,200,False,False,False
brick-city-tattoo-las-animas-tattoo-studio,Brick City Tattoo,Trinidad,Las Animas,Arts & culture,profile-live,Hosted profile,Online profile,https://www.facebook.com/Brickcitytattooparlor/,False,ok,200,False,True,True
brick-road-bakery-las-animas-bakery-cafe,Brick Road Bakery,Trinidad,Las Animas,Food & drink,profile-unconfirmed,Hosted profile,Listing link,https://visittrinidadcolorado.com/dine/,False,access_blocked,403,False,True,True
yellowpages-lead-brix-trinidad-las-animas,Brix,Trinidad,Las Animas,Local business or service,profile-live,Hosted profile,Online profile,https://www.yellowpages.com/trinidad-co/business-listings/1,False,ok,200,False,False,False
brodsky-bookkeeping-colfax-professional-services,Brodsky Bookkeeping,Angel Fire,Colfax,Professional services,direct-live,Direct website,Connect online,https://www.brodskybookkeeping.com/,True,ok,200,True,True,False
yellowpages-lead-broken-arrow-bar-restaurant-springer-colfax,Broken Arrow Bar & Restaurant,Springer,Colfax,Food & drink,profile-live,Hosted profile,Online profile,https://www.yellowpages.com/springer-nm,False,ok,200,False,False,False
brown-hotel-cafe-colfax-lodging-food,Brown Hotel & Cafe,Springer,Colfax,Lodging & stays,no-online-link,No online link,No online link listed,,False,,,False,False,False
bruno-s-pizza-wings-colfax-food-beverage,Bruno's Pizza & Wings,Raton,Colfax,Food & drink,direct-live,Direct website,Connect online,http://www.brunospizzaraton.com/,True,ok,200,False,True,True
travel-guide-bud-hut-walsenburg-huerfano,Bud Hut,Walsenburg,Huerfano,Retail & local goods,direct-live,Direct website,Connect online,https://www.budhutinc.com/,True,ok,200,False,False,True
yellowpages-lead-budget-host-raton-colfax,Budget Host,Raton,Colfax,Local business or service,profile-live,Hosted profile,Online profile,https://www.yellowpages.com/raton-nm/business-listings/1,False,ok,200,False,False,False
yellowpages-lead-budget-host-walsenburg-huerfano,Budget Host,Walsenburg,Huerfano,Local business or service,profile-live,Hosted profile,Online profile,https://www.yellowpages.com/walsenburg-co/business-listings/1,False,ok,200,False,False,False
budget-host-summit-rv-park-las-animas-motel-rv-park,Budget Host & Summit RV Park,Trinidad,Las Animas,Lodging & stays,profile-unconfirmed,Hosted profile,Listing link,https://visittrinidadcolorado.com/stay/,False,access_blocked,403,False,True,True
travel-guide-buffalo-chip-raton-colfax,Buffalo Chip,Raton,Colfax,Retail & local goods,profile-live,Hosted profile,Online profile,https://www.facebook.com/HighCountryMeatsNM/,False,ok,200,False,False,False
yellowpages-lead-burger-king-trinidad-las-animas,Burger King,Trinidad,Las Animas,Local business or service,profile-live,Hosted profile,Online profile,https://www.yellowpages.com/trinidad-co/business-listings/1,False,ok,200,False,False,False
yellowpages-lead-butte-valley-construction-walsenburg-huerfano,Butte Valley Construction,Walsenburg,Huerfano,"Home, land & contracting",profile-live,Hosted profile,Online profile,https://www.yellowpages.com/walsenburg-co/business-listings/1,False,ok,200,False,False,False
c-cubed-training-huerfano-education-nonprofit,C Cubed Training,Walsenburg,Huerfano,Education & learning,direct-live,Direct website,Connect online,https://www.ccubedtraining.com/,False,ok,200,True,True,True
yellowpages-lead-c-s-garden-supply-walsenburg-huerfano,C S Garden Supply,Walsenburg,Huerfano,"Home, land & contracting",profile-live,Hosted profile,Online profile,https://www.yellowpages.com/walsenburg-co/business-listings/1,False,ok,200,False,False,False
travel-guide-c1b-true-organics-walsenburg-huerfano,C1B True Organics,Walsenburg,Huerfano,Retail & local goods,direct-unconfirmed,Direct website,Website link,https://c1btrueorganics.com/,False,network_error,,False,False,True
travel-guide-cabin-comforts-angel-fire-colfax,Cabin Comforts,Angel Fire,Colfax,Local business or service,profile-unconfirmed,Hosted profile,Listing link,https://visitangelfirenm.com/listing/cabin-comforts/,False,access_blocked,403,False,False,True
yellowpages-lead-calamity-jane-s-eagle-nest-colfax,Calamity Jane's,Eagle Nest,Colfax,Local business or service,profile-live,Hosted profile,Online profile,https://www.yellowpages.com/eagle-nest-nm,False,ok,200,False,False,False
yellowpages-lead-caldwell-johnny-springer-colfax,Caldwell Johnny,Springer,Colfax,Local business or service,profile-live,Hosted profile,Online profile,https://www.yellowpages.com/springer-nm,False,ok,200,False,False,False
call-yourself-creative-certified-district-partners-regional-regional-creative-district,Call Yourself Creative Certified District Partners,Regional,Regional,Arts & culture,direct-live,Direct website,Connect online,https://callyourselfcreative.org/partners,True,ok,200,False,False,False
travel-guide-canna-city-walsenburg-huerfano,Canna City,Walsenburg,Huerfano,Retail & local goods,direct-unconfirmed,Direct website,Website link,https://www.cannacity.us/home,False,network_error,,False,False,True
travel-guide-cannaco-walsenburg-huerfano,Cannaco,Walsenburg,Huerfano,Retail & local goods,profile-live,Hosted profile,Online profile,https://spanishpeakscountry.com/business-directory/listing/cannaco,False,ok,200,False,True,True
capo-s-colfax-food-beverage,Capo's,,Colfax,Food & drink,no-online-link,No online link,No online link listed,,False,,,False,False,False
capture-colorado-huerfano-arts-culture,Capture Colorado,La Veta,Huerfano,Arts & culture,contact-only,Contact only,No direct website listed,,False,,,False,True,True
travel-guide-capulin-camp-and-rv-park-angel-fire-colfax,Capulin Camp & RV Park,Angel Fire,Colfax,Lodging & stays,profile-unconfirmed,Hosted profile,Listing link,https://visitangelfirenm.com/listing/capulin-camp-rv-park/,False,access_blocked,403,False,False,True
travel-guide-capulin-volcano-national-monument-raton-colfax,Capulin Volcano National Monument,Raton,Colfax,Outdoor recreation,profile-live,Hosted profile,Online profile,https://www.newmexico.org/listing/capulin-volcano-national-monument/2548/,False,ok,200,False,False,False
yellowpages-lead-career-building-academy-walsenburg-huerfano,Career Building Academy,Walsenburg,Huerfano,Local business or service,profile-live,Hosted profile,Online profile,https://www.yellowpages.com/walsenburg-co/business-listings/1,False,ok,200,False,False,False
yellowpages-lead-careeronestop-walsenburg-huerfano,CareerOneStop,Walsenburg,Huerfano,Local business or service,profile-live,Hosted profile,Online profile,https://www.yellowpages.com/walsenburg-co/business-listings/1,False,ok,200,False,False,False
carl-swanson-gallery-colfax-painter-gallery,Carl Swanson Gallery,Raton,Colfax,Arts & culture,direct-unconfirmed,Direct website,Website link,https://carlswansongallery.com,False,network_error,,False,False,True
yellowpages-lead-carl-s-jr-walsenburg-huerfano,Carl's Jr.,Walsenburg,Huerfano,Local business or service,profile-live,Hosted profile,Online profile,https://www.yellowpages.com/walsenburg-co/business-listings/1,False,ok,200,False,False,False
travel-guide-carries-honey-and-more-raton-colfax,Carries Honey & More,Raton,Colfax,Retail & local goods,profile-live,Hosted profile,Online profile,https://www.facebook.com/p/Carries-Honey-More-Store-100029668246956/,False,ok,200,False,False,False
travel-guide-casa-de-artesanias-angel-fire-colfax,Casa de Artesanias,Angel Fire,Colfax,Retail & local goods,profile-live,Hosted profile,Online profile,https://angelfirechamber.org/business/category/gift-shops/,False,ok,200,False,False,False
casa-de-pajaros-huerfano-retail,Casa de Pajaros,La Veta,Huerfano,Retail & local goods,profile-live,Hosted profile,Online profile,https://www.spanishpeakscountry.com/,False,redirect,200,False,True,True
casa-del-gavilan-historic-inn-colfax-lodging,Casa del Gavilan Historic Inn,Cimarron,Colfax,Lodging & stays,direct-live,Direct website,Connect online,https://casadelgavilan.com,True,ok,200,True,True,False
travel-guide-casa-lemus-restaurant-raton-colfax,Casa Lemus Restaurant,Raton,Colfax,Food & drink,direct-live,Direct website,Connect online,https://www.casalemus.com/,True,ok,200,False,False,False
yellowpages-lead-casa-village-apartments-trinidad-las-animas,Casa Village Apartments,Trinidad,Las Animas,Public offices,profile-live,Hosted profile,Online profile,https://www.yellowpages.com/trinidad-co/business-listings/1,False,ok,200,False,False,False
yellowpages-lead-cat-scale-walsenburg-huerfano,CAT Scale,Walsenburg,Huerfano,Local business or service,profile-live,Hosted profile,Online profile,https://www.yellowpages.com/walsenburg-co/business-listings/1,False,ok,200,False,False,False
cathryn-gladyshev-huerfano-painting-independent-artist,Cathryn Gladyshev,La Veta,Huerfano,Arts & culture,profile-live,Hosted profile,Online profile,https://www.lavetacreativedistrict.org/artists,False,ok,200,False,False,False
cathy-fowler-huerfano-sculpture-independent-artist,Cathy Fowler,La Veta,Huerfano,Arts & culture,profile-live,Hosted profile,Online profile,https://www.lavetacreativedistrict.org/artists,False,ok,200,False,False,False
cawthon-rv-park-motel-las-animas-motel-rv-park,Cawthon RV Park & Motel,Trinidad,Las Animas,Lodging & stays,direct-unconfirmed,Direct website,Website link,https://cawthonpark.com,False,tls_error,,False,True,True
yellowpages-lead-cedar-rail-rv-park-campground-raton-colfax,Cedar Rail RV Park & Campground,Raton,Colfax,Lodging & stays,profile-live,Hosted profile,Online profile,https://www.yellowpages.com/raton-nm/business-listings/1,False,ok,200,False,False,False
yellowpages-lead-cedar-street-printing-trinidad-las-animas,Cedar Street Printing,Trinidad,Las Animas,Local business or service,profile-live,Hosted profile,Online profile,https://www.yellowpages.com/trinidad-co/business-listings/1,False,ok,200,False,False,False
centennial-cuts-huerfano-local-food-maker-vendor,Centennial Cuts,Walsenburg,Huerfano,Arts & culture,profile-live,Hosted profile,Online profile,https://www.walsenburgmercantile.com/meet-our-vendors,False,ok,200,False,False,True
centennial-jewelry-huerfano-jewelry-vendor,Centennial Jewelry,Walsenburg,Huerfano,Arts & culture,profile-live,Hosted profile,Online profile,https://www.walsenburgmercantile.com/meet-our-vendors,False,ok,200,False,False,True
center-for-community-innovation-colfax-entrepreneurship-and-digital-skil,Center for Community Innovation,Raton,Colfax,Business support,contact-only,Contact only,No direct website listed,,False,,,True,True,True
center-for-community-innovation-regional-training-technical-assistance,Center for Community Innovation,Regional,Regional,Business support,no-online-link,No online link,No online link listed,,False,,,False,False,False
chae-organics-huerfano-body-care-local-goods-vendor,Chae Organics,Walsenburg,Huerfano,Arts & culture,profile-live,Hosted profile,Online profile,https://www.walsenburgmercantile.com/meet-our-vendors,False,ok,200,False,False,True
charlie-s-market-huerfano-retail-grocery,Charlie's Market,La Veta,Huerfano,Retail & local goods,direct-unconfirmed,Direct website,Website link,https://charlies-market.com/,False,tls_error,,False,True,True
yellowpages-lead-chef-liu-s-chinese-restaurant-trinidad-las-animas,Chef Liu's Chinese Restaurant,Trinidad,Las Animas,Food & drink,profile-live,Hosted profile,Online profile,https://www.yellowpages.com/trinidad-co/business-listings/1,False,ok,200,False,False,False
yellowpages-lead-chelsie-s-wings-burgers-sprts-walsenburg-huerfano,Chelsie's Wings Burgers-SPRTS,Walsenburg,Huerfano,Local business or service,profile-live,Hosted profile,Online profile,https://www.yellowpages.com/walsenburg-co/business-listings/1,False,ok,200,False,False,False
yellowpages-lead-chevron-raton-colfax,Chevron,Raton,Colfax,Local business or service,profile-live,Hosted profile,Online profile,https://www.yellowpages.com/raton-nm/business-listings/1,False,ok,200,False,False,False
yellowpages-lead-china-garden-restaurant-raton-colfax,China Garden Restaurant,Raton,Colfax,Food & drink,profile-live,Hosted profile,Online profile,https://www.yellowpages.com/raton-nm/business-listings/1,False,ok,200,False,False,False
travel-guide-chisum-group-berkshire-hathaway-homeservices-angel-fire-colfax,Chisum Group | Berkshire Hathaway HomeServices,Angel Fire,Colfax,Local business or service,profile-unconfirmed,Hosted profile,Listing link,https://visitangelfirenm.com/listing/chisum-group-berkshire-hathaway-homeservices-angel-fire-real-estate/,False,access_blocked,403,False,False,True
chollafire-huerfano-local-maker-vendor,Chollafire,Walsenburg,Huerfano,Arts & culture,profile-live,Hosted profile,Online profile,https://www.walsenburgmercantile.com/meet-our-vendors,False,ok,200,False,False,True
yellowpages-lead-chris-s-plumbing-angel-fire-colfax,Chris's Plumbing,Angel Fire,Colfax,"Home, land & contracting",profile-live,Hosted profile,Online profile,https://www.yellowpages.com/angel-fire-nm/business-listings/1,False,ok,200,False,False,False
yellowpages-lead-christine-lopez-md-raton-colfax,"Christine Lopez, MD",Raton,Colfax,Local business or service,profile-live,Hosted profile,Online profile,https://www.yellowpages.com/raton-nm/business-listings/1,False,ok,200,False,False,False
yellowpages-lead-church-of-nazarene-trinidad-las-animas,Church of the Nazarene,Trinidad,Las Animas,Nonprofit & community,profile-live,Hosted profile,Online profile,https://www.yellowpages.com/trinidad-co/business-listings/1,False,ok,200,False,False,False
chuy-s-auto-repair-cunico-automotive-colfax-records-needing-manual-verif,Chuy's Auto Repair / Cunico Automotive,Raton,Colfax,Auto & transportation,no-online-link,No online link,No online link listed,,False,,,False,False,False
travel-guide-cimarron-canyon-state-park-angel-fire-colfax,Cimarron Canyon State Park,Angel Fire,Colfax,Outdoor recreation,profile-unconfirmed,Hosted profile,Listing link,https://visitangelfirenm.com/listing/cimarron-canyon-state-park/,False,access_blocked,403,False,False,True
yellowpages-lead-cimarron-high-school-cimarron-colfax,Cimarron High School,Cimarron,Colfax,Education & learning,profile-live,Hosted profile,Online profile,https://www.yellowpages.com/cimarron-nm,False,ok,200,False,False,False
yellowpages-lead-cimarron-mercantile-cimarron-colfax,Cimarron Mercantile,Cimarron,Colfax,Retail & local goods,profile-live,Hosted profile,Online profile,https://www.yellowpages.com/cimarron-nm,False,ok,200,False,False,False
yellowpages-lead-cimarron-municipal-court-cimarron-colfax,Cimarron Municipal Court,Cimarron,Colfax,Public offices,profile-live,Hosted profile,Online profile,https://www.yellowpages.com/cimarron-nm,False,ok,200,False,False,False
yellowpages-lead-cimarron-police-department-cimarron-colfax,Cimarron Police Department,Cimarron,Colfax,Local business or service,profile-live,Hosted profile,Online profile,https://www.yellowpages.com/cimarron-nm,False,ok,200,False,False,False
city-halls-courthouses-post-offices-visitor-centers-regional-bulletin-bo,"City halls, courthouses, post offices, visitor centers",Regional,Regional,Nonprofit & community,no-online-link,No online link,No online link listed,,False,,,False,False,False
city-of-raton-colfax-first-call-outreach-contacts,City of Raton,Raton,Colfax,Public offices,profile-live,Hosted profile,Online profile,https://ratonnm.gov,False,ok,200,False,True,False
city-of-raton-arts-page-raton-colfax-municipal-arts-page-and-related-arts-links,City of Raton Arts Page,Raton,Colfax,Arts & culture,profile-live,Hosted profile,Online profile,https://www.ratonnm.gov/community/arts/index.php,False,ok,200,False,False,False
yellowpages-lead-city-of-trinidad-trinidad-las-animas,City of Trinidad,Trinidad,Las Animas,Public offices,profile-live,Hosted profile,Online profile,https://www.yellowpages.com/trinidad-co/business-listings/1,False,ok,200,False,False,False
city-of-trinidad-grants-page-las-animas,City of Trinidad Grants Page,Trinidad,Las Animas,Funding & support,profile-live,Hosted profile,Online profile,https://www.trinidad.co.gov/services/grants.php,False,ok,200,False,False,False
city-of-walsenburg-huerfano-government,City of Walsenburg,Walsenburg,Huerfano,Public offices,direct-unconfirmed,Direct website,Website link,https://cityofwalsenburg.colorado.gov,False,access_blocked,403,False,False,False
yellowpages-lead-classic-cuts-trinidad-las-animas,Classic Cuts,Trinidad,Las Animas,Local business or service,profile-live,Hosted profile,Online profile,https://www.yellowpages.com/trinidad-co/business-listings/1,False,ok,200,False,False,False
travel-guide-clean-af-angel-fire-colfax,Clean AF LLC,Angel Fire,Colfax,Local business or service,profile-unconfirmed,Hosted profile,Listing link,https://visitangelfirenm.com/listing/clean-af-llc/,False,access_blocked,403,False,False,True
yellowpages-lead-clo-german-sherpard-raton-colfax,Clo German Sherpard,Raton,Colfax,Local business or service,profile-live,Hosted profile,Online profile,https://www.yellowpages.com/raton-nm/business-listings/1,False,ok,200,False,False,False
travel-guide-coach-john-gagliardi-sports-complex-and-trinidad-community-center-trinidad-las-animas,Coach John Gagliardi Sports Complex & Trinidad Community Center,Trinidad,Las Animas,Nonprofit & community,profile-unconfirmed,Hosted profile,Listing link,https://visittrinidadcolorado.com/more-fun/,False,access_blocked,403,False,False,False
yellowpages-lead-coatney-michael-w-do-trinidad-las-animas,"Coatney, Michael W, DO",Trinidad,Las Animas,Local business or service,profile-live,Hosted profile,Online profile,https://www.yellowpages.com/trinidad-co/business-listings/1,False,ok,200,False,False,False
code-of-the-west-real-estate-huerfano-professional-services-real-estate,Code of the West Real Estate,La Veta,Huerfano,Professional services,contact-only,Contact only,No direct website listed,,False,,,False,True,True
travel-guide-coin-dancer-antiques-trinidad-las-animas,Coin Dancer Antiques,Trinidad,Las Animas,Arts & culture,profile-unconfirmed,Hosted profile,Listing link,https://visittrinidadcolorado.com/shop/,False,access_blocked,403,False,False,False
yellowpages-lead-coinstar-angel-fire-colfax,Coinstar,Angel Fire,Colfax,Local business or service,profile-live,Hosted profile,Online profile,https://www.yellowpages.com/angel-fire-nm/business-listings/1,False,ok,200,False,False,False
cokedale-mining-museum-town-hall-post-office-complex-las-animas-museum-g,Cokedale Mining Museum / Town Hall / Post Office complex,Aguilar,Las Animas,Arts & culture,no-online-link,No online link,No online link listed,,False,,,False,False,False
travel-guide-coldwell-banker-mountain-properties-angel-fire-colfax,Coldwell Banker Mountain Properties,Angel Fire,Colfax,Local business or service,profile-unconfirmed,Hosted profile,Listing link,https://visitangelfirenm.com/listing/coldwell-banker-mountain-properties/,False,access_blocked,403,False,False,True
colfax-ale-cellar-colfax-food-beverage,Colfax Ale Cellar,Raton,Colfax,Food & drink,direct-live,Direct website,Connect online,https://colfaxalecellar.com/,True,ok,200,False,True,True
colfax-cannabis-company-colfax-retail,Colfax Cannabis Company,Raton,Colfax,Retail & local goods,contact-only,Contact only,No direct website listed,,False,,,False,True,True
colfax-county-colfax-events-seasonal-programs,Colfax County (NM),Raton,Colfax,Public offices,profile-live,Hosted profile,Online profile,https://www.ratonnm.gov,False,ok,200,False,False,False
colfax-county-raton-colfax-social-media-digital-presence,Colfax County / Raton,Raton,Colfax,Media & news,profile-live,Hosted profile,Online profile,https://www.ratonnm.gov,False,ok,200,False,False,False
yellowpages-lead-colfax-county-detention-center-raton-colfax,Colfax County Detention Center,Raton,Colfax,Public offices,profile-live,Hosted profile,Online profile,https://www.yellowpages.com/raton-nm/business-listings/1,False,ok,200,False,False,False
yellowpages-lead-colfax-county-district-judge-raton-colfax,Colfax County District Judge,Raton,Colfax,Public offices,profile-live,Hosted profile,Online profile,https://www.yellowpages.com/raton-nm/business-listings/1,False,ok,200,False,False,False
yellowpages-lead-colfax-county-juvenile-probation-raton-colfax,Colfax County Juvenile Probation,Raton,Colfax,Public offices,profile-live,Hosted profile,Online profile,https://www.yellowpages.com/raton-nm/business-listings/1,False,ok,200,False,False,False
colfax-county-nm-raton-springer-angel-fire-cimarron-eagle-nest-maxwell-u,"Colfax County, NM Raton, Springer, Angel Fire, Cimarron, Eagle Nest, Maxwell & Ute Park",Raton,Colfax,Public offices,profile-live,Hosted profile,Online profile,https://ratonnm.gov,False,ok,200,False,False,False
yellowpages-lead-colfax-metal-works-raton-colfax,Colfax Metal Works,Raton,Colfax,Local business or service,profile-live,Hosted profile,Online profile,https://www.yellowpages.com/raton-nm/business-listings/1,False,ok,200,False,False,False
travel-guide-colfax-tavern-and-diner-raton-colfax,Colfax Tavern & Diner,Raton,Colfax,Food & drink,profile-live,Hosted profile,Online profile,https://www.facebook.com/coldbeernewmexico/,False,ok,200,False,False,False
yellowpages-lead-collectors-corner-walsenburg-huerfano,Collectors Corner,Walsenburg,Huerfano,Local business or service,profile-live,Hosted profile,Online profile,https://www.yellowpages.com/walsenburg-co/business-listings/1,False,ok,200,False,False,False
yellowpages-lead-colorado-cdl-training-school-trinidad-las-animas,Colorado CDL Training School,Trinidad,Las Animas,Business support,profile-live,Hosted profile,Online profile,https://www.yellowpages.com/trinidad-co/business-listings/1,False,ok,200,False,False,False
colorado-creative-districts-regional-regional-certified-creative-district-directory-an,Colorado Creative Districts,Regional,Regional,Arts & culture,direct-unconfirmed,Direct website,Website link,https://oedit.colorado.gov/colorado-creative-districts,False,access_blocked,403,False,False,False
colorado-crunch-huerfano-local-food-product-maker-vendor,Colorado Crunch,Walsenburg,Huerfano,Arts & culture,profile-live,Hosted profile,Online profile,https://www.walsenburgmercantile.com/meet-our-vendors,False,ok,200,False,False,True
yellowpages-lead-colorado-farm-bureau-insurance-walsenburg-huerfano,Colorado Farm Bureau Insurance,Walsenburg,Huerfano,Professional services,profile-live,Hosted profile,Online profile,https://www.yellowpages.com/walsenburg-co/business-listings/1,False,ok,200,False,False,False
yellowpages-lead-colorado-farm-bureau-insurance-trinidad-las-animas,Colorado Farm Bureau Insurance,Trinidad,Las Animas,Professional services,profile-live,Hosted profile,Online profile,https://www.yellowpages.com/trinidad-co/business-listings/1,False,ok,200,False,False,False
yellowpages-lead-colorado-floors-blinds-trinidad-las-animas,Colorado Floors And Blinds,Trinidad,Las Animas,Local business or service,profile-live,Hosted profile,Online profile,https://www.yellowpages.com/trinidad-co/business-listings/1,False,ok,200,False,False,False
yellowpages-lead-colorado-land-properties-trinidad-las-animas,Colorado Land & Properties,Trinidad,Las Animas,Local business or service,profile-live,Hosted profile,Online profile,https://www.yellowpages.com/trinidad-co/business-listings/1,False,ok,200,False,False,False
colorado-small-business-development-center-pueblo-huerfano-small-busines,Colorado Small Business Development Center - Pueblo,,Huerfano,Funding & support,direct-unconfirmed,Direct website,Website link,https://county.pueblo.org/energy-and-economic-development-department/small-business-development-center,False,access_blocked,403,False,True,False
yellowpages-lead-colorado-state-government-walsenburg-huerfano,Colorado State Government,Walsenburg,Huerfano,Public offices,profile-live,Hosted profile,Online profile,https://www.yellowpages.com/walsenburg-co/business-listings/1,False,ok,200,False,False,False
yellowpages-lead-colorado-state-government-trinidad-las-animas,Colorado State Government,Trinidad,Las Animas,Public offices,profile-live,Hosted profile,Online profile,https://www.yellowpages.com/trinidad-co/business-listings/1,False,ok,200,False,False,False
travel-guide-colorado-welcome-center-at-trinidad-trinidad-las-animas,Colorado Welcome Center at Trinidad,Trinidad,Las Animas,Local business or service,profile-live,Hosted profile,Online profile,https://www.coloradodirectory.com/welcometrinidad,False,ok,200,False,False,False
yellowpages-lead-coloradomountainspirit-com-trinidad-las-animas,ColoradoMountainSpirit.com,Trinidad,Las Animas,Local business or service,profile-live,Hosted profile,Online profile,https://www.yellowpages.com/trinidad-co/business-listings/1,False,ok,200,False,False,False
comanche-creek-brewing-company-colfax-food-beverage,Comanche Creek Brewing Company,Eagle Nest,Colfax,Events & venues,direct-live,Direct website,Connect online,https://www.comanchecreekbrewingco.com/,True,ok,200,True,True,True
yellowpages-lead-community-banks-of-colorado-walsenburg-huerfano,Community Banks of Colorado,Walsenburg,Huerfano,Nonprofit & community,profile-live,Hosted profile,Online profile,https://www.yellowpages.com/walsenburg-co/business-listings/1,False,ok,200,False,False,False
travel-guide-community-center-park-angel-fire-colfax,Community Center Park,Angel Fire,Colfax,Outdoor recreation,profile-unconfirmed,Hosted profile,Listing link,https://visitangelfirenm.com/listing/community-center-park/,False,access_blocked,403,False,False,True
community-groups-regional-community-groups,Community groups,Regional,Regional,Nonprofit & community,no-online-link,No online link,No online link listed,,False,,,False,False,False
travel-guide-compton-ridge-clothiers-trinidad-las-animas,Compton Ridge Clothiers,Trinidad,Las Animas,Arts & culture,profile-unconfirmed,Hosted profile,Listing link,https://visittrinidadcolorado.com/shop/,False,access_blocked,403,False,False,False
yellowpages-lead-conoco-raton-colfax,Conoco,Raton,Colfax,Local business or service,profile-live,Hosted profile,Online profile,https://www.yellowpages.com/raton-nm/business-listings/1,False,ok,200,False,False,False
yellowpages-lead-conoco-springer-colfax,Conoco,Springer,Colfax,Local business or service,profile-live,Hosted profile,Online profile,https://www.yellowpages.com/springer-nm,False,ok,200,False,False,False
yellowpages-lead-conoco-walsenburg-huerfano,Conoco,Walsenburg,Huerfano,Local business or service,profile-live,Hosted profile,Online profile,https://www.yellowpages.com/walsenburg-co/business-listings/1,False,ok,200,False,False,False
yellowpages-lead-conoco-trinidad-las-animas,Conoco,Trinidad,Las Animas,Local business or service,profile-live,Hosted profile,Online profile,https://www.yellowpages.com/trinidad-co/business-listings/1,False,ok,200,False,False,False
yellowpages-lead-continental-loans-raton-colfax,Continental Loans,Raton,Colfax,Funding & support,profile-live,Hosted profile,Online profile,https://www.yellowpages.com/raton-nm/business-listings/1,False,ok,200,False,False,False
yellowpages-lead-cooke-motor-company-trinidad-las-animas,Cooke Motor Company,Trinidad,Las Animas,Local business or service,profile-live,Hosted profile,Online profile,https://www.yellowpages.com/trinidad-co/business-listings/1,False,ok,200,False,False,False
corazon-gallery-las-animas-nonprofit-gallery-local-artist-venue,Corazon Gallery,Trinidad,Las Animas,Arts & culture,direct-live,Direct website,Connect online,https://www.corazongallery.org/,True,ok,200,False,True,True
corazon-gallery-las-animas-trinidad,Corazón Gallery / Corazón Art League,Trinidad,Las Animas,Arts & culture,direct-live,Direct website,Connect online,https://www.corazongallery.org/,True,ok,200,False,False,True
yellowpages-lead-corine-s-mexican-food-restaurant-walsenburg-huerfano,Corine's Mexican Food & Restaurant,Walsenburg,Huerfano,Food & drink,profile-live,Hosted profile,Online profile,https://www.yellowpages.com/walsenburg-co/business-listings/1,False,ok,200,False,False,False
travel-guide-corine-s-mexican-restaurant-walsenburg-huerfano,Corine's Mexican Restaurant,Walsenburg,Huerfano,Food & drink,direct-live,Direct website,Connect online,https://www.corinesrestaurant.com/,True,ok,200,False,False,True
corner-cottage-skin-care-huerfano-service-wellness,Corner Cottage Skin Care,La Veta,Huerfano,Health & wellness,contact-only,Contact only,No direct website listed,,False,,,False,True,True
yellowpages-lead-corradino-auto-body-radiator-trinidad-las-animas,Corradino Auto Body & Radiator,Trinidad,Las Animas,Auto & transportation,profile-live,Hosted profile,Online profile,https://www.yellowpages.com/trinidad-co/business-listings/1,False,ok,200,False,False,False
yellowpages-lead-corral-paint-trinidad-las-animas,Corral Paint,Trinidad,Las Animas,Local business or service,profile-live,Hosted profile,Online profile,https://www.yellowpages.com/trinidad-co/business-listings/1,False,ok,200,False,False,False
yellowpages-lead-corral-pawn-trading-post-trinidad-las-animas,Corral Pawn & Trading Post,Trinidad,Las Animas,Local business or service,profile-live,Hosted profile,Online profile,https://www.yellowpages.com/trinidad-co/business-listings/1,False,ok,200,False,False,False
costacustoms-huerfano-custom-goods-maker-vendor,CostaCustoms,Walsenburg,Huerfano,Arts & culture,profile-live,Hosted profile,Online profile,https://www.walsenburgmercantile.com/meet-our-vendors,False,ok,200,False,False,True
cottam-s-of-angel-fire-colfax-retail,Cottam's of Angel Fire,Angel Fire,Colfax,Retail & local goods,profile-live,Hosted profile,Online profile,https://angelfirechamber.org/business/category/ski-snowboard-rentals/,False,ok,200,False,False,True
yellowpages-lead-cottonwood-mobile-home-park-raton-colfax,Cottonwood Mobile Home Park,Raton,Colfax,Outdoor recreation,profile-live,Hosted profile,Online profile,https://www.yellowpages.com/raton-nm/business-listings/1,False,ok,200,False,False,False
yellowpages-lead-county-government-colorado-trinidad-las-animas,County Government Colorado,Trinidad,Las Animas,Public offices,profile-live,Hosted profile,Online profile,https://www.yellowpages.com/trinidad-co/business-listings/1,False,ok,200,False,False,False
yellowpages-lead-county-of-colfax-springer-colfax,County Of Colfax,Springer,Colfax,Public offices,profile-live,Hosted profile,Online profile,https://www.yellowpages.com/springer-nm,False,ok,200,False,False,False
travel-guide-cowboys-corner-eagle-nest-colfax,Cowboys Corner,Eagle Nest,Colfax,Local business or service,profile-live,Hosted profile,Online profile,https://www.eaglenest.org/water_waste_water/businessdirectory,False,ok,200,False,True,True
cowgirl-style-huerfano-local-goods-maker-vendor,Cowgirl Style,Walsenburg,Huerfano,Arts & culture,profile-live,Hosted profile,Online profile,https://www.walsenburgmercantile.com/meet-our-vendors,False,ok,200,False,False,True
yellowpages-lead-coyote-cafe-walsenburg-huerfano,Coyote Cafe,Walsenburg,Huerfano,Food & drink,profile-live,Hosted profile,Online profile,https://www.yellowpages.com/walsenburg-co/business-listings/1,False,ok,200,False,False,False
travel-guide-coyote-creek-state-park-angel-fire-colfax,Coyote Creek State Park,Angel Fire,Colfax,Outdoor recreation,profile-unconfirmed,Hosted profile,Listing link,https://visitangelfirenm.com/listing/coyote-creek-state-park/,False,access_blocked,403,False,False,True
crafted-in-colorado-huerfano-retail-maker,Crafted in Colorado,La Veta,Huerfano,Arts & culture,direct-live,Direct website,Connect online,https://www.craftedincolorado.com,True,ok,200,False,False,True
craftsman-cottage-artisans-huerfano-artisans-maker-vendor,Craftsman Cottage Artisans,Walsenburg,Huerfano,Arts & culture,profile-live,Hosted profile,Online profile,https://www.walsenburgmercantile.com/meet-our-vendors,False,ok,200,False,False,True
travel-guide-crafty-canary-brewery-walsenburg-huerfano,Crafty Canary Brewery,Walsenburg,Huerfano,Food & drink,direct-live,Direct website,Connect online,https://craftycanarybrewery.com/,True,ok,200,False,False,True
create-trinidad-las-animas-creative-district-cultural-hub,CREATE Trinidad / Corazon de Trinidad Creative District,Trinidad,Las Animas,Arts & culture,direct-live,Direct website,Connect online,https://www.trinidadcreativedistrict.org/about,True,ok,200,True,True,False
create-trinidad-arts-in-the-community-directory-trinidad-las-animas-digital-arts-galle,CREATE Trinidad Arts in the Community Directory,Trinidad,Las Animas,Arts & culture,direct-live,Direct website,Connect online,https://www.trinidadcreativedistrict.org/arts-in-the-trinidad-colorado-community,False,ok,200,False,False,False
create-trinidad-campaigns-and-registration-portal-trinidad-las-animas-creative-grant-t,CREATE Trinidad Campaigns and Registration Portal,Trinidad,Las Animas,Funding & support,direct-live,Direct website,Connect online,https://app.seemylegacy.com/community/2682/campaign/7906,False,ok,200,False,False,False
creative-industries-division-grant-portal-regional-regional-creative-grants-portal,Creative Industries Division Grant Portal,Regional,Regional,Arts & culture,direct-live,Direct website,Connect online,https://creativeindustriesdivision.submittable.com/submit,False,ok,200,False,False,False
creative-new-mexico-regional-regional-statewide-creative-advocacy-and-resource-organiz,Creative New Mexico,Regional,Regional,Arts & culture,direct-live,Direct website,Connect online,https://www.creativenewmexico.org/,True,ok,200,False,False,False
yellowpages-lead-cricket-wireless-authorized-retailer-trinidad-las-animas,Cricket Wireless Authorized Retailer,Trinidad,Las Animas,Retail & local goods,profile-live,Hosted profile,Online profile,https://www.yellowpages.com/trinidad-co/business-listings/1,False,ok,200,False,False,False
travel-guide-crown-lanes-walsenburg-huerfano,Crown Lanes,Walsenburg,Huerfano,Local business or service,direct-live,Direct website,Connect online,https://walsenburgbowling.com/,True,ok,200,False,False,True
yellowpages-lead-cst-walsenburg-huerfano,"CST, LLC",Walsenburg,Huerfano,Local business or service,profile-live,Hosted profile,Online profile,https://www.yellowpages.com/walsenburg-co/business-listings/1,False,ok,200,False,False,False
csu-pueblo-at-spanish-peaks-huerfano-education-workforce,CSU Pueblo at Spanish Peaks,Walsenburg,Huerfano,Business support,no-online-link,No online link,No online link listed,,False,,,False,False,False
travel-guide-cuchara-cabins-and-condo-rentals-la-veta-huerfano,Cuchara Cabins & Condo Rentals,La Veta,Huerfano,Lodging & stays,direct-live,Direct website,Connect online,https://www.cucharacabinsandcondos.com/,True,ok,200,False,True,True
travel-guide-cuchara-country-store-cuchara-huerfano,Cuchara Country Store,Cuchara,Huerfano,Retail & local goods,profile-live,Hosted profile,Online profile,https://www.spanishpeakscountry.com/,False,redirect,200,False,False,True
travel-guide-cuchara-higher-ground-coffee-bar-la-veta-huerfano,Cuchara Higher Ground Coffee Bar,La Veta,Huerfano,Food & drink,profile-live,Hosted profile,Online profile,https://spanishpeakscountry.com/business-directory/listing/cuchara-higher-ground-coffee-bar,False,ok,200,False,True,True
travel-guide-cuchara-lokal-cuchara-huerfano,Cuchara Lokal,Cuchara,Huerfano,Lodging & stays,direct-live,Direct website,Connect online,https://www.cucharalokalhotel.com/,True,ok,200,True,True,True
travel-guide-cuchara-mountain-escape-cuchara-huerfano,Cuchara Mountain Escape,Cuchara,Huerfano,Lodging & stays,profile-live,Hosted profile,Online profile,https://spanishpeakscountry.com/business-directory/listing/cuchara-mountain-escape,False,ok,200,False,True,True
cuchara-mountain-mercantile-huerfano-gift-shop-venue-dining,Cuchara Mountain Mercantile,Cuchara,Huerfano,Events & venues,direct-live,Direct website,Connect online,https://cucharamountainmercantile.com/,True,ok,200,False,False,True
travel-guide-cuchara-mountain-park-cuchara-la-veta-huerfano,Cuchara Mountain Park,Cuchara / La Veta,Huerfano,Outdoor recreation,direct-live,Direct website,Connect online,https://thecucharamountainpark.org/,True,ok,200,False,False,True
cuchara-mountain-park-panadero-ski-corporation-huerfano-tourism-outdoor-,Cuchara Mountain Park / Panadero Ski Corporation,La Veta,Huerfano,Tourism & visitor info,no-online-link,No online link,No online link listed,,False,,,False,False,False
travel-guide-cuchara-vacation-rentals-cuchara-la-veta-huerfano,Cuchara Vacation Rentals,Cuchara / La Veta,Huerfano,Lodging & stays,direct-live,Direct website,Connect online,https://www.cucharavacationrentals.com/,True,ok,200,False,True,True
cuchara-valley-mini-storage-huerfano-service-storage,Cuchara Valley Mini Storage,La Veta,Huerfano,Professional services,contact-only,Contact only,No direct website listed,,False,,,False,True,True
cuchara-water-and-sanitation-district-huerfano-government-special-distri,Cuchara Water and Sanitation District,La Veta,Huerfano,Public offices,direct-live,Direct website,Connect online,https://cuchara.org,False,redirect,200,False,False,False
travel-guide-cuchara-yacht-club-cuchara-huerfano,Cuchara Yacht Club,Cuchara,Huerfano,Food & drink,direct-live,Direct website,Connect online,https://www.cucharayachtclub.com/,True,ok,200,False,False,True
yellowpages-lead-cunico-tire-company-raton-colfax,Cunico Tire Company,Raton,Colfax,Auto & transportation,profile-live,Hosted profile,Online profile,https://www.yellowpages.com/raton-nm/business-listings/1,False,ok,200,False,False,False
curly-s-beads-and-gift-shop-las-animas-beads-gift-shop-creative-retail,Curly's Beads and Gift Shop,Trinidad,Las Animas,Arts & culture,profile-unconfirmed,Hosted profile,Listing link,https://visittrinidadcolorado.com/shop/,False,access_blocked,403,False,True,True
yellowpages-lead-curves-trinidad-las-animas,Curves,Trinidad,Las Animas,Local business or service,profile-live,Hosted profile,Online profile,https://www.yellowpages.com/trinidad-co/business-listings/1,False,ok,200,False,False,False
customization-by-elizabeth-huerfano-custom-goods-maker-vendor,Customization By Elizabeth,Walsenburg,Huerfano,Arts & culture,profile-live,Hosted profile,Online profile,https://www.walsenburgmercantile.com/meet-our-vendors,False,ok,200,False,False,True
yellowpages-lead-cut-curl-trinidad-las-animas,Cut & Curl,Trinidad,Las Animas,Local business or service,profile-live,Hosted profile,Online profile,https://www.yellowpages.com/trinidad-co/business-listings/1,False,ok,200,False,False,False
yellowpages-lead-d-t-auto-truck-repair-raton-colfax,D T Auto & Truck Repair,Raton,Colfax,Auto & transportation,profile-live,Hosted profile,Online profile,https://www.yellowpages.com/raton-nm/business-listings/1,False,ok,200,False,False,False
d-b-mercantile-sweet-shop-colfax-retail-sweets,D&B Mercantile & Sweet Shop,Eagle Nest,Colfax,Retail & local goods,contact-only,Contact only,No direct website listed,,False,,,False,True,True
yellowpages-lead-d-n-v-plumbing-heating-trinidad-las-animas,D-N-V Plumbing & Heating,Trinidad,Las Animas,"Home, land & contracting",profile-live,Hosted profile,Online profile,https://www.yellowpages.com/trinidad-co/business-listings/1,False,ok,200,False,False,False
dairy-bar-colfax-food-beverage,Dairy Bar,,Colfax,Food & drink,no-online-link,No online link,No online link listed,,False,,,False,False,False
yellowpages-lead-dairy-queen-raton-colfax,Dairy Queen,Raton,Colfax,Local business or service,profile-live,Hosted profile,Online profile,https://www.yellowpages.com/raton-nm/business-listings/1,False,ok,200,False,False,False
travel-guide-dakota-campground-walsenburg-huerfano,Dakota Campground,Walsenburg,Huerfano,Lodging & stays,profile-live,Hosted profile,Online profile,https://www.coloradodirectory.com/dakotacamp,False,ok,200,False,False,False
travel-guide-dakota-campground-rv-service-center-walsenburg-huerfano,Dakota Campground RV Service Center,Walsenburg,Huerfano,Lodging & stays,profile-live,Hosted profile,Online profile,https://www.spanishpeakscountry.com/,False,redirect,200,False,False,True
travel-guide-dakota-dukes-cuchara-huerfano,Dakota Dukes,Cuchara,Huerfano,Retail & local goods,profile-live,Hosted profile,Online profile,https://www.spanishpeakscountry.com/,False,redirect,200,False,False,True
travel-guide-dan-s-flooring-and-window-covering-angel-fire-colfax,Dan's Flooring & Window Covering Inc.,Angel Fire,Colfax,Retail & local goods,profile-live,Hosted profile,Online profile,https://angelfirechamber.org/business/dons-flooring-window-covering-inc/,False,ok,200,False,False,False
travel-guide-dancing-eagle-gifts-raton-colfax,Dancing Eagle Gifts,Raton,Colfax,Retail & local goods,direct-live,Direct website,Connect online,https://www.flatmountaintrading.com/,True,ok,200,False,False,False
yellowpages-lead-daniel-s-walsenburg-huerfano,Daniel's Inc,Walsenburg,Huerfano,Local business or service,profile-live,Hosted profile,Online profile,https://www.yellowpages.com/walsenburg-co/business-listings/1,False,ok,200,False,False,False
yellowpages-lead-daniels-towing-auto-repair-walsenburg-huerfano,Daniels Towing & Auto Repair,Walsenburg,Huerfano,Auto & transportation,profile-live,Hosted profile,Online profile,https://www.yellowpages.com/walsenburg-co/business-listings/1,False,ok,200,False,False,False
yellowpages-lead-data-plus-printing-raton-colfax,Data Plus Printing,Raton,Colfax,Local business or service,profile-live,Hosted profile,Online profile,https://www.yellowpages.com/raton-nm/business-listings/1,False,ok,200,False,False,False
yellowpages-lead-david-parker-builders-raton-colfax,David Parker Builders Inc,Raton,Colfax,Local business or service,profile-live,Hosted profile,Online profile,https://www.yellowpages.com/raton-nm/business-listings/1,False,ok,200,False,False,False
days-inn-suites-by-wyndham-las-animas-hotel,Days Inn & Suites by Wyndham,Trinidad,Las Animas,Lodging & stays,profile-unconfirmed,Hosted profile,Listing link,https://visittrinidadcolorado.com/stay/,False,access_blocked,403,False,True,True
yellowpages-lead-days-inn-suites-by-wyndham-trinidad-trinidad-las-animas,Days Inn & Suites by Wyndham Trinidad,Trinidad,Las Animas,Lodging & stays,profile-live,Hosted profile,Online profile,https://www.yellowpages.com/trinidad-co/business-listings/1,False,ok,200,False,False,False
dee-dee-cosmetology-colfax-services,Dee Dee Cosmetology,Springer,Colfax,Local business or service,address-only,Contact only,No direct website listed,,False,,,False,False,True
yellowpages-lead-deluxe-hair-studio-trinidad-las-animas,Deluxe Hair Studio,Trinidad,Las Animas,Arts & culture,profile-live,Hosted profile,Online profile,https://www.yellowpages.com/trinidad-co/business-listings/1,False,ok,200,False,False,False
travel-guide-denny-s-raton-colfax,Denny's,Raton,Colfax,Food & drink,direct-live,Direct website,Connect online,https://locations.dennys.com/NM/RATON/247117?utm_source=yext&utm_medium=local-listing&utm_campaign=yext-listing,True,redirect,200,False,False,False
yellowpages-lead-department-of-motor-vehicles-raton-colfax,Department of Motor Vehicles,Raton,Colfax,Local business or service,profile-live,Hosted profile,Online profile,https://www.yellowpages.com/raton-nm/business-listings/1,False,ok,200,False,False,False
yellowpages-lead-department-of-veterans-affairs-raton-colfax,Department of Veterans Affairs,Raton,Colfax,Local business or service,profile-live,Hosted profile,Online profile,https://www.yellowpages.com/raton-nm/business-listings/1,False,ok,200,False,False,False
der-markt-food-store-colfax-retail-grocery,Der Markt Food Store,,Colfax,Retail & local goods,no-online-link,No online link,No online link listed,,False,,,False,False,False
desert-salt-rainbow-woman-huerfano-local-maker-vendor,Desert Salt Rainbow Woman,Walsenburg,Huerfano,Arts & culture,profile-live,Hosted profile,Online profile,https://www.walsenburgmercantile.com/meet-our-vendors,False,ok,200,False,False,True
travel-guide-desert-sky-realty-and-investments-angel-fire-colfax,Desert Sky Realty & Investments,Angel Fire,Colfax,Professional services,profile-unconfirmed,Hosted profile,Listing link,https://visitangelfirenm.com/listing/desert-sky-realty-investments/,False,access_blocked,403,False,False,True
designs-by-dustbunny-huerfano-design-maker-vendor,Designs By Dustbunny,Walsenburg,Huerfano,Arts & culture,profile-live,Hosted profile,Online profile,https://www.walsenburgmercantile.com/meet-our-vendors,False,ok,200,False,False,True
dewitt-enterprises-huerfano-local-maker-vendor,DeWitt Enterprises,Walsenburg,Huerfano,Retail & local goods,profile-live,Hosted profile,Online profile,https://www.walsenburgmercantile.com/vendors/dewitt-enterprise,False,ok,200,False,True,True
yellowpages-lead-dialysis-clinic-raton-colfax,"Dialysis Clinic, Inc",Raton,Colfax,Health & wellness,profile-live,Hosted profile,Online profile,https://www.yellowpages.com/raton-nm/business-listings/1,False,ok,200,False,False,False
yellowpages-lead-diamond-shamrock-raton-colfax,Diamond Shamrock,Raton,Colfax,Local business or service,profile-live,Hosted profile,Online profile,https://www.yellowpages.com/raton-nm/business-listings/1,False,ok,200,False,False,False
yellowpages-lead-diamond-t-trinidad-las-animas,Diamond T,Trinidad,Las Animas,Local business or service,profile-live,Hosted profile,Online profile,https://www.yellowpages.com/trinidad-co/business-listings/1,False,ok,200,False,False,False
yellowpages-lead-diane-m-ernewein-pt-walsenburg-huerfano,"Diane M Ernewein, PT",Walsenburg,Huerfano,Local business or service,profile-live,Hosted profile,Online profile,https://www.yellowpages.com/walsenburg-co/business-listings/1,False,ok,200,False,False,False
yellowpages-lead-dinky-s-grooming-shop-trinidad-las-animas,Dinky's Grooming Shop,Trinidad,Las Animas,Retail & local goods,profile-live,Hosted profile,Online profile,https://www.yellowpages.com/trinidad-co/business-listings/1,False,ok,200,False,False,False
yellowpages-lead-dish-network-angel-fire-colfax,Dish Network,Angel Fire,Colfax,Local business or service,profile-live,Hosted profile,Online profile,https://www.yellowpages.com/angel-fire-nm/business-listings/1,False,ok,200,False,False,False
yellowpages-lead-do-it-right-raton-colfax,Do It Right Inc,Raton,Colfax,Local business or service,profile-live,Hosted profile,Online profile,https://www.yellowpages.com/raton-nm/business-listings/1,False,ok,200,False,False,False
yellowpages-lead-dochter-lumber-sawmill-trinidad-las-animas,Dochter Lumber & Sawmill Co,Trinidad,Las Animas,Local business or service,profile-live,Hosted profile,Online profile,https://www.yellowpages.com/trinidad-co/business-listings/1,False,ok,200,False,False,False
travel-guide-dodgeton-creek-inn-cuchara-huerfano,Dodgeton Creek Inn,Cuchara,Huerfano,Lodging & stays,direct-live,Direct website,Connect online,https://thedodgetoncreekinn.com/,True,ok,200,True,True,True
yellowpages-lead-dog-bar-grill-la-veta-huerfano,Dog Bar & Grill,La Veta,Huerfano,Food & drink,profile-live,Hosted profile,Online profile,https://www.yellowpages.com/la-veta-co,False,ok,200,False,False,False
travel-guide-dog-bar-and-grill-cuchara-huerfano,Dog Bar and Grill,Cuchara,Huerfano,Food & drink,direct-live,Direct website,Connect online,https://www.dogbarandgrill.com/,True,ok,200,False,False,True
travel-guide-dollar-general-angel-fire-colfax,Dollar General,Angel Fire,Colfax,Retail & local goods,profile-unconfirmed,Hosted profile,Listing link,https://visitangelfirenm.com/listing/dollar-general/,False,access_blocked,403,False,False,True
yellowpages-lead-dollar-general-raton-colfax,Dollar General,Raton,Colfax,Local business or service,profile-live,Hosted profile,Online profile,https://www.yellowpages.com/raton-nm/business-listings/1,False,ok,200,False,False,False
travel-guide-dollar-general-entry-huerfano,Dollar General,,Huerfano,Retail & local goods,profile-live,Hosted profile,Online profile,https://spanishpeakscountry.com/business-directory/listing/dollar-general,False,ok,200,False,True,True
yellowpages-lead-dollar-general-walsenburg-huerfano,Dollar General,Walsenburg,Huerfano,Local business or service,profile-live,Hosted profile,Online profile,https://www.yellowpages.com/walsenburg-co/business-listings/1,False,ok,200,False,False,False
travel-guide-domino-s-pizza-raton-colfax,Domino's Pizza,Raton,Colfax,Food & drink,direct-live,Direct website,Connect online,https://pizza.dominos.com/new-mexico/raton/129-clayton-rd/,True,ok,200,False,False,False
yellowpages-lead-domino-s-pizza-trinidad-las-animas,Domino's Pizza,Trinidad,Las Animas,Food & drink,profile-live,Hosted profile,Online profile,https://www.yellowpages.com/trinidad-co/business-listings/1,False,ok,200,False,False,False
yellowpages-lead-dona-ana-apartments-raton-colfax,Dona Ana Apartments,Raton,Colfax,Local business or service,profile-live,Hosted profile,Online profile,https://www.yellowpages.com/raton-nm/business-listings/1,False,ok,200,False,False,False
donovans-creations-huerfano-maker-vendor,Donovans Creations,Walsenburg,Huerfano,Arts & culture,profile-live,Hosted profile,Online profile,https://www.walsenburgmercantile.com/meet-our-vendors,False,ok,200,False,False,True
yellowpages-lead-dorcas-circle-walsenburg-huerfano,Dorcas Circle,Walsenburg,Huerfano,Local business or service,profile-live,Hosted profile,Online profile,https://www.yellowpages.com/walsenburg-co/business-listings/1,False,ok,200,False,False,False
dos-amigos-fly-shop-tackle-colfax-recreation-services,Dos Amigos Fly Shop & Tackle,Eagle Nest,Colfax,Outdoor recreation,contact-only,Contact only,No direct website listed,,False,,,False,True,True
yellowpages-lead-dotter-abstract-trinidad-las-animas,Dotter Abstract Co,Trinidad,Las Animas,Local business or service,profile-live,Hosted profile,Online profile,https://www.yellowpages.com/trinidad-co/business-listings/1,False,ok,200,False,False,False
double-black-design-llc-colfax-construction,"Double Black Design, LLC",Angel Fire,Colfax,"Home, land & contracting",direct-live,Direct website,Connect online,https://www.doubleblackdesign.co/,True,ok,200,False,True,False
travel-guide-doug-and-lori-art-trinidad-las-animas,Doug and Lori Art,Trinidad,Las Animas,Arts & culture,profile-unconfirmed,Hosted profile,Listing link,https://visittrinidadcolorado.com/shop/,False,access_blocked,403,False,False,False
doug-and-lori-holdread-s-art-gallery-las-animas-artist-gallery,Doug and Lori Holdread's Art Gallery,Trinidad,Las Animas,Arts & culture,direct-live,Direct website,Connect online,https://dougandlori.art/,True,ok,200,False,True,True
yellowpages-lead-dr-brian-nazeri-dds-trinidad-las-animas,"Dr. Brian Nazeri, DDS",Trinidad,Las Animas,Local business or service,profile-live,Hosted profile,Online profile,https://www.yellowpages.com/trinidad-co/business-listings/1,False,ok,200,False,False,False
yellowpages-lead-dr-james-theodore-vigil-dc-walsenburg-huerfano,"Dr. James Theodore Vigil, DC",Walsenburg,Huerfano,Local business or service,profile-live,Hosted profile,Online profile,https://www.yellowpages.com/walsenburg-co/business-listings/1,False,ok,200,False,False,False
yellowpages-lead-dr-juli-valliere-md-raton-colfax,"Dr. Juli Valliere, MD",Raton,Colfax,Local business or service,profile-live,Hosted profile,Online profile,https://www.yellowpages.com/raton-nm/business-listings/1,False,ok,200,False,False,False
yellowpages-lead-dr-monty-milton-mcgowen-dc-raton-colfax,"Dr. Monty Milton McGowen, DC",Raton,Colfax,Local business or service,profile-live,Hosted profile,Online profile,https://www.yellowpages.com/raton-nm/business-listings/1,False,ok,200,False,False,False
dreaming-frog-huerfano-maker-vendor,Dreaming Frog,Walsenburg,Huerfano,Arts & culture,profile-live,Hosted profile,Online profile,https://www.walsenburgmercantile.com/meet-our-vendors,False,ok,200,False,False,True
travel-guide-dulces-encantados-raton-colfax,Dulces Encantados,Raton,Colfax,Food & drink,profile-live,Hosted profile,Online profile,https://www.facebook.com/dulces.encantados.52,False,ok,200,False,False,False
e-z-p-z-woodworking-art-huerfano-woodworking-art-vendor,E-Z P-Z Woodworking Art,Walsenburg,Huerfano,Arts & culture,profile-live,Hosted profile,Online profile,https://www.walsenburgmercantile.com/meet-our-vendors,False,ok,200,False,False,True
eagle-nest-cabins-marina-colfax-lodging-recreation,Eagle Nest Cabins & Marina,Eagle Nest,Colfax,Lodging & stays,profile-live,Hosted profile,Online profile,https://www.eaglenest.org/water_waste_water/businessdirectory,False,ok,200,False,True,True
eagle-nest-fly-shack-lodge-colfax-lodging-recreation,Eagle Nest Fly Shack & Lodge,Eagle Nest,Colfax,Lodging & stays,contact-only,Contact only,No direct website listed,,False,,,False,True,True
eagle-nest-mercantile-colfax-retail,Eagle Nest Mercantile,Eagle Nest,Colfax,Arts & culture,direct-live,Direct website,Connect online,https://www.eaglenestmercantile.com,True,redirect,200,False,True,True
travel-guide-eagle-nest-trailer-court-eagle-nest-colfax,Eagle Nest Trailer Court,Eagle Nest,Colfax,Outdoor recreation,profile-live,Hosted profile,Online profile,https://www.eaglenest.org/water_waste_water/businessdirectory,False,ok,200,False,True,True
east-street-school-las-animas-creative-community-gallery-class-space,East Street School,Trinidad,Las Animas,Arts & culture,direct-live,Direct website,Connect online,https://www.eaststreetschool.com/,True,redirect,200,False,False,True
yellowpages-lead-econo-lodge-eagle-nest-colfax,Econo Lodge,Eagle Nest,Colfax,Lodging & stays,profile-live,Hosted profile,Online profile,https://www.yellowpages.com/eagle-nest-nm,False,ok,200,False,False,False
ecozoica-apothecary-huerfano-apothecary-local-goods-vendor,Ecozoica Apothecary,Walsenburg,Huerfano,Arts & culture,profile-live,Hosted profile,Online profile,https://www.walsenburgmercantile.com/meet-our-vendors,False,ok,200,False,False,True
yellowpages-lead-eds-renovations-colo-lic-gen-contractor-trinidad-las-animas,Eds Renovations Colo lic Gen Contractor,Trinidad,Las Animas,"Home, land & contracting",profile-live,Hosted profile,Online profile,https://www.yellowpages.com/trinidad-co/business-listings/1,False,ok,200,False,False,False
el-jefe-colfax-food-beverage,El Jefe,Angel Fire,Colfax,Food & drink,profile-live,Hosted profile,Online profile,https://angelfirechamber.org/business/el-jefe/,False,ok,200,False,False,True
yellowpages-lead-el-matador-raton-colfax,El Matador,Raton,Colfax,Local business or service,profile-live,Hosted profile,Online profile,https://www.yellowpages.com/raton-nm/business-listings/1,False,ok,200,False,False,False
yellowpages-lead-el-mirador-raton-colfax,El Mirador,Raton,Colfax,Local business or service,profile-live,Hosted profile,Online profile,https://www.yellowpages.com/raton-nm/business-listings/1,False,ok,200,False,False,False
el-rancho-mexican-restaurant-las-animas-restaurant,El Rancho Mexican Restaurant,Trinidad,Las Animas,Food & drink,profile-unconfirmed,Hosted profile,Listing link,https://visittrinidadcolorado.com/dine/,False,access_blocked,403,False,True,True
el-raton-media-works-colfax-film-media-production-support,El Raton Media Works,Raton,Colfax,Media & news,direct-live,Direct website,Connect online,https://www.elratonmediaworks.org,True,ok,200,False,False,False
travel-guide-el-raton-theatre-raton-colfax,El Raton Theatre,Raton,Colfax,Arts & culture,profile-live,Hosted profile,Online profile,https://www.exploreraton.com/arts-culture,False,ok,200,False,False,False
elements-colfax-food-beverage,Elements,Angel Fire,Colfax,Food & drink,profile-live,Hosted profile,Online profile,https://angelfirechamber.org/business/elements/,False,ok,200,False,False,True
yellowpages-lead-elements-at-angel-fire-resort-country-club-angel-fire-colfax,Elements at Angel Fire Resort Country Club,Angel Fire,Colfax,Lodging & stays,profile-live,Hosted profile,Online profile,https://www.yellowpages.com/angel-fire-nm/business-listings/1,False,ok,200,False,False,False
travel-guide-elevated-pour-angel-fire-colfax,Elevated Pour,Angel Fire,Colfax,Food & drink,profile-unconfirmed,Hosted profile,Listing link,https://visitangelfirenm.com/listing/elevated-pour/,False,access_blocked,403,False,False,True
yellowpages-lead-elidas-springer-colfax,Elidas,Springer,Colfax,Local business or service,profile-live,Hosted profile,Online profile,https://www.yellowpages.com/springer-nm,False,ok,200,False,False,False
yellowpages-lead-elks-home-trinidad-las-animas,Elks Home,Trinidad,Las Animas,Local business or service,profile-live,Hosted profile,Online profile,https://www.yellowpages.com/trinidad-co/business-listings/1,False,ok,200,False,False,False
yellowpages-lead-elks-lodge-angel-fire-colfax,Elks Lodge,Angel Fire,Colfax,Lodging & stays,profile-live,Hosted profile,Online profile,https://www.yellowpages.com/angel-fire-nm/business-listings/1,False,ok,200,False,False,False
yellowpages-lead-elks-lodge-trinidad-las-animas,Elks Lodge,Trinidad,Las Animas,Lodging & stays,profile-live,Hosted profile,Online profile,https://www.yellowpages.com/trinidad-co/business-listings/1,False,ok,200,False,False,False
yellowpages-lead-ely-s-cosmo-plumbing-raton-colfax,Ely's Cosmo Plumbing,Raton,Colfax,"Home, land & contracting",profile-live,Hosted profile,Online profile,https://www.yellowpages.com/raton-nm/business-listings/1,False,ok,200,False,False,False
travel-guide-enchanted-circle-campground-angel-fire-colfax,Enchanted Circle Campground,Angel Fire,Colfax,Lodging & stays,profile-unconfirmed,Hosted profile,Listing link,https://visitangelfirenm.com/listing/enchanted-circle-campground/,False,access_blocked,403,False,False,True
travel-guide-enchanted-circle-campground-and-rv-park-angel-fire-colfax,Enchanted Circle Campground & RV Park,Angel Fire,Colfax,Lodging & stays,profile-unconfirmed,Hosted profile,Listing link,https://visitangelfirenm.com/listing/enchanted-circle-campground-rv-park/,False,access_blocked,403,False,False,True
travel-guide-enchanted-circle-pottery-angel-fire-colfax,Enchanted Circle Pottery,Angel Fire,Colfax,Retail & local goods,direct-live,Direct website,Connect online,https://angelfirestudiotour.org/home/enchanted-circle-pottery-kevin-joanne-dekeuster-4/,True,redirect,200,False,False,False
enchanted-circle-pottery-regional-pottery-ceramics-studio,Enchanted Circle Pottery,Angel Fire corridor,Regional,Arts & culture,direct-live,Direct website,Connect online,https://angelfirestudiotour.org/home/enchanted-circle-pottery-kevin-joanne-dekeuster-4/,True,redirect,200,False,False,True
yellowpages-lead-enchanted-grounds-expresso-bar-raton-colfax,Enchanted Grounds Expresso Bar,Raton,Colfax,Food & drink,profile-live,Hosted profile,Online profile,https://www.yellowpages.com/raton-nm/business-listings/1,False,ok,200,False,False,False
yellowpages-lead-enchanted-hills-raton-colfax,Enchanted Hills,Raton,Colfax,Local business or service,profile-live,Hosted profile,Online profile,https://www.yellowpages.com/raton-nm/business-listings/1,False,ok,200,False,False,False
travel-guide-enchanted-outpost-magazine-angel-fire-colfax,Enchanted Outpost Magazine,Angel Fire,Colfax,Media & news,profile-unconfirmed,Hosted profile,Listing link,https://visitangelfirenm.com/listing/enchanted-outpost-magazine/,False,access_blocked,403,False,False,True
yellowpages-lead-engineering-analytics-raton-colfax,Engineering Analytics Inc,Raton,Colfax,Local business or service,profile-live,Hosted profile,Online profile,https://www.yellowpages.com/raton-nm/business-listings/1,False,ok,200,False,False,False
enterprise-zone-regional-funding-financing,Enterprise Zone,Regional,Regional,Funding & support,no-online-link,No online link,No online link listed,,False,,,False,False,False
yellowpages-lead-environment-dept-raton-colfax,Environment Dept,Raton,Colfax,Local business or service,profile-live,Hosted profile,Online profile,https://www.yellowpages.com/raton-nm/business-listings/1,False,ok,200,False,False,False
epic-bites-colfax-food-beverage,EPIC BITES,Eagle Nest,Colfax,Food & drink,profile-live,Hosted profile,Online profile,https://www.eaglenest.org/water_waste_water/businessdirectory,False,ok,200,False,True,True
estelle-center-for-creative-arts-huerfano-creative-arts-center,Estelle Center for Creative Arts,La Veta,Huerfano,Arts & culture,direct-live,Direct website,Connect online,https://estellecreativearts.com,True,ok,200,False,False,False
yellowpages-lead-ettleman-fred-insurance-agency-walsenburg-huerfano,Ettleman Fred Insurance Agency Inc,Walsenburg,Huerfano,Professional services,profile-live,Hosted profile,Online profile,https://www.yellowpages.com/walsenburg-co/business-listings/1,False,ok,200,False,False,False
yellowpages-lead-everything-nice-walsenburg-huerfano,Everything Nice,Walsenburg,Huerfano,Local business or service,profile-live,Hosted profile,Online profile,https://www.yellowpages.com/walsenburg-co/business-listings/1,False,ok,200,False,False,False
eves-crafts-and-creations-huerfano-crafts-maker-vendor,Eves Crafts and Creations,Walsenburg,Huerfano,Arts & culture,profile-live,Hosted profile,Online profile,https://www.walsenburgmercantile.com/meet-our-vendors,False,ok,200,False,False,True
yellowpages-lead-exit-30-bbq-cafe-aguilar-las-animas,Exit 30 BBQ & Cafe,Aguilar,Las Animas,Food & drink,profile-live,Hosted profile,Online profile,https://www.yellowpages.com/aguilar-co,False,ok,200,False,False,False
explore-raton-arts-and-culture-page-raton-colfax-visitor-facing-arts-and-culture-route,Explore Raton Arts and Culture Page,Raton,Colfax,Arts & culture,direct-live,Direct website,Connect online,https://www.exploreraton.com/arts-culture,True,ok,200,False,False,False
explore-raton-shop-local-directory-raton-colfax-visitor-facing-shopping-and-creative-g,Explore Raton Shop Local Directory,Raton,Colfax,Arts & culture,direct-live,Direct website,Connect online,https://www.exploreraton.com/shop,False,ok,200,False,False,False
yellowpages-lead-express-aviation-services-raton-colfax,Express Aviation Services,Raton,Colfax,Local business or service,profile-live,Hosted profile,Online profile,https://www.yellowpages.com/raton-nm/business-listings/1,False,ok,200,False,False,False
yellowpages-lead-express-st-james-hotel-cimarron-colfax,Express St James Hotel,Cimarron,Colfax,Lodging & stays,profile-live,Hosted profile,Online profile,https://www.yellowpages.com/cimarron-nm,False,ok,200,False,False,False
yellowpages-lead-f-o-e-eagles-trinidad-las-animas,F O E Eagles,Trinidad,Las Animas,Local business or service,profile-live,Hosted profile,Online profile,https://www.yellowpages.com/trinidad-co/business-listings/1,False,ok,200,False,False,False
yellowpages-lead-fair-auto-sales-trinidad-las-animas,Fair Auto Sales,Trinidad,Las Animas,Auto & transportation,profile-live,Hosted profile,Online profile,https://www.yellowpages.com/trinidad-co/business-listings/1,False,ok,200,False,False,False
travel-guide-family-dollar-angel-fire-colfax,Family Dollar,Angel Fire,Colfax,Retail & local goods,profile-live,Hosted profile,Online profile,https://www.yellowpages.com/angel-fire-nm/business-listings/1,False,ok,200,False,False,True
yellowpages-lead-family-dollar-raton-colfax,Family Dollar,Raton,Colfax,Local business or service,profile-live,Hosted profile,Online profile,https://www.yellowpages.com/raton-nm/business-listings/1,False,ok,200,False,False,False
travel-guide-family-dollar-walsenburg-huerfano,Family Dollar,Walsenburg,Huerfano,Retail & local goods,profile-live,Hosted profile,Online profile,https://spanishpeakscountry.com/business-directory/listing/family-dollar,False,ok,200,False,True,True
family-seed-ii-las-animas-restaurant,Family Seed II,Trinidad,Las Animas,Food & drink,profile-unconfirmed,Hosted profile,Listing link,https://visittrinidadcolorado.com/dine/,False,access_blocked,403,False,True,True
yellowpages-lead-family-worship-center-raton-colfax,Family Worship Center,Raton,Colfax,Local business or service,profile-live,Hosted profile,Online profile,https://www.yellowpages.com/raton-nm/business-listings/1,False,ok,200,False,False,False
fancy-huerfano-local-maker-vendor,Fancy,Walsenburg,Huerfano,Arts & culture,profile-live,Hosted profile,Online profile,https://www.walsenburgmercantile.com/meet-our-vendors,False,ok,200,False,False,True
travel-guide-far-flung-adventures-angel-fire-colfax,Far Flung Adventures,Angel Fire,Colfax,Outdoor recreation,direct-live,Direct website,Connect online,https://farflung.com/,True,ok,200,False,False,False
travel-guide-farley-wildflower-overlook-entry-huerfano,Farley Wildflower Overlook,,Huerfano,Local business or service,profile-live,Hosted profile,Online profile,https://spanishpeakscountry.com/scenic-points/,False,ok,200,False,False,False
travel-guide-farmers-and-holiday-markets-entry-huerfano,Farmers & Holiday Markets,,Huerfano,Local business or service,profile-live,Hosted profile,Online profile,https://spanishpeakscountry.com/attractions/,False,ok,200,False,False,False
yellowpages-lead-farmers-insurance-group-walsenburg-huerfano,Farmers Insurance Group,Walsenburg,Huerfano,Professional services,profile-live,Hosted profile,Online profile,https://www.yellowpages.com/walsenburg-co/business-listings/1,False,ok,200,False,False,False
yellowpages-lead-fastenal-company-trinidad-las-animas,Fastenal Company,Trinidad,Las Animas,Local business or service,profile-live,Hosted profile,Online profile,https://www.yellowpages.com/trinidad-co/business-listings/1,False,ok,200,False,False,False
yellowpages-lead-fernandez-plumbing-heating-supply-trinidad-las-animas,Fernandez Plumbing-Heating & Supply,Trinidad,Las Animas,"Home, land & contracting",profile-live,Hosted profile,Online profile,https://www.yellowpages.com/trinidad-co/business-listings/1,False,ok,200,False,False,False
yellowpages-lead-fh-w-trinidad-las-animas,FH&W Inc,Trinidad,Las Animas,Local business or service,profile-live,Hosted profile,Online profile,https://www.yellowpages.com/trinidad-co/business-listings/1,False,ok,200,False,False,False
yellowpages-lead-first-baptist-church-office-raton-colfax,First Baptist Church Office,Raton,Colfax,Nonprofit & community,profile-live,Hosted profile,Online profile,https://www.yellowpages.com/raton-nm/business-listings/1,False,ok,200,False,False,False
travel-guide-first-choice-market-walsenburg-huerfano,First Choice Market,Walsenburg,Huerfano,Retail & local goods,profile-live,Hosted profile,Online profile,https://spanishpeakscountry.com/business-directory/listing/first-choice-market,False,ok,200,False,True,True
yellowpages-lead-first-christian-church-raton-colfax,First Christian Church,Raton,Colfax,Nonprofit & community,profile-live,Hosted profile,Online profile,https://www.yellowpages.com/raton-nm/business-listings/1,False,ok,200,False,False,False
yellowpages-lead-first-national-loan-production-office-raton-colfax,First National Loan Production Office,Raton,Colfax,Funding & support,profile-live,Hosted profile,Online profile,https://www.yellowpages.com/raton-nm/business-listings/1,False,ok,200,False,False,False
yellowpages-lead-first-pentecostal-church-of-trinidad-trinidad-las-animas,First Pentecostal Church of Trinidad,Trinidad,Las Animas,Nonprofit & community,profile-live,Hosted profile,Online profile,https://www.yellowpages.com/trinidad-co/business-listings/1,False,ok,200,False,False,False
yellowpages-lead-first-presbyterian-church-raton-colfax,First Presbyterian Church,Raton,Colfax,Nonprofit & community,profile-live,Hosted profile,Online profile,https://www.yellowpages.com/raton-nm/business-listings/1,False,ok,200,False,False,False
travel-guide-first-street-thrift-store-raton-colfax,First Street Thrift Store,Raton,Colfax,Retail & local goods,direct-live,Direct website,Connect online,https://innovativejournaling.com/,True,ok,200,False,False,False
yellowpages-lead-first-united-methodist-church-trinidad-las-animas,First United Methodist Church,Trinidad,Las Animas,Nonprofit & community,profile-live,Hosted profile,Online profile,https://www.yellowpages.com/trinidad-co/business-listings/1,False,ok,200,False,False,False
yellowpages-lead-first-united-methodist-church-of-raton-raton-colfax,First United Methodist Church Of Raton,Raton,Colfax,Nonprofit & community,profile-live,Hosted profile,Online profile,https://www.yellowpages.com/raton-nm/business-listings/1,False,ok,200,False,False,False
yellowpages-lead-fisher-s-peak-community-church-trinidad-las-animas,Fisher's Peak Community Church,Trinidad,Las Animas,Nonprofit & community,profile-live,Hosted profile,Online profile,https://www.yellowpages.com/trinidad-co/business-listings/1,False,ok,200,False,False,False
travel-guide-fishers-peak-outfitters-trinidad-las-animas,Fishers Peak Outfitters,Trinidad,Las Animas,Arts & culture,profile-unconfirmed,Hosted profile,Listing link,https://visittrinidadcolorado.com/shop/,False,access_blocked,403,False,False,False
fishers-peak-state-park-las-animas-outdoor-recreation-tourism,Fishers Peak State Park,Trinidad,Las Animas,Tourism & visitor info,profile-unconfirmed,Hosted profile,Listing link,https://visittrinidadcolorado.com/state-parks/,False,access_blocked,403,False,False,False
flamingo-book-club-huerfano-book-literary-vendor,Flamingo Book Club,Walsenburg,Huerfano,Arts & culture,profile-live,Hosted profile,Online profile,https://www.walsenburgmercantile.com/meet-our-vendors,False,ok,200,False,False,True
travel-guide-flat-mountain-trading-raton-colfax,Flat Mountain Trading Co.,Raton,Colfax,Retail & local goods,profile-live,Hosted profile,Online profile,https://www.facebook.com/RatonKOA,False,redirect,200,False,False,False
flatt-s-burgers-shakes-las-animas-restaurant,Flatt's Burgers & Shakes,Trinidad,Las Animas,Food & drink,direct-live,Direct website,Connect online,https://flattsburger.com,True,redirect,200,False,True,True
travel-guide-flatt-s-burgers-and-shakes-food-court-at-marketplace-trinidad-las-animas,Flatt's Burgers & Shakes (Food Court at the Marketplace),Trinidad,Las Animas,Food & drink,profile-unconfirmed,Hosted profile,Listing link,https://visittrinidadcolorado.com/dine/,False,access_blocked,403,False,False,False
flyda-huerfano-local-maker-vendor,Flyda,Walsenburg,Huerfano,Arts & culture,profile-live,Hosted profile,Online profile,https://www.walsenburgmercantile.com/meet-our-vendors,False,ok,200,False,False,True
travel-guide-folsom-museum-raton-colfax,Folsom Museum,Raton,Colfax,Arts & culture,profile-live,Hosted profile,Online profile,https://www.exploreraton.com/history,False,ok,200,False,False,False
yellowpages-lead-ford-sales-service-raton-colfax,Ford Sales & Service,Raton,Colfax,Local business or service,profile-live,Hosted profile,Online profile,https://www.yellowpages.com/raton-nm/business-listings/1,False,ok,200,False,False,False
travel-guide-four-seasons-of-angel-fire-angel-fire-colfax,Four Seasons of Angel Fire,Angel Fire,Colfax,Local business or service,profile-unconfirmed,Hosted profile,Listing link,https://visitangelfirenm.com/listing/four-seasons-of-angel-fire/,False,access_blocked,403,False,False,True
fox-canyon-knives-huerfano-knives-metal-craft-vendor,Fox Canyon Knives,Walsenburg,Huerfano,Arts & culture,profile-live,Hosted profile,Online profile,https://www.walsenburgmercantile.com/meet-our-vendors,False,ok,200,False,False,True
travel-guide-fox-theatre-entry-huerfano,Fox Theatre,,Huerfano,Events & venues,profile-live,Hosted profile,Online profile,https://spanishpeakscountry.com/music-theater/,False,ok,200,False,False,False
yellowpages-lead-fox-theatre-trinidad-las-animas,Fox Theatre,Trinidad,Las Animas,Events & venues,profile-live,Hosted profile,Online profile,https://www.yellowpages.com/trinidad-co/business-listings/1,False,ok,200,False,False,False
fox-theatre-walsenburg-huerfano-arts-culture-venue,Fox Theatre Walsenburg,Walsenburg,Huerfano,Arts & culture,direct-unconfirmed,Direct website,Website link,https://foxtheatrewalsenburg.org,False,network_error,,False,False,True
travel-guide-francesca-s-trinidad-las-animas,Francesca's,Trinidad,Las Animas,Arts & culture,profile-unconfirmed,Hosted profile,Listing link,https://visittrinidadcolorado.com/shop/,False,access_blocked,403,False,False,False
francisco-center-for-the-performing-arts-huerfano-performing-arts-venue,Francisco Center for the Performing Arts,La Veta,Huerfano,Arts & culture,direct-unconfirmed,Direct website,Website link,https://www.lavetatheaterweb.org,False,network_error,,False,True,True
francisco-fort-museum-huerfano-arts-culture-heritage,Francisco Fort Museum,La Veta,Huerfano,Arts & culture,direct-unconfirmed,Direct website,Website link,https://franciscofort.org,False,network_error,,False,False,True
frank-images-las-animas-photography-image-business,Frank Images,Trinidad,Las Animas,Arts & culture,profile-unconfirmed,Hosted profile,Listing link,https://visittrinidadcolorado.com/shop/,False,access_blocked,403,False,True,True
yellowpages-lead-fred-macaron-public-library-springer-colfax,Fred Macaron Public Library,Springer,Colfax,Education & learning,profile-live,Hosted profile,Online profile,https://www.yellowpages.com/springer-nm,False,ok,200,False,False,False
travel-guide-frontier-park-angel-fire-colfax,Frontier Park,Angel Fire,Colfax,Outdoor recreation,profile-unconfirmed,Hosted profile,Listing link,https://visitangelfirenm.com/listing/frontier-park/,False,access_blocked,403,False,False,True
travel-guide-frontier-trails-and-tracks-raton-colfax,Frontier Trails & Tracks,Raton,Colfax,Local business or service,profile-live,Hosted profile,Online profile,https://www.newmexico.org/frontier-trails-and-tracks/,False,ok,200,False,False,False
travel-guide-fulldraw-outfitters-aguilar-huerfano,Fulldraw Outfitters,Aguilar,Huerfano,Local business or service,direct-live,Direct website,Connect online,https://www.fulldrawoutfitters.com/,True,ok,200,False,False,True
gagliardi-s-489-las-animas-restaurant,Gagliardi's 489,Trinidad,Las Animas,Food & drink,direct-live,Direct website,Connect online,https://gagliardis489.com,True,ok,200,False,True,True
travel-guide-gagliardi-s-489-at-hilton-garden-inn-trinidad-las-animas,Gagliardi's 489 (At the Hilton Garden Inn),Trinidad,Las Animas,Food & drink,profile-unconfirmed,Hosted profile,Listing link,https://visittrinidadcolorado.com/dine/,False,access_blocked,403,False,False,False
yellowpages-lead-game-fish-department-raton-colfax,Game & Fish Department,Raton,Colfax,Local business or service,profile-live,Hosted profile,Online profile,https://www.yellowpages.com/raton-nm/business-listings/1,False,ok,200,False,False,False
gardner-public-improvement-district-huerfano-government-special-district,Gardner Public Improvement District,La Veta,Huerfano,Public offices,profile-live,Hosted profile,Online profile,https://huerfano.us,False,ok,200,False,False,False
gary-alan-weston-studios-huerfano-recycled-art-artist,Gary Alan Weston Studios,La Veta,Huerfano,Arts & culture,profile-live,Hosted profile,Online profile,https://www.lavetacreativedistrict.org/artists,False,ok,200,False,False,False
gate-city-craft-bar-colfax-food-beverage,Gate City Craft Bar,Raton,Colfax,Food & drink,contact-only,Contact only,No direct website listed,,False,,,False,True,True
yellowpages-lead-gateway-to-southwest-realty-raton-colfax,Gateway to the Southwest Realty,Raton,Colfax,Professional services,profile-live,Hosted profile,Online profile,https://www.yellowpages.com/raton-nm/business-listings/1,False,ok,200,False,False,False
travel-guide-gears-rv-park-convenience-store-exit-30-restaurant-trinidad-las-animas,"Gears RV Park, Convenience Store, Exit 30 Restaurant",Trinidad,Las Animas,Lodging & stays,profile-live,Hosted profile,Online profile,https://www.coloradodirectory.com/gears-rv-park,False,ok,200,False,False,False
travel-guide-geocaching-at-trinidad-lake-state-park-trinidad-las-animas,Geocaching at Trinidad Lake State Park,Trinidad,Las Animas,Outdoor recreation,profile-unconfirmed,Hosted profile,Listing link,https://visittrinidadcolorado.com/more-fun/,False,access_blocked,403,False,False,False
yellowpages-lead-george-gonzales-cpa-s-raton-colfax,George & Gonzales Cpa's,Raton,Colfax,Local business or service,profile-live,Hosted profile,Online profile,https://www.yellowpages.com/raton-nm/business-listings/1,False,ok,200,False,False,False
travel-guide-george-s-drive-inn-walsenburg-huerfano,George's Drive-Inn,Walsenburg,Huerfano,Food & drink,profile-live,Hosted profile,Online profile,https://www.spanishpeakscountry.com/,False,redirect,200,False,False,True
yellowpages-lead-getz-brenda-s-atty-walsenburg-huerfano,"Getz, Brenda S, ATTY",Walsenburg,Huerfano,Local business or service,profile-live,Hosted profile,Online profile,https://www.yellowpages.com/walsenburg-co/business-listings/1,False,ok,200,False,False,False
yellowpages-lead-gibbs-construction-trinidad-las-animas,Gibbs Construction,Trinidad,Las Animas,"Home, land & contracting",profile-live,Hosted profile,Online profile,https://www.yellowpages.com/trinidad-co/business-listings/1,False,ok,200,False,False,False
travel-guide-girl-scouts-of-new-mexico-trails-angel-fire-colfax,Girl Scouts of New Mexico Trails,Angel Fire,Colfax,Retail & local goods,profile-unconfirmed,Hosted profile,Listing link,https://visitangelfirenm.com/listing/girl-scouts-of-new-mexico-trails/,False,access_blocked,403,False,False,True
gluten-free-in-the-303-las-animas-specialty-food,Gluten Free in the 303,Trinidad,Las Animas,Food & drink,direct-live,Direct website,Connect online,https://glutenfreeinthe303.com,True,redirect,200,False,True,True
go-ask-alys-catering-huerfano-restaurant-food-catering,Go Ask Alys Catering,La Veta,Huerfano,Food & drink,contact-only,Contact only,No direct website listed,,False,,,False,True,True
travel-guide-golden-eagle-rv-park-and-resort-angel-fire-colfax,Golden Eagle RV Park & Resort,Angel Fire,Colfax,Lodging & stays,direct-live,Direct website,Connect online,https://www.goldeneaglerv.com/,True,ok,200,False,False,False
golden-eagle-rv-resort-grille-colfax-lodging-food,Golden Eagle RV Resort & Grille,Eagle Nest,Colfax,Lodging & stays,contact-only,Contact only,No direct website listed,,False,,,False,True,True
yellowpages-lead-goodnight-satellite-angel-fire-colfax,Goodnight Satellite,Angel Fire,Colfax,Local business or service,profile-live,Hosted profile,Online profile,https://www.yellowpages.com/angel-fire-nm/business-listings/1,False,ok,200,False,False,False
travel-guide-grampa-charlie-s-trinidad-las-animas,Grampa Charlie's,Trinidad,Las Animas,Food & drink,profile-unconfirmed,Hosted profile,Listing link,https://visittrinidadcolorado.com/dine/,False,access_blocked,403,False,False,False
travel-guide-grandote-peaks-la-veta-huerfano,Grandote Peaks,La Veta,Huerfano,Lodging & stays,direct-live,Direct website,Connect online,https://playgrandote.com/,True,ok,200,False,False,True
grasshopper-studio-grasshopper-co-huerfano-stained-glass-creative-studio,Grasshopper Studio / Grasshopper Co.,La Veta,Huerfano,Arts & culture,profile-live,Hosted profile,Online profile,https://www.lavetacreativedistrict.org/creative-spaces,False,ok,200,False,False,False
yellowpages-lead-grease-monkey-trinidad-las-animas,Grease Monkey,Trinidad,Las Animas,Local business or service,profile-live,Hosted profile,Online profile,https://www.yellowpages.com/trinidad-co/business-listings/1,False,ok,200,False,False,False
travel-guide-great-wall-trinidad-las-animas,Great Wall,Trinidad,Las Animas,Food & drink,profile-live,Hosted profile,Online profile,https://www.yellowpages.com/trinidad-co/business-listings/1,False,ok,200,False,False,False
great-wall-restaurant-las-animas-restaurant,Great Wall Restaurant,Trinidad,Las Animas,Food & drink,contact-only,Contact only,No direct website listed,,False,,,False,True,True
travel-guide-green-chili-grill-jr-s-raton-colfax,Green Chili Grill @ JR's,Raton,Colfax,Food & drink,direct-live,Direct website,Connect online,https://loschanquismexicanseafood.com/,True,ok,200,False,False,False
yellowpages-lead-greyhound-bus-lines-raton-colfax,Greyhound Bus Lines,Raton,Colfax,Local business or service,profile-live,Hosted profile,Online profile,https://www.yellowpages.com/raton-nm/business-listings/1,False,ok,200,False,False,False
yellowpages-lead-greyhound-bus-lines-walsenburg-huerfano,Greyhound Bus Lines,Walsenburg,Huerfano,Local business or service,profile-live,Hosted profile,Online profile,https://www.yellowpages.com/walsenburg-co/business-listings/1,False,ok,200,False,False,False
grill-14-las-animas-restaurant,Grill 14,Trinidad,Las Animas,Food & drink,direct-live,Direct website,Connect online,https://grill14.com,True,ok,200,False,True,True
travel-guide-grill-14-food-court-at-marketplace-trinidad-las-animas,Grill 14 (Food Court at the Marketplace),Trinidad,Las Animas,Food & drink,profile-unconfirmed,Hosted profile,Listing link,https://visittrinidadcolorado.com/dine/,False,access_blocked,403,False,False,False
yellowpages-lead-groceries-unlimited-walsenburg-huerfano,Groceries Unlimited,Walsenburg,Huerfano,Retail & local goods,profile-live,Hosted profile,Online profile,https://www.yellowpages.com/walsenburg-co/business-listings/1,False,ok,200,False,False,False
grocery-stores-cafes-restaurants-laundromats-pharmacies-hardware-stores-,"Grocery stores, cafes, restaurants, laundromats, pharmacies, hardware stores",Regional,Regional,Nonprofit & community,no-online-link,No online link,No online link listed,,False,,,False,False,False
growraton-colfax-start-up-assistance-downtown-property-promotion-event-c,GrowRaton,Raton,Colfax,Events & venues,profile-live,Hosted profile,Online profile,https://www.yellowpages.com/raton-nm/business-listings/1,False,ok,200,True,True,True
growraton-raton-mainstreet-colfax-training-technical-assistance,GrowRaton & Raton MainStreet,Raton,Colfax,Business support,no-online-link,No online link,No online link listed,,False,,,False,False,False
h-unlimited-huerfano-service-repair,H Unlimited,La Veta,Huerfano,Local business or service,contact-only,Contact only,No direct website listed,,False,,,False,True,True
yellowpages-lead-h-r-block-raton-colfax,H&R Block,Raton,Colfax,Local business or service,profile-live,Hosted profile,Online profile,https://www.yellowpages.com/raton-nm/business-listings/1,False,ok,200,False,False,False
yellowpages-lead-h-r-block-walsenburg-huerfano,H&R Block,Walsenburg,Huerfano,Local business or service,profile-live,Hosted profile,Online profile,https://www.yellowpages.com/walsenburg-co/business-listings/1,False,ok,200,False,False,False
yellowpages-lead-h-r-block-trinidad-las-animas,H&R Block,Trinidad,Las Animas,Local business or service,profile-live,Hosted profile,Online profile,https://www.yellowpages.com/trinidad-co/business-listings/1,False,ok,200,False,False,False
h-s-place-huerfano-creative-space-local-business,H's Place,La Veta,Huerfano,Arts & culture,profile-live,Hosted profile,Online profile,https://www.facebook.com,False,ok,200,False,False,False
travel-guide-hallowood-cabin-la-veta-huerfano,Hallowood Cabin,La Veta,Huerfano,Lodging & stays,direct-live,Direct website,Connect online,https://hallowoodcabin.com/,True,ok,200,True,True,True
yellowpages-lead-hammernik-judith-a-cpa-walsenburg-huerfano,"Hammernik, Judith A, CPA",Walsenburg,Huerfano,Local business or service,profile-live,Hosted profile,Online profile,https://www.yellowpages.com/walsenburg-co/business-listings/1,False,ok,200,False,False,False
travel-guide-harding-s-corner-b-and-b-cuchara-la-veta-huerfano,Harding's Corner B&B,Cuchara / La Veta,Huerfano,Local business or service,profile-live,Hosted profile,Online profile,https://www.coloradodirectory.com/hardingsbb,False,ok,200,False,False,False
yellowpages-lead-harmon-autoglass-raton-colfax,Harmon Autoglass,Raton,Colfax,Local business or service,profile-live,Hosted profile,Online profile,https://www.yellowpages.com/raton-nm/business-listings/1,False,ok,200,False,False,False
yellowpages-lead-harness-wind-sun-walsenburg-huerfano,Harness the Wind & Sun,Walsenburg,Huerfano,Local business or service,profile-live,Hosted profile,Online profile,https://www.yellowpages.com/walsenburg-co/business-listings/1,False,ok,200,False,False,False
yellowpages-lead-harold-andreatta-walsenburg-huerfano,Harold Andreatta,Walsenburg,Huerfano,Local business or service,profile-live,Hosted profile,Online profile,https://www.yellowpages.com/walsenburg-co/business-listings/1,False,ok,200,False,False,False
yellowpages-lead-hartman-joseph-od-trinidad-las-animas,"Hartman, Joseph, OD",Trinidad,Las Animas,Local business or service,profile-live,Hosted profile,Online profile,https://www.yellowpages.com/trinidad-co/business-listings/1,False,ok,200,False,False,False
heart-song-huerfano-local-maker-vendor,Heart Song,Walsenburg,Huerfano,Arts & culture,profile-live,Hosted profile,Online profile,https://www.walsenburgmercantile.com/meet-our-vendors,False,ok,200,False,False,True
hearts-and-crafts-huerfano-crafts-maker-vendor,Hearts & Crafts,Walsenburg,Huerfano,Arts & culture,profile-live,Hosted profile,Online profile,https://www.walsenburgmercantile.com/meet-our-vendors,False,ok,200,False,False,True
yellowpages-lead-heath-andreatta-excavation-la-veta-huerfano,Heath Andreatta Excavation,La Veta,Huerfano,"Home, land & contracting",profile-live,Hosted profile,Online profile,https://www.yellowpages.com/la-veta-co,False,ok,200,False,False,False
heather-curtis-huerfano-photography-independent-artist,Heather Curtis,La Veta,Huerfano,Arts & culture,profile-live,Hosted profile,Online profile,https://www.lavetacreativedistrict.org/artists,False,ok,200,False,False,False
yellowpages-lead-heidi-elizabeth-wahl-raton-colfax,Heidi Elizabeth Wahl,Raton,Colfax,Local business or service,profile-live,Hosted profile,Online profile,https://www.yellowpages.com/raton-nm/business-listings/1,False,ok,200,False,False,False
heritage-school-at-trinidad-state-las-animas-creative-classes-heritage-ski,Heritage School at Trinidad State,Trinidad,Las Animas,Arts & culture,profile-live,Hosted profile,Online profile,https://www.facebook.com/southernrockiesheritageschool,False,redirect,200,False,False,False
yellowpages-lead-hertz-raton-colfax,Hertz,Raton,Colfax,Local business or service,profile-live,Hosted profile,Online profile,https://www.yellowpages.com/raton-nm/business-listings/1,False,ok,200,False,False,False
yellowpages-lead-hertz-car-rental-raton-south-st-street-raton-colfax,Hertz Car Rental - Raton - South st Street,Raton,Colfax,Local business or service,profile-live,Hosted profile,Online profile,https://www.yellowpages.com/raton-nm/business-listings/1,False,ok,200,False,False,False
yellowpages-lead-hibbett-sports-trinidad-las-animas,Hibbett Sports,Trinidad,Las Animas,Local business or service,profile-live,Hosted profile,Online profile,https://www.yellowpages.com/trinidad-co/business-listings/1,False,ok,200,False,False,False
travel-guide-high-country-meats-raton-colfax,High Country Meats,Raton,Colfax,Retail & local goods,direct-live,Direct website,Connect online,https://www.nrawc.org/,True,ok,200,False,False,False
yellowpages-lead-high-country-property-maintenance-raton-colfax,High Country Property Maintenance,Raton,Colfax,Professional services,profile-live,Hosted profile,Online profile,https://www.yellowpages.com/raton-nm/business-listings/1,False,ok,200,False,False,False
travel-guide-high-country-ski-rental-angel-fire-colfax,High Country Ski Rental,Angel Fire,Colfax,Retail & local goods,profile-unconfirmed,Hosted profile,Listing link,https://visitangelfirenm.com/listing/high-country-ski-rental/,False,access_blocked,403,False,False,True
yellowpages-lead-high-country-ski-rentals-angel-fire-colfax,High Country Ski Rentals,Angel Fire,Colfax,Outdoor recreation,profile-live,Hosted profile,Online profile,https://www.yellowpages.com/angel-fire-nm/business-listings/1,False,ok,200,False,False,False
yellowpages-lead-high-desert-coins-raton-colfax,"High Desert Coins, LLC",Raton,Colfax,Local business or service,profile-live,Hosted profile,Online profile,https://www.yellowpages.com/raton-nm/business-listings/1,False,ok,200,False,False,False
yellowpages-lead-high-desert-outdoors-raton-colfax,High Desert Outdoors Inc,Raton,Colfax,Local business or service,profile-live,Hosted profile,Online profile,https://www.yellowpages.com/raton-nm/business-listings/1,False,ok,200,False,False,False
yellowpages-lead-hikers-coffee-cimarron-colfax,Hikers Coffee Co,Cimarron,Colfax,Food & drink,profile-live,Hosted profile,Online profile,https://www.yellowpages.com/cimarron-nm,False,ok,200,False,False,False
hilton-garden-inn-las-animas-hotel,Hilton Garden Inn,Trinidad,Las Animas,Lodging & stays,profile-unconfirmed,Hosted profile,Listing link,https://visittrinidadcolorado.com/stay/,False,access_blocked,403,False,True,True
hoehne-post-office-las-animas-government-service,Hoehne Post Office,Aguilar,Las Animas,Public offices,no-online-link,No online link,No online link listed,,False,,,False,False,False
hoehne-school-district-re-3-las-animas-education-community-hub,Hoehne School District RE-3,Trinidad,Las Animas,Education & learning,direct-live,Direct website,Connect online,https://hoehnesd.org,False,ok,200,True,True,True
yellowpages-lead-holiday-inn-suites-trinidad-las-animas,Holiday Inn & Suites,Trinidad,Las Animas,Lodging & stays,profile-live,Hosted profile,Online profile,https://www.yellowpages.com/trinidad-co/business-listings/1,False,ok,200,False,False,False
holiday-inn-express-and-suites-las-animas-hotel,Holiday Inn Express and Suites,Trinidad,Las Animas,Lodging & stays,profile-unconfirmed,Hosted profile,Listing link,https://visittrinidadcolorado.com/stay/,False,access_blocked,403,False,True,True
holiday-inn-express-hotel-suites-raton-colfax-lodging,Holiday Inn Express Hotel & Suites Raton,Raton,Colfax,Lodging & stays,contact-only,Contact only,No direct website listed,,False,,,False,True,True
yellowpages-lead-hollowpoint-gun-shop-walsenburg-huerfano,Hollowpoint Gun Shop,Walsenburg,Huerfano,Retail & local goods,profile-live,Hosted profile,Online profile,https://www.yellowpages.com/walsenburg-co/business-listings/1,False,ok,200,False,False,False
travel-guide-holly-s-eagle-nest-vacation-rental-eagle-nest-colfax,Holly's Eagle Nest Vacation Rental,Eagle Nest,Colfax,Lodging & stays,profile-live,Hosted profile,Online profile,https://www.eaglenest.org/water_waste_water/businessdirectory,False,ok,200,False,True,True
hollywood-bar-cafe-las-animas-bar-cafe,Hollywood Bar & Café,Trinidad,Las Animas,Food & drink,direct-live,Direct website,Connect online,https://hollywoodbarandcafe.com,True,redirect,200,False,True,True
holy-angels-catholic-mission-church-colfax-community-organization,Holy Angels Catholic Mission Church,Angel Fire,Colfax,Nonprofit & community,direct-live,Direct website,Connect online,https://www.angelfirecatholic.com/,False,ok,200,True,True,True
yellowpages-lead-holy-trinity-episcopal-church-raton-colfax,Holy Trinity Episcopal Church,Raton,Colfax,Nonprofit & community,profile-live,Hosted profile,Online profile,https://www.yellowpages.com/raton-nm/business-listings/1,False,ok,200,False,False,False
yellowpages-lead-home-associates-raton-colfax,Home Associates Inc,Raton,Colfax,Local business or service,profile-live,Hosted profile,Online profile,https://www.yellowpages.com/raton-nm/business-listings/1,False,ok,200,False,False,False
travel-guide-hometown-pharmacy-and-medical-trinidad-las-animas,Hometown Pharmacy and Medical,Trinidad,Las Animas,Arts & culture,profile-unconfirmed,Hosted profile,Listing link,https://visittrinidadcolorado.com/shop/,False,access_blocked,403,False,False,False
travel-guide-hops-and-vines-trinidad-las-animas,Hops & Vines,Trinidad,Las Animas,Arts & culture,profile-unconfirmed,Hosted profile,Listing link,https://visittrinidadcolorado.com/shop/,False,access_blocked,403,False,False,False
yellowpages-lead-howard-johnson-by-wyndham-raton-raton-colfax,Howard Johnson by Wyndham Raton,Raton,Colfax,Local business or service,profile-live,Hosted profile,Online profile,https://www.yellowpages.com/raton-nm/business-listings/1,False,ok,200,False,False,False
huajatolla-heritage-foundation-huerfano-heritage-culture-organization,Huajatolla Heritage Foundation,La Veta,Huerfano,Funding & support,direct-live,Direct website,Connect online,https://www.hhfoundation.org,False,ok,200,False,False,False
huerfano-huerfano-leading-local-pages-and-channels-to-watch,Huerfano,Walsenburg,Huerfano,Media & news,profile-live,Hosted profile,Online profile,https://spanishpeakscountry.com,False,ok,200,True,True,False
huerfano-county-huerfano-events-seasonal-programs,Huerfano County (CO),La Veta,Huerfano,Public offices,profile-live,Hosted profile,Online profile,https://spanishpeakscountry.com,False,ok,200,False,False,False
huerfano-county-walsenburg-la-veta-cuchara-huerfano-social-media-digital,"Huerfano County / Walsenburg, La Veta & Cuchara",Walsenburg,Huerfano,Media & news,profile-live,Hosted profile,Online profile,https://huerfano.us,False,ok,200,False,False,False
yellowpages-lead-huerfano-county-concrete-walsenburg-huerfano,Huerfano County Concrete,Walsenburg,Huerfano,Public offices,profile-live,Hosted profile,Online profile,https://www.yellowpages.com/walsenburg-co/business-listings/1,False,ok,200,False,False,False
huerfano-county-courthouse-huerfano-government-landmark,Huerfano County Courthouse,Walsenburg,Huerfano,Public offices,address-only,Contact only,No direct website listed,,False,,,False,False,True
huerfano-county-economic-development-huerfano-site-readiness-downtown-re,Huerfano County Economic Development,,Huerfano,Business support,direct-live,Direct website,Connect online,https://huerfano.org,False,redirect,200,False,True,False
huerfano-county-fair-board-huerfano-events-community,Huerfano County Fair Board,,Huerfano,Nonprofit & community,direct-unconfirmed,Direct website,Website link,https://huerfanofair.com,False,tls_error,,False,False,False
huerfano-county-government-huerfano-government,Huerfano County Government,Walsenburg,Huerfano,Public offices,profile-live,Hosted profile,Online profile,https://www.huerfano.us/,False,redirect,200,False,True,True
huerfano-county-government-building-huerfano-bulletin-public-building,Huerfano County Government building,Walsenburg,Huerfano,Public offices,address-only,Contact only,No direct website listed,,False,,,False,False,True
yellowpages-lead-huerfano-county-health-department-walsenburg-huerfano,Huerfano County Health Department,Walsenburg,Huerfano,Health & wellness,profile-live,Hosted profile,Online profile,https://www.yellowpages.com/walsenburg-co/business-listings/1,False,ok,200,False,False,False
huerfano-heritage-center-huerfano-arts-culture,Huerfano County Heritage Center,Walsenburg,Huerfano,Arts & culture,direct-live,Direct website,Connect online,https://www.huerfanohistory.org/visit-us,True,ok,200,True,True,True
huerfano-county-co-walsenburg-la-veta-gardner-unincorporated-communities,"Huerfano County, CO Walsenburg, La Veta, Gardner & unincorporated communities",Walsenburg,Huerfano,Public offices,profile-live,Hosted profile,Online profile,https://huerfano.us,False,ok,200,False,False,False
yellowpages-lead-huerfano-emergency-dispatch-walsenburg-huerfano,Huerfano Emergency Dispatch,Walsenburg,Huerfano,Local business or service,profile-live,Hosted profile,Online profile,https://www.yellowpages.com/walsenburg-co/business-listings/1,False,ok,200,False,False,False
travel-guide-huerfano-nursery-and-garden-walsenburg-huerfano,Huerfano Nursery and Garden,Walsenburg,Huerfano,Retail & local goods,direct-live,Direct website,Connect online,https://walsenburgnursery.com/,True,ok,200,False,False,True
yellowpages-lead-huerfano-school-district-transportation-department-walsenburg-huerfano,Huerfano School District Transportation Department,Walsenburg,Huerfano,Education & learning,profile-live,Hosted profile,Online profile,https://www.yellowpages.com/walsenburg-co/business-listings/1,False,ok,200,False,False,False
yellowpages-lead-human-services-income-support-raton-colfax,Human Services-Income Support,Raton,Colfax,Local business or service,profile-live,Hosted profile,Online profile,https://www.yellowpages.com/raton-nm/business-listings/1,False,ok,200,False,False,False
yellowpages-lead-human-svc-child-youth-family-raton-colfax,Human SVC-Child Youth & Family,Raton,Colfax,Local business or service,profile-live,Hosted profile,Online profile,https://www.yellowpages.com/raton-nm/business-listings/1,False,ok,200,False,False,False
yellowpages-lead-hyde-properties-raton-colfax,Hyde Properties,Raton,Colfax,Local business or service,profile-live,Hosted profile,Online profile,https://www.yellowpages.com/raton-nm/business-listings/1,False,ok,200,False,False,False
travel-guide-i-love-sugar-trinidad-las-animas,I Love Sugar,Trinidad,Las Animas,Arts & culture,profile-unconfirmed,Hosted profile,Listing link,https://visittrinidadcolorado.com/shop/,False,access_blocked,403,False,False,False
i-love-sugar-sweets-eats-las-animas-sweets-cafe,I Love Sugar Sweets & Eats,Trinidad,Las Animas,Food & drink,profile-unconfirmed,Hosted profile,Listing link,https://visittrinidadcolorado.com/dine/,False,access_blocked,403,False,True,True
travel-guide-ideal-gardens-walsenburg-huerfano,Ideal Gardens,Walsenburg,Huerfano,Retail & local goods,profile-live,Hosted profile,Online profile,https://www.spanishpeakscountry.com/,False,redirect,200,False,False,True
yellowpages-lead-inbank-trinidad-las-animas,InBank,Trinidad,Las Animas,Local business or service,profile-live,Hosted profile,Online profile,https://www.yellowpages.com/trinidad-co/business-listings/1,False,ok,200,False,False,False
ink-by-bink-huerfano-visual-art-design-vendor,Ink By Bink,Walsenburg,Huerfano,Arts & culture,profile-live,Hosted profile,Online profile,https://www.walsenburgmercantile.com/meet-our-vendors,False,ok,200,False,False,True
travel-guide-innovative-journaling-raton-colfax,Innovative Journaling,Raton,Colfax,Retail & local goods,direct-live,Direct website,Connect online,https://krtnradio.com/event/mcmc-auxiliary-thrift-shop-20/,True,ok,200,False,False,False
yellowpages-lead-interior-exterior-painting-by-jose-angel-fire-colfax,Interior & Exterior Painting by Jose,Angel Fire,Colfax,Arts & culture,profile-live,Hosted profile,Online profile,https://www.yellowpages.com/angel-fire-nm/business-listings/1,False,ok,200,False,False,False
international-bank-inbank-colfax-records-needing-manual-confirmation,International Bank / InBank,Raton,Colfax,Professional services,no-online-link,No online link,No online link listed,,False,,,False,False,False
yellowpages-lead-iron-skillet-restaurant-springer-colfax,Iron Skillet Restaurant,Springer,Colfax,Food & drink,profile-live,Hosted profile,Online profile,https://www.yellowpages.com/springer-nm,False,ok,200,False,False,False
travel-guide-j-and-a-s-cafe-roadrunner-angel-fire-colfax,J & A's Cafe @ the Roadrunner,Angel Fire,Colfax,Food & drink,profile-live,Hosted profile,Online profile,https://angelfirechamber.org/business/category/dining/,False,ok,200,False,False,False
yellowpages-lead-j-j-motors-trinidad-las-animas,J & J Motors Inc,Trinidad,Las Animas,Local business or service,profile-live,Hosted profile,Online profile,https://www.yellowpages.com/trinidad-co/business-listings/1,False,ok,200,False,False,False
yellowpages-lead-j-m-towing-trinidad-las-animas,J M Towing,Trinidad,Las Animas,Local business or service,profile-live,Hosted profile,Online profile,https://www.yellowpages.com/trinidad-co/business-listings/1,False,ok,200,False,False,False
yellowpages-lead-j-r-s-fuel-stop-raton-colfax,J R's Fuel Stop,Raton,Colfax,Auto & transportation,profile-live,Hosted profile,Online profile,https://www.yellowpages.com/raton-nm/business-listings/1,False,ok,200,False,False,False
j-binford-bell-studio-and-gallery-colfax-artist-studio-gallery,J. Binford-Bell Studio & Gallery,Angel Fire,Colfax,Arts & culture,direct-live,Direct website,Connect online,https://binford-bellstudio.blogspot.com,True,ok,200,False,False,False
yellowpages-lead-j-m-tire-walsenburg-huerfano,"J. M. Tire, Inc.",Walsenburg,Huerfano,Auto & transportation,profile-live,Hosted profile,Online profile,https://www.yellowpages.com/walsenburg-co/business-listings/1,False,ok,200,False,False,False
yellowpages-lead-j-m-tire-trinidad-las-animas,J.M. Tire Inc,Trinidad,Las Animas,Auto & transportation,profile-live,Hosted profile,Online profile,https://www.yellowpages.com/trinidad-co/business-listings/1,False,ok,200,False,False,False
yellowpages-lead-jackson-del-custom-building-angel-fire-colfax,Jackson Del Custom Building,Angel Fire,Colfax,Local business or service,profile-live,Hosted profile,Online profile,https://www.yellowpages.com/angel-fire-nm/business-listings/1,False,ok,200,False,False,False
yellowpages-lead-jamie-marez-raton-colfax,Jamie Marez,Raton,Colfax,Local business or service,profile-live,Hosted profile,Online profile,https://www.yellowpages.com/raton-nm/business-listings/1,False,ok,200,False,False,False
jc-creations-huerfano-creative-goods-vendor,JC CREATIONS,Walsenburg,Huerfano,Arts & culture,profile-live,Hosted profile,Online profile,https://www.walsenburgmercantile.com/meet-our-vendors,False,ok,200,False,False,True
travel-guide-jc-critter-control-angel-fire-colfax,"JC Critter Control, LLC",Angel Fire,Colfax,Local business or service,profile-unconfirmed,Hosted profile,Listing link,https://visitangelfirenm.com/listing/jc-critter-control-llc/,False,access_blocked,403,False,False,True
travel-guide-jeanette-s-specialty-foods-and-catering-angel-fire-colfax,Jeanette's Specialty Foods & Catering,Angel Fire,Colfax,Food & drink,profile-unconfirmed,Hosted profile,Listing link,https://visitangelfirenm.com/listing/jeanettes-specialty-foods-catering/,False,access_blocked,403,False,False,True
yellowpages-lead-jehovah-s-witnesses-raton-colfax,Jehovah's Witnesses,Raton,Colfax,Local business or service,profile-live,Hosted profile,Online profile,https://www.yellowpages.com/raton-nm/business-listings/1,False,ok,200,False,False,False
yellowpages-lead-jesusita-s-salsa-fresca-cimarron-colfax,Jesusita's Salsa Fresca,Cimarron,Colfax,Local business or service,profile-live,Hosted profile,Online profile,https://www.yellowpages.com/cimarron-nm,False,ok,200,False,False,False
yellowpages-lead-jimmy-mini-self-storage-raton-colfax,Jimmy Mini Self Storage,Raton,Colfax,Professional services,profile-live,Hosted profile,Online profile,https://www.yellowpages.com/raton-nm/business-listings/1,False,ok,200,False,False,False
yellowpages-lead-jm-tire-auto-repair-trinidad-las-animas,JM Tire and Auto Repair,Trinidad,Las Animas,Auto & transportation,profile-live,Hosted profile,Online profile,https://www.yellowpages.com/trinidad-co/business-listings/1,False,ok,200,False,False,False
yellowpages-lead-job-service-center-walsenburg-huerfano,Job Service Center,Walsenburg,Huerfano,Local business or service,profile-live,Hosted profile,Online profile,https://www.yellowpages.com/walsenburg-co/business-listings/1,False,ok,200,False,False,False
yellowpages-lead-joe-febbraro-trinidad-las-animas,Joe Febbraro,Trinidad,Las Animas,Local business or service,profile-live,Hosted profile,Online profile,https://www.yellowpages.com/trinidad-co/business-listings/1,False,ok,200,False,False,False
yellowpages-lead-joeseppi-s-restaurant-raton-colfax,Joeseppi's Restaurant,Raton,Colfax,Food & drink,profile-live,Hosted profile,Online profile,https://www.yellowpages.com/raton-nm/business-listings/1,False,ok,200,False,False,False
yellowpages-lead-john-mall-auto-shop-walsenburg-huerfano,John Mall Auto Shop,Walsenburg,Huerfano,Retail & local goods,profile-live,Hosted profile,Online profile,https://www.yellowpages.com/walsenburg-co/business-listings/1,False,ok,200,False,False,False
yellowpages-lead-john-mall-high-school-walsenburg-huerfano,John Mall High School,Walsenburg,Huerfano,Education & learning,profile-live,Hosted profile,Online profile,https://www.yellowpages.com/walsenburg-co/business-listings/1,False,ok,200,False,False,False
yellowpages-lead-john-r-sutton-general-building-angel-fire-colfax,John R Sutton General Building,Angel Fire,Colfax,Local business or service,profile-live,Hosted profile,Online profile,https://www.yellowpages.com/angel-fire-nm/business-listings/1,False,ok,200,False,False,False
yellowpages-lead-johnson-christopher-do-raton-colfax,"Johnson, Christopher, DO",Raton,Colfax,Local business or service,profile-live,Hosted profile,Online profile,https://www.yellowpages.com/raton-nm/business-listings/1,False,ok,200,False,False,False
jolynn-chappell-nature-canyon-arts-huerfano-sculpture-artist,Jolynn Chappell / Nature Canyon Arts,La Veta,Huerfano,Arts & culture,profile-live,Hosted profile,Online profile,https://www.lavetacreativedistrict.org/artists,False,ok,200,False,False,False
jonathan-evans-shalawalla-studio-and-gallery-huerfano-batik-artist,Jonathan Evans / Shalawalla Studio & Gallery,La Veta,Huerfano,Arts & culture,profile-live,Hosted profile,Online profile,https://www.lavetacreativedistrict.org/artists,False,ok,200,False,False,False
yellowpages-lead-jp-carpet-service-trinidad-las-animas,JP Carpet Service,Trinidad,Las Animas,Local business or service,profile-live,Hosted profile,Online profile,https://www.yellowpages.com/trinidad-co/business-listings/1,False,ok,200,False,False,False
jtip-regional-funding-financing,JTIP,Regional,Regional,Funding & support,no-online-link,No online link,No online link listed,,False,,,False,False,False
judith-baker-montano-huerfano-fiber-art-creative-studio,Judith Baker Montano,La Veta,Huerfano,Arts & culture,direct-live,Direct website,Connect online,https://www.judithbakermontano.com,True,redirect,200,False,False,False
travel-guide-jupiter-s-child-trinidad-las-animas,Jupiter's Child,Trinidad,Las Animas,Arts & culture,profile-unconfirmed,Hosted profile,Listing link,https://visittrinidadcolorado.com/shop/,False,access_blocked,403,False,False,False
yellowpages-lead-just-architectural-engnrng-trinidad-las-animas,Just Architectural & Engnrng,Trinidad,Las Animas,Local business or service,profile-live,Hosted profile,Online profile,https://www.yellowpages.com/trinidad-co/business-listings/1,False,ok,200,False,False,False
just-in-time-bakery-huerfano-restaurant-food,Just in Time Bakery,La Veta,Huerfano,Food & drink,profile-live,Hosted profile,Online profile,https://spanishpeakscountry.com/business-directory/listing/owner-3,False,ok,200,True,True,True
yellowpages-lead-just-joe-coffee-angel-fire-colfax,Just Joe Coffee,Angel Fire,Colfax,Food & drink,profile-live,Hosted profile,Online profile,https://www.yellowpages.com/angel-fire-nm/business-listings/1,False,ok,200,False,False,False
yellowpages-lead-just-teazin-raton-colfax,Just Teazin,Raton,Colfax,Local business or service,profile-live,Hosted profile,Online profile,https://www.yellowpages.com/raton-nm/business-listings/1,False,ok,200,False,False,False
jv-jungle-cuts-huerfano-local-maker-vendor,JV Jungle Cuts,Walsenburg,Huerfano,Arts & culture,profile-live,Hosted profile,Online profile,https://www.walsenburgmercantile.com/meet-our-vendors,False,ok,200,False,False,True
yellowpages-lead-k-s-berry-engineering-raton-colfax,K S Berry Engineering,Raton,Colfax,Local business or service,profile-live,Hosted profile,Online profile,https://www.yellowpages.com/raton-nm/business-listings/1,False,ok,200,False,False,False
travel-guide-k-bob-s-steakhouse-raton-colfax,K-Bob's Steakhouse,Raton,Colfax,Food & drink,direct-live,Direct website,Connect online,https://www.k-bobs.com/,True,ok,200,False,False,False
kangaroo-coffee-las-animas-coffee,Kangaroo Coffee,Trinidad,Las Animas,Food & drink,direct-live,Direct website,Connect online,https://kangaroocoffeellc.com,True,ok,200,False,True,True
travel-guide-kangaroo-coffee-food-court-at-marketplace-trinidad-las-animas,Kangaroo Coffee (Food Court at the Marketplace),Trinidad,Las Animas,Food & drink,profile-unconfirmed,Hosted profile,Listing link,https://visittrinidadcolorado.com/dine/,False,access_blocked,403,False,False,False
kathy-hills-studio-gallery-spanish-peaks-art-huerfano-painter-studio-galle,Kathy Hills Studio Gallery / Spanish Peaks Art,La Veta,Huerfano,Arts & culture,direct-live,Direct website,Connect online,https://kathywhill.com/,True,ok,200,True,True,True
kauffman-fasttrac-score-regional-training-technical-assistance,Kauffman FastTrac & SCORE,Regional,Regional,Business support,no-online-link,No online link,No online link listed,,False,,,False,False,False
kaw-lija-s-restaurant-ice-cream-shoppe-colfax-food-beverage,Kaw-Lija's Restaurant & Ice Cream Shoppe,Eagle Nest,Colfax,Food & drink,contact-only,Contact only,No direct website listed,,False,,,False,True,True
yellowpages-lead-kays-liquor-walsenburg-huerfano,Kays Liquor,Walsenburg,Huerfano,Local business or service,profile-live,Hosted profile,Online profile,https://www.yellowpages.com/walsenburg-co/business-listings/1,False,ok,200,False,False,False
travel-guide-kcrt-radio-station-trinidad-las-animas,KCRT Radio Station,Trinidad,Las Animas,Arts & culture,profile-unconfirmed,Hosted profile,Listing link,https://visittrinidadcolorado.com/shop/,False,access_blocked,403,False,False,False
yellowpages-lead-kelly-s-towing-automotive-repair-trinidad-las-animas,Kelly's Towing & Automotive Repair,Trinidad,Las Animas,Local business or service,profile-live,Hosted profile,Online profile,https://www.yellowpages.com/trinidad-co/business-listings/1,False,ok,200,False,False,False
yellowpages-lead-kennels-at-rio-cucharas-veterinary-clinic-walsenburg-huerfano,Kennels At Rio Cucharas Veterinary Clinic,Walsenburg,Huerfano,Health & wellness,profile-live,Hosted profile,Online profile,https://www.yellowpages.com/walsenburg-co/business-listings/1,False,ok,200,False,False,False
kenny-schneider-kenetics-huerfano-mixed-media-artist,Kenny Schneider / Kenetics,La Veta,Huerfano,Arts & culture,direct-live,Direct website,Connect online,https://kenetics.wixsite.com/kenetics-1,True,ok,200,True,True,True
yellowpages-lead-kfc-walsenburg-huerfano,Kfc,Walsenburg,Huerfano,Local business or service,profile-live,Hosted profile,Online profile,https://www.yellowpages.com/walsenburg-co/business-listings/1,False,ok,200,False,False,False
travel-guide-kfc-and-taco-bell-walsenburg-huerfano,KFC and Taco Bell,Walsenburg,Huerfano,Food & drink,profile-live,Hosted profile,Online profile,https://www.spanishpeakscountry.com/,False,redirect,200,False,False,True
kfez-101-3-gnarly-101-3-huerfano-media-radio,KFEZ 101.3 / Gnarly 101.3,Walsenburg,Huerfano,Media & news,no-online-link,No online link,No online link listed,,False,,,False,False,False
kim-las-animas-local listing-sparse-nodes,Kim,Kim,Las Animas,Nonprofit & community,no-online-link,No online link,No online link listed,,False,,,False,False,False
yellowpages-lead-kinder-morgan-trinidad-las-animas,Kinder Morgan,Trinidad,Las Animas,Local business or service,profile-live,Hosted profile,Online profile,https://www.yellowpages.com/trinidad-co/business-listings/1,False,ok,200,False,False,False
kissed-by-katie-huerfano-local-maker-vendor,Kissed By Katie,Walsenburg,Huerfano,Arts & culture,profile-live,Hosted profile,Online profile,https://www.walsenburgmercantile.com/meet-our-vendors,False,ok,200,False,False,True
travel-guide-kite-construction-eagle-nest-colfax,Kite Construction,Eagle Nest,Colfax,"Home, land & contracting",profile-live,Hosted profile,Online profile,https://www.eaglenest.org/water_waste_water/businessdirectory,False,ok,200,False,True,True
yellowpages-lead-kmart-raton-colfax,Kmart,Raton,Colfax,Local business or service,profile-live,Hosted profile,Online profile,https://www.yellowpages.com/raton-nm/business-listings/1,False,ok,200,False,False,False
yellowpages-lead-knights-inn-walsenburg-huerfano,Knights Inn,Walsenburg,Huerfano,Lodging & stays,profile-live,Hosted profile,Online profile,https://www.yellowpages.com/walsenburg-co/business-listings/1,False,ok,200,False,False,False
travel-guide-koa-gift-shop-raton-colfax,KOA Gift Shop,Raton,Colfax,Retail & local goods,profile-live,Hosted profile,Online profile,https://www.facebook.com/profile.php?id=100088099915567,False,redirect,200,False,False,False
krtn-enchanted-air-radio-colfax-broadcasting,KRTN Enchanted Air Radio,Raton,Colfax,Media & news,direct-live,Direct website,Connect online,https://krtnradio.com,True,ok,200,False,True,True
kspk-fm-102-3-huerfano-media-radio,KSPK-FM 102.3,Walsenburg,Huerfano,Media & news,direct-live,Direct website,Connect online,https://kspk.com,True,ok,200,False,False,False
travel-guide-kwk-events-angel-fire-colfax,KWK Events,Angel Fire,Colfax,Events & venues,profile-live,Hosted profile,Online profile,https://angelfirechamber.org/business/kwk-events/,False,ok,200,False,False,False
travel-guide-la-cosina-raton-colfax,La Cosina,Raton,Colfax,Food & drink,profile-live,Hosted profile,Online profile,https://www.facebook.com/lacosinacafe/,False,ok,200,False,False,False
yellowpages-lead-la-cosina-cafe-raton-colfax,La Cosina Cafe,Raton,Colfax,Food & drink,profile-live,Hosted profile,Online profile,https://www.yellowpages.com/raton-nm/business-listings/1,False,ok,200,False,False,False
la-quinta-inn-suites-las-animas-hotel,La Quinta Inn & Suites,Trinidad,Las Animas,Lodging & stays,profile-unconfirmed,Hosted profile,Listing link,https://visittrinidadcolorado.com/stay/,False,access_blocked,403,False,True,True
travel-guide-la-veta-anglers-la-veta-huerfano,La Veta Anglers,La Veta,Huerfano,Local business or service,profile-live,Hosted profile,Online profile,https://www.spanishpeakscountry.com/,False,redirect,200,False,False,True
yellowpages-lead-la-veta-cemetery-dist-walsenburg-huerfano,La Veta Cemetery Dist,Walsenburg,Huerfano,Local business or service,profile-live,Hosted profile,Online profile,https://www.yellowpages.com/walsenburg-co/business-listings/1,False,ok,200,False,False,False
travel-guide-la-veta-country-store-la-veta-huerfano,La Veta Country Store,La Veta,Huerfano,Food & drink,direct-live,Direct website,Connect online,https://lavetacountrystore.com/,True,ok,200,False,False,True
la-veta-country-store-valero-huerfano-retail-fuel-convenience,La Veta Country Store Valero,La Veta,Huerfano,Retail & local goods,contact-only,Contact only,No direct website listed,,False,,,False,True,True
la-veta-creative-district-huerfano,La Veta Creative District,La Veta,Huerfano,Arts & culture,direct-live,Direct website,Connect online,https://lavetacreativedistrict.org/,True,redirect,200,False,False,True
la-veta-creative-district-aid-for-artists-la-veta-huerfano-artist-funding-and-emergenc,La Veta Creative District Aid for Artists,La Veta,Huerfano,Funding & support,direct-live,Direct website,Connect online,https://www.lavetacreativedistrict.org/aid-for-artists,False,ok,200,False,False,False
la-veta-creative-district-creative-spaces-huerfano-creative-spaces-directo,La Veta Creative District creative spaces,La Veta,Huerfano,Arts & culture,direct-live,Direct website,Connect online,https://www.lavetacreativedistrict.org/creative-spaces,True,ok,200,False,False,False
la-veta-creative-district-creatives-directory-la-veta-huerfano-digital-local-artist-di,La Veta Creative District Creatives Directory,La Veta,Huerfano,Arts & culture,direct-live,Direct website,Connect online,https://www.lavetacreativedistrict.org/artists,False,ok,200,False,False,False
yellowpages-lead-la-veta-elementary-school-la-veta-huerfano,La Veta Elementary School,La Veta,Huerfano,Education & learning,profile-live,Hosted profile,Online profile,https://www.yellowpages.com/la-veta-co,False,ok,200,False,False,False
la-veta-fire-protection-district-huerfano-government-fire-district,La Veta Fire Protection District,La Veta,Huerfano,Public offices,direct-live,Direct website,Connect online,https://lavetafire.org,False,ok,200,False,False,False
yellowpages-lead-la-veta-high-school-la-veta-huerfano,La Veta High School,La Veta,Huerfano,Education & learning,profile-live,Hosted profile,Online profile,https://www.yellowpages.com/la-veta-co,False,ok,200,False,False,False
la-veta-inn-huerfano-lodging,La Veta Inn,La Veta,Huerfano,Lodging & stays,direct-live,Direct website,Connect online,https://lavetainncolorado.com/,True,redirect,200,False,True,True
yellowpages-lead-la-veta-junior-senior-high-school-la-veta-huerfano,La Veta Junior-Senior High School,La Veta,Huerfano,Education & learning,profile-live,Hosted profile,Online profile,https://www.yellowpages.com/la-veta-co,False,ok,200,False,False,False
la-veta-liquors-huerfano-retail,La Veta Liquors,La Veta,Huerfano,Retail & local goods,contact-only,Contact only,No direct website listed,,False,,,False,True,True
la-veta-mercantile-huerfano-retail,La Veta Mercantile,La Veta,Huerfano,Arts & culture,profile-live,Hosted profile,Online profile,https://www.facebook.com/lavetamercantile,False,ok,200,False,True,True
la-veta-oil-company-huerfano-service-fuel,La Veta Oil Company,La Veta,Huerfano,Auto & transportation,profile-live,Hosted profile,Online profile,https://www.yellowpages.com/la-veta-co,False,ok,200,False,True,True
la-veta-physical-therapy-huerfano-healthcare,La Veta Physical Therapy,La Veta,Huerfano,Health & wellness,contact-only,Contact only,No direct website listed,,False,,,False,True,True
la-veta-pines-rv-park-huerfano-lodging-rv,La Veta Pines RV Park,La Veta,Huerfano,Lodging & stays,direct-live,Direct website,Connect online,https://www.lavetapines.com/,True,ok,200,False,True,True
la-veta-propane-huerfano-service-utility,La Veta Propane,La Veta,Huerfano,Local business or service,contact-only,Contact only,No direct website listed,,False,,,False,True,True
yellowpages-lead-la-veta-public-library-la-veta-huerfano,La Veta Public Library,La Veta,Huerfano,Education & learning,profile-live,Hosted profile,Online profile,https://www.yellowpages.com/la-veta-co,False,ok,200,False,False,False
la-veta-public-library-district-huerfano-library-community,La Veta Public Library District,La Veta,Huerfano,Education & learning,direct-live,Direct website,Connect online,https://lvpl.org,False,ok,200,False,False,False
la-veta-school-of-the-arts-huerfano-creative-education,La Veta School of the Arts,La Veta,Huerfano,Arts & culture,direct-unconfirmed,Direct website,Website link,https://thelvesa.org/,False,network_error,,False,False,True
la-veta-schools-of-the-arts-huerfano-arts-culture-education,La Veta Schools of the Arts,La Veta,Huerfano,Arts & culture,contact-only,Contact only,No direct website listed,,False,,,False,True,True
yellowpages-lead-la-veta-town-marshall-la-veta-huerfano,La Veta Town Marshall,La Veta,Huerfano,Public offices,profile-live,Hosted profile,Online profile,https://www.yellowpages.com/la-veta-co,False,ok,200,False,False,False
la-veta-yoga-studio-huerfano-healthcare-wellness,La Veta Yoga Studio,La Veta,Huerfano,Health & wellness,contact-only,Contact only,No direct website listed,,False,,,False,True,True
travel-guide-la-veta-cuchara-chamber-of-commerce-cuchara-la-veta-huerfano,La Veta/Cuchara Chamber of Commerce,Cuchara / La Veta,Huerfano,Tourism & visitor info,profile-live,Hosted profile,Online profile,https://www.coloradodirectory.com/lavetacucharachamber,False,ok,200,False,False,False
laguna-vista-lodge-saloon-colfax-lodging-food,Laguna Vista Lodge & Saloon,Eagle Nest,Colfax,Lodging & stays,contact-only,Contact only,No direct website listed,,False,,,False,True,True
travel-guide-laguna-vista-lodge-historic-restaurant-and-saloon-angel-fire-colfax,"Laguna Vista Lodge, Historic Restaurant & Saloon",Angel Fire,Colfax,Lodging & stays,profile-live,Hosted profile,Online profile,https://angelfirechamber.org/business/laguna-vista/,False,ok,200,False,False,False
travel-guide-lake-isabel-entry-huerfano,Lake Isabel,,Huerfano,Local business or service,profile-live,Hosted profile,Online profile,https://spanishpeakscountry.com/scenic-points/,False,ok,200,False,False,False
yellowpages-lead-lake-view-country-kitchen-eagle-nest-colfax,Lake View Country Kitchen,Eagle Nest,Colfax,Local business or service,profile-live,Hosted profile,Online profile,https://www.yellowpages.com/eagle-nest-nm,False,ok,200,False,False,False
las-animas-trinidad-las-animas-leading-local-pages-and-channels-to-watch,Las Animas / Trinidad,Trinidad,Las Animas,Media & news,profile-live,Hosted profile,Online profile,https://trinidad.co.gov,False,ok,200,True,True,True
las-animas-county-trinidad-las-animas-social-media-digital-presence,Las Animas County / Trinidad,Trinidad,Las Animas,Media & news,profile-live,Hosted profile,Online profile,https://www.trinidad.co.gov,False,ok,200,False,False,False
yellowpages-lead-las-animas-county-assessor-trinidad-las-animas,Las Animas County Assessor,Trinidad,Las Animas,Public offices,profile-live,Hosted profile,Online profile,https://www.yellowpages.com/trinidad-co/business-listings/1,False,ok,200,False,False,False
yellowpages-lead-las-animas-county-government-trinidad-las-animas,Las Animas County Government,Trinidad,Las Animas,Public offices,profile-live,Hosted profile,Online profile,https://www.yellowpages.com/trinidad-co/business-listings/1,False,ok,200,False,False,False
las-animas-county-co-trinidad-aguilar-branson-cokedale-kim-starkville-un,"Las Animas County, CO Trinidad, Aguilar, Branson, Cokedale, Kim, Starkville & unincorporated communities",Trinidad,Las Animas,Public offices,profile-live,Hosted profile,Online profile,https://trinidad.co.gov,False,ok,200,False,False,False
las-animas-grill-las-animas-restaurant,Las Animas Grill,Trinidad,Las Animas,Food & drink,profile-unconfirmed,Hosted profile,Listing link,https://visittrinidadcolorado.com/dine/,False,access_blocked,403,False,True,True
las-animas-huerfano-counties-district-health-department-huerfano-governm,Las Animas-Huerfano Counties District Health Department,Walsenburg,Huerfano,Public offices,direct-unconfirmed,Direct website,Website link,https://la-h-health.colorado.gov,False,access_blocked,403,False,False,False
travel-guide-las-petacas-campground-angel-fire-colfax,Las Petacas Campground,Angel Fire,Colfax,Lodging & stays,profile-unconfirmed,Hosted profile,Listing link,https://visitangelfirenm.com/listing/las-petacas-campground/,False,access_blocked,403,False,False,True
lathrop-state-park-huerfano-tourism-outdoor-recreation,Lathrop State Park,Walsenburg,Huerfano,Tourism & visitor info,profile-live,Hosted profile,Online profile,https://www.coloradodirectory.com/costateparks/lathrop.html,False,ok,200,False,False,False
travel-guide-lathrop-state-park-campground-walsenburg-huerfano,Lathrop State Park Campground,Walsenburg,Huerfano,Lodging & stays,direct-live,Direct website,Connect online,https://cpw.state.co.us/placestogo/parks/Lathrop,True,redirect,200,False,False,True
yellowpages-lead-law-office-of-nancy-lake-trinidad-las-animas,Law Office of Nancy Lake,Trinidad,Las Animas,Local business or service,profile-live,Hosted profile,Online profile,https://www.yellowpages.com/trinidad-co/business-listings/1,False,ok,200,False,False,False
yellowpages-lead-lawrence-landscape-yd-mntnnc-trinidad-las-animas,Lawrence Landscape & Yd Mntnnc,Trinidad,Las Animas,"Home, land & contracting",profile-live,Hosted profile,Online profile,https://www.yellowpages.com/trinidad-co/business-listings/1,False,ok,200,False,False,False
yellowpages-lead-lee-s-bar-b-q-trinidad-las-animas,Lee's Bar-B-Q,Trinidad,Las Animas,Food & drink,profile-live,Hosted profile,Online profile,https://www.yellowpages.com/trinidad-co/business-listings/1,False,ok,200,False,False,False
lee-s-bbq-las-animas-restaurant,Lee's BBQ,Trinidad,Las Animas,Food & drink,profile-unconfirmed,Hosted profile,Listing link,https://visittrinidadcolorado.com/dine/,False,access_blocked,403,False,True,True
travel-guide-legacy-silver-angel-fire-colfax,Legacy Silver Company,Angel Fire,Colfax,Retail & local goods,profile-unconfirmed,Hosted profile,Listing link,https://visitangelfirenm.com/listing/legacy-silver-company/,False,access_blocked,403,False,False,True
travel-guide-legends-bar-and-grill-angel-fire-colfax,Legends Bar and Grill,Angel Fire,Colfax,Food & drink,profile-unconfirmed,Hosted profile,Listing link,https://visitangelfirenm.com/listing/legends-bar-and-grill/,False,access_blocked,403,False,False,True
yellowpages-lead-legends-flooring-interior-walsenburg-huerfano,Legends Flooring & Interior,Walsenburg,Huerfano,Local business or service,profile-live,Hosted profile,Online profile,https://www.yellowpages.com/walsenburg-co/business-listings/1,False,ok,200,False,False,False
travel-guide-legends-grill-angel-fire-colfax,Legends Grill,Angel Fire,Colfax,Food & drink,profile-live,Hosted profile,Online profile,https://angelfirechamber.org/business/legends-grill/,False,ok,200,False,False,False
legends-on-main-huerfano-retail,Legends on Main,La Veta,Huerfano,Retail & local goods,direct-live,Direct website,Connect online,https://www.legendsonmainstreet.com/,True,ok,200,False,True,True
yellowpages-lead-let-your-light-shine-electric-incorporated-raton-colfax,Let Your Light Shine Electric Incorporated,Raton,Colfax,"Home, land & contracting",profile-live,Hosted profile,Online profile,https://www.yellowpages.com/raton-nm/business-listings/1,False,ok,200,False,False,False
yellowpages-lead-libertyx-bitcoin-atm-trinidad-las-animas,LibertyX Bitcoin ATM,Trinidad,Las Animas,Local business or service,profile-live,Hosted profile,Online profile,https://www.yellowpages.com/trinidad-co/business-listings/1,False,ok,200,False,False,False
libraries-and-community-centers-regional-bulletin-boards-notice-boards-a,Libraries and community centers,Regional,Regional,Nonprofit & community,no-online-link,No online link,No online link listed,,False,,,False,False,False
lighthouse-coffee-and-his-majesty-s-bakery-huerfano-bakery-coffee,Lighthouse Coffee & His Majesty's Bakery,Walsenburg,Huerfano,Food & drink,profile-live,Hosted profile,Online profile,https://spanishpeakscountry.com/business-directory/listing/lighthouse-coffee-his-majestys-bakery,False,ok,200,False,True,True
yellowpages-lead-lincare-walsenburg-huerfano,Lincare,Walsenburg,Huerfano,Local business or service,profile-live,Hosted profile,Online profile,https://www.yellowpages.com/walsenburg-co/business-listings/1,False,ok,200,False,False,False
yellowpages-lead-linda-s-alterations-trinidad-las-animas,Linda's Alterations,Trinidad,Las Animas,Local business or service,profile-live,Hosted profile,Online profile,https://www.yellowpages.com/trinidad-co/business-listings/1,False,ok,200,False,False,False
travel-guide-lindsey-homes-angel-fire-colfax,Lindsey Homes,Angel Fire,Colfax,Local business or service,profile-unconfirmed,Hosted profile,Listing link,https://visitangelfirenm.com/listing/lindsey-homes/,False,access_blocked,403,False,False,True
travel-guide-lindsey-living-angel-fire-colfax,Lindsey Living,Angel Fire,Colfax,Retail & local goods,profile-live,Hosted profile,Online profile,https://angelfirechamber.org/business/category/gift-shops/,False,ok,200,False,False,True
travel-guide-lindsey-vacation-rentals-angel-fire-colfax,Lindsey Vacation Rentals,Angel Fire,Colfax,Lodging & stays,profile-unconfirmed,Hosted profile,Listing link,https://visitangelfirenm.com/listing/lindsey-vacation-rentals/,False,access_blocked,403,False,False,True
yellowpages-lead-line-of-sight-surveying-angel-fire-colfax,Line of Sight Surveying,Angel Fire,Colfax,Local business or service,profile-live,Hosted profile,Online profile,https://www.yellowpages.com/angel-fire-nm/business-listings/1,False,ok,200,False,False,False
lisa-lynn-wildlife-artist-huerfano-wildlife-artist,Lisa Lynn - Wildlife Artist,Walsenburg,Huerfano,Arts & culture,profile-live,Hosted profile,Online profile,https://www.walsenburgmercantile.com/meet-our-vendors,False,ok,200,False,False,True
little-bear-gallery-colfax-art-gallery,Little Bear Gallery,Raton,Colfax,Arts & culture,contact-only,Contact only,No direct website listed,,False,,,False,True,True
little-rox-s-ice-cream-shop-las-animas-dessert-retail-food,Little Rox's Ice Cream Shop,Trinidad,Las Animas,Food & drink,profile-unconfirmed,Hosted profile,Listing link,https://visittrinidadcolorado.com/dine/,False,access_blocked,403,False,False,True
lk-creative-angel-fire-colfax-freelance-graphic-design-online-resource,LK Creative,Angel Fire,Colfax,Arts & culture,profile-unconfirmed,Hosted profile,Listing link,https://www.startupspace.app/resource?page=62,False,access_blocked,403,False,False,False
yellowpages-lead-loaf-n-jug-raton-colfax,Loaf N Jug,Raton,Colfax,Local business or service,profile-live,Hosted profile,Online profile,https://www.yellowpages.com/raton-nm/business-listings/1,False,ok,200,False,False,False
travel-guide-loaf-n-jug-walsenburg-huerfano,Loaf N' Jug,Walsenburg,Huerfano,Food & drink,direct-live,Direct website,Connect online,https://www.loafnjug.com/,True,ok,200,False,False,True
local-newspapers-and-digital-news-regional-local-newspapers-and-digital-,Local newspapers and digital news,Regional,Regional,Media & news,no-online-link,No online link,No online link listed,,False,,,False,False,False
lodging-restaurants-retail-stores-and-service-businesses-regional-lodgin,"Lodging, restaurants, retail stores, and service businesses",Regional,Regional,Lodging & stays,no-online-link,No online link,No online link listed,,False,,,False,False,False
travel-guide-lokal-perks-la-veta-huerfano,Lokal Perks,La Veta,Huerfano,Food & drink,profile-live,Hosted profile,Online profile,https://www.spanishpeakscountry.com/,False,redirect,200,False,False,True
yellowpages-lead-longevity-chiropractic-center-angel-fire-colfax,Longevity Chiropractic Center,Angel Fire,Colfax,Local business or service,profile-live,Hosted profile,Online profile,https://www.yellowpages.com/angel-fire-nm/business-listings/1,False,ok,200,False,False,False
travel-guide-longhorn-lodge-angel-fire-colfax,Longhorn Lodge,Angel Fire,Colfax,Lodging & stays,profile-live,Hosted profile,Online profile,https://angelfirechamber.org/business/longhorn-lodge/,False,ok,200,False,False,False
los-chanquis-colfax-records-needing-manual-confirmation,Los Chanquis,Raton,Colfax,Local business or service,profile-live,Hosted profile,Online profile,https://www.facebook.com/p/Oasis-Restaurant-100059128702010/,False,ok,200,False,False,False
yellowpages-lead-los-chanquis-mexican-seafood-raton-colfax,Los Chanquis Mexican & Seafood,Raton,Colfax,Local business or service,profile-live,Hosted profile,Online profile,https://www.yellowpages.com/raton-nm/business-listings/1,False,ok,200,False,False,False
yellowpages-lead-los-fuentes-landscpg-constr-trinidad-las-animas,Los Fuentes Landscpg & Constr,Trinidad,Las Animas,Local business or service,profile-live,Hosted profile,Online profile,https://www.yellowpages.com/trinidad-co/business-listings/1,False,ok,200,False,False,False
travel-guide-los-rios-river-runners-angel-fire-colfax,Los Rios River Runners,Angel Fire,Colfax,Local business or service,profile-unconfirmed,Hosted profile,Listing link,https://visitangelfirenm.com/listing/los-rios-river-runners/,False,access_blocked,403,False,False,True
lou-s-diner-huerfano-restaurant-food,Lou's Diner,La Veta,Huerfano,Food & drink,address-only,Contact only,No direct website listed,,False,,,False,False,True
louden-community-library-las-animas-library-community-venue,Louden Community Library,Aguilar,Las Animas,Events & venues,contact-only,Contact only,No direct website listed,,False,,,False,True,False
yellowpages-lead-love-s-travel-stop-walsenburg-huerfano,Love's Travel Stop,Walsenburg,Huerfano,Local business or service,profile-live,Hosted profile,Online profile,https://www.yellowpages.com/walsenburg-co/business-listings/1,False,ok,200,False,False,False
yellowpages-lead-low-buck-storage-trinidad-las-animas,Low Buck Storage,Trinidad,Las Animas,Professional services,profile-live,Hosted profile,Online profile,https://www.yellowpages.com/trinidad-co/business-listings/1,False,ok,200,False,False,False
yellowpages-lead-low-cost-ignition-interlock-raton-colfax,Low Cost Ignition Interlock,Raton,Colfax,Local business or service,profile-live,Hosted profile,Online profile,https://www.yellowpages.com/raton-nm/business-listings/1,False,ok,200,False,False,False
lowe-s-market-colfax-retail-grocery,Lowe's Market,Angel Fire,Colfax,Retail & local goods,profile-unconfirmed,Hosted profile,Listing link,https://visitangelfirenm.com/listing/lowes-market/,False,access_blocked,403,False,False,True
lucky-blue-tattoo-las-animas-tattoo-tooth-gem-studio,Lucky Blue Tattoo,Trinidad,Las Animas,Arts & culture,direct-live,Direct website,Connect online,https://www.luckybluetattootrinidad.com/,True,ok,200,False,True,True
yellowpages-lead-lucky-duck-trinidad-las-animas,Lucky Duck,Trinidad,Las Animas,Local business or service,profile-live,Hosted profile,Online profile,https://www.yellowpages.com/trinidad-co/business-listings/1,False,ok,200,False,False,False
lyle-clift-huerfano-sculpture-independent-artist,Lyle Clift,La Veta,Huerfano,Arts & culture,profile-live,Hosted profile,Online profile,https://www.lavetacreativedistrict.org/artists,False,ok,200,False,False,False
lyn-s-hair-design-colfax-personal-services,Lyn's Hair Design,Raton,Colfax,Local business or service,profile-live,Hosted profile,Online profile,https://www.yellowpages.com/raton-nm/business-listings/1,False,ok,200,False,False,True
yellowpages-lead-m-m-automotive-trinidad-las-animas,M & M Automotive,Trinidad,Las Animas,Local business or service,profile-live,Hosted profile,Online profile,https://www.yellowpages.com/trinidad-co/business-listings/1,False,ok,200,False,False,False
yellowpages-lead-m-m-repair-towing-trinidad-las-animas,M & M Repair and Towing,Trinidad,Las Animas,Local business or service,profile-live,Hosted profile,Online profile,https://www.yellowpages.com/trinidad-co/business-listings/1,False,ok,200,False,False,False
travel-guide-made-in-raton-consignment-shop-raton-colfax,Made in Raton Consignment Shop,Raton,Colfax,Retail & local goods,profile-live,Hosted profile,Online profile,https://www.facebook.com/d4wghouse,False,ok,200,False,False,False
yellowpages-lead-magistrate-court-raton-colfax,Magistrate Court,Raton,Colfax,Local business or service,profile-live,Hosted profile,Online profile,https://www.yellowpages.com/raton-nm/business-listings/1,False,ok,200,False,False,False
yellowpages-lead-magnolia-road-cannabis-dispensary-trinidad-las-animas,Magnolia Road Cannabis Co. Dispensary,Trinidad,Las Animas,Local business or service,profile-live,Hosted profile,Online profile,https://www.yellowpages.com/trinidad-co/business-listings/1,False,ok,200,False,False,False
yellowpages-lead-main-event-walsenburg-huerfano,Main Event,Walsenburg,Huerfano,Events & venues,profile-live,Hosted profile,Online profile,https://www.yellowpages.com/walsenburg-co/business-listings/1,False,ok,200,False,False,False
travel-guide-main-street-antiques-walsenburg-huerfano,Main Street Antiques,Walsenburg,Huerfano,Retail & local goods,profile-live,Hosted profile,Online profile,https://www.spanishpeakscountry.com/,False,redirect,200,False,False,True
main-street-live-las-animas-performance-venue,Main Street LIVE,Trinidad,Las Animas,Arts & culture,direct-live,Direct website,Connect online,https://www.mainstreetlive.org/,True,ok,200,False,True,True
mainstreet-chamber-and-economic-development-groups-regional-mainstreet-c,"MainStreet, chamber, and economic-development groups",Regional,Regional,Tourism & visitor info,no-online-link,No online link,No online link listed,,False,,,False,False,False
mallory-s-treehouse-huerfano-local-maker-vendor,Mallory's Treehouse,Walsenburg,Huerfano,Arts & culture,profile-live,Hosted profile,Online profile,https://www.walsenburgmercantile.com/meet-our-vendors,False,ok,200,False,False,True
yellowpages-lead-mangino-s-automotive-center-trinidad-las-animas,Mangino's Automotive Center,Trinidad,Las Animas,Local business or service,profile-live,Hosted profile,Online profile,https://www.yellowpages.com/trinidad-co/business-listings/1,False,ok,200,False,False,False
maria-battista-huerfano-sculpture-independent-artist,Maria Battista,La Veta,Huerfano,Arts & culture,profile-live,Hosted profile,Online profile,https://www.lavetacreativedistrict.org/artists,False,ok,200,False,False,False
marketplace-gallery-las-animas-multi-artist-gallery,Marketplace Gallery,Trinidad,Las Animas,Arts & culture,direct-unconfirmed,Direct website,Website link,https://www.marketplacegallery.net,False,network_error,,False,False,True
marta-moore-art-huerfano-painting-artist,Marta Moore Art,La Veta,Huerfano,Arts & culture,profile-live,Hosted profile,Online profile,https://www.lavetacreativedistrict.org/artists,False,ok,200,False,False,False
yellowpages-lead-martin-financial-advisers-raton-colfax,Martin Financial Advisers,Raton,Colfax,Professional services,profile-live,Hosted profile,Online profile,https://www.yellowpages.com/raton-nm/business-listings/1,False,ok,200,False,False,False
mary-scott-nevermore-fiber-fabrications-huerfano-fiber-arts-artist,Mary Scott / Nevermore Fiber Fabrications,La Veta,Huerfano,Arts & culture,profile-live,Hosted profile,Online profile,https://www.lavetacreativedistrict.org/artists,False,ok,200,False,False,False
travel-guide-maverick-campground-angel-fire-colfax,Maverick Campground,Angel Fire,Colfax,Lodging & stays,profile-unconfirmed,Hosted profile,Listing link,https://visitangelfirenm.com/listing/maverick-campground/,False,access_blocked,403,False,False,True
yellowpages-lead-maverick-glass-trinidad-las-animas,Maverick Glass Co,Trinidad,Las Animas,Local business or service,profile-live,Hosted profile,Online profile,https://www.yellowpages.com/trinidad-co/business-listings/1,False,ok,200,False,False,False
yellowpages-lead-mcb-computers-raton-colfax,MCB Computers,Raton,Colfax,Local business or service,profile-live,Hosted profile,Online profile,https://www.yellowpages.com/raton-nm/business-listings/1,False,ok,200,False,False,False
yellowpages-lead-mccash-strider-a-dds-angel-fire-colfax,"McCash, Strider A, DDS",Angel Fire,Colfax,Local business or service,profile-live,Hosted profile,Online profile,https://www.yellowpages.com/angel-fire-nm/business-listings/1,False,ok,200,False,False,False
yellowpages-lead-mcconnell-steven-l-atty-raton-colfax,"McConnell, Steven L, ATTY",Raton,Colfax,Local business or service,profile-live,Hosted profile,Online profile,https://www.yellowpages.com/raton-nm/business-listings/1,False,ok,200,False,False,False
travel-guide-mcdonald-s-raton-colfax,McDonald's,Raton,Colfax,Food & drink,direct-unconfirmed,Direct website,Website link,https://www.mcdonalds.com/us/en-us/location/nm/raton/542-clayton-rd/6011.html?cid=RF:YXT:GMB::Clicks,False,timeout,,False,False,False
yellowpages-lead-mcdonald-s-trinidad-las-animas,McDonald's,Trinidad,Las Animas,Local business or service,profile-live,Hosted profile,Online profile,https://www.yellowpages.com/trinidad-co/business-listings/1,False,ok,200,False,False,False
yellowpages-lead-mcgowen-monty-dc-trinidad-las-animas,"McGowen, Monty, DC",Trinidad,Las Animas,Local business or service,profile-live,Hosted profile,Online profile,https://www.yellowpages.com/trinidad-co/business-listings/1,False,ok,200,False,False,False
travel-guide-mcmc-auxiliary-gift-shop-raton-colfax,MCMC Auxiliary Gift Shop,Raton,Colfax,Retail & local goods,profile-live,Hosted profile,Online profile,https://www.facebook.com/profile.php?id=100090788985185,False,redirect,200,False,False,False
travel-guide-mcmc-auxiliary-thrift-shop-raton-colfax,MCMC Auxiliary Thrift Shop,Raton,Colfax,Retail & local goods,profile-live,Hosted profile,Online profile,https://www.facebook.com/profile.php?id=100045651197664,False,redirect,200,False,False,False
yellowpages-lead-medicine-shoppe-raton-colfax,Medicine Shoppe,Raton,Colfax,Local business or service,profile-live,Hosted profile,Online profile,https://www.yellowpages.com/raton-nm/business-listings/1,False,ok,200,False,False,False
medicine-shoppe-pharmacy-colfax-healthcare-pharmacy,Medicine Shoppe Pharmacy,Raton,Colfax,Health & wellness,contact-only,Contact only,No direct website listed,,False,,,False,True,True
mesa-pharmacy-colfax-healthcare-pharmacy,Mesa Pharmacy,Raton,Colfax,Health & wellness,profile-live,Hosted profile,Online profile,https://www.yellowpages.com/raton-nm/business-listings/1,False,ok,200,False,True,True
yellowpages-lead-mesa-vista-veterinary-hospital-raton-colfax,Mesa Vista Veterinary Hospital,Raton,Colfax,Health & wellness,profile-live,Hosted profile,Online profile,https://www.yellowpages.com/raton-nm/business-listings/1,False,ok,200,False,False,False
travel-guide-mesalands-cc-dinosaur-museum-raton-colfax,Mesalands CC Dinosaur Museum,Raton,Colfax,Arts & culture,profile-live,Hosted profile,Online profile,https://www.newmexico.org/listing/mesalands-community-college%e2%80%99s-dinosaur-museum/1411/,False,ok,200,False,False,False
travel-guide-mesalands-scenic-byway-raton-colfax,Mesalands Scenic Byway,Raton,Colfax,Local business or service,profile-live,Hosted profile,Online profile,https://www.newmexico.org/places-to-visit/scenic-byways/mesalands/,False,ok,200,False,False,False
mi-cocina-mexicana-colfax-food-beverage,Mi Cocina Mexicana,Angel Fire,Colfax,Food & drink,profile-unconfirmed,Hosted profile,Listing link,https://visitangelfirenm.com/listing/mi-cocina-mexicana/,False,access_blocked,403,False,False,True
yellowpages-lead-michael-a-martinez-sw-raton-colfax,"Michael A Martinez, SW",Raton,Colfax,Local business or service,profile-live,Hosted profile,Online profile,https://www.yellowpages.com/raton-nm/business-listings/1,False,ok,200,False,False,False
microsoft-for-startups-regional-training-technical-assistance,Microsoft for Startups,Regional,Regional,Business support,no-online-link,No online link,No online link listed,,False,,,False,False,False
microtel-inn-suites-by-wyndham-raton-colfax-lodging,Microtel Inn & Suites by Wyndham Raton,Raton,Colfax,Lodging & stays,profile-live,Hosted profile,Online profile,https://www.yellowpages.com/raton-nm/business-listings/1,False,ok,200,False,False,True
mike-snoddy-huerfano-local-maker-vendor,Mike Snoddy,Walsenburg,Huerfano,Arts & culture,profile-live,Hosted profile,Online profile,https://www.walsenburgmercantile.com/meet-our-vendors,False,ok,200,False,False,True
travel-guide-mikuna-grill-angel-fire-colfax,Mikuna Grill,Angel Fire,Colfax,Food & drink,profile-unconfirmed,Hosted profile,Listing link,https://visitangelfirenm.com/listing/mikuna-grill/,False,access_blocked,403,False,False,True
travel-guide-mikuna-grill-is-temporarily-at-bakery-and-cafe-angel-fire-angel-fire-colfax,Mikuna Grill is temporarily at The Bakery & Cafe @Angel Fire,Angel Fire,Colfax,Food & drink,profile-live,Hosted profile,Online profile,https://angelfirechamber.org/business/mikuna-grill/,False,ok,200,False,False,False
travel-guide-million-dollar-shot-entry-huerfano,Million Dollar Shot,,Huerfano,Local business or service,profile-live,Hosted profile,Online profile,https://spanishpeakscountry.com/attractions/,False,ok,200,False,False,False
mimi-s-creations-huerfano-creative-goods-vendor,Mimi's Creations,Walsenburg,Huerfano,Arts & culture,profile-live,Hosted profile,Online profile,https://www.walsenburgmercantile.com/meet-our-vendors,False,ok,200,False,False,True
mimi-s-merch-huerfano-merchandise-maker-vendor,Mimi's Merch,Walsenburg,Huerfano,Arts & culture,profile-live,Hosted profile,Online profile,https://www.walsenburgmercantile.com/meet-our-vendors,False,ok,200,False,False,True
yellowpages-lead-mindy-s-nails-trinidad-las-animas,Mindy's Nails,Trinidad,Las Animas,Local business or service,profile-live,Hosted profile,Online profile,https://www.yellowpages.com/trinidad-co/business-listings/1,False,ok,200,False,False,False
miner-s-colfax-medical-center-colfax-hospital,Miner's Colfax Medical Center,Raton,Colfax,Health & wellness,contact-only,Contact only,No direct website listed,,False,,,False,True,True
yellowpages-lead-miners-long-term-care-facility-raton-colfax,Miners Long-Term Care Facility,Raton,Colfax,Local business or service,profile-live,Hosted profile,Online profile,https://www.yellowpages.com/raton-nm/business-listings/1,False,ok,200,False,False,False
miners-colfax-medical-center-colfax-healthcare,Miners' Colfax Medical Center,Raton,Colfax,Health & wellness,contact-only,Contact only,No direct website listed,,False,,,False,True,True
mission-at-the-bell-las-animas-restaurant-venue,Mission at the Bell,Trinidad,Las Animas,Events & venues,direct-unconfirmed,Direct website,Website link,https://missionatthebell.com,False,access_blocked,403,False,True,True
yellowpages-lead-mission-at-bell-restaurant-trinidad-las-animas,Mission at the Bell Restaurant,Trinidad,Las Animas,Food & drink,profile-live,Hosted profile,Online profile,https://www.yellowpages.com/trinidad-co/business-listings/1,False,ok,200,False,False,False
mission-wolf-huerfano-nonprofit-attraction,Mission:Wolf,La Veta,Huerfano,Nonprofit & community,profile-live,Hosted profile,Online profile,https://spanishpeakscountry.com/attractions/,False,ok,200,False,False,False
model-las-animas-local listing-sparse-nodes,Model,Model,Las Animas,Nonprofit & community,no-online-link,No online link,No online link listed,,False,,,False,False,False
travel-guide-monte-verde-lake-angel-fire-colfax,Monte Verde Lake,Angel Fire,Colfax,Local business or service,profile-unconfirmed,Hosted profile,Listing link,https://visitangelfirenm.com/listing/monte-verde-lake/,False,access_blocked,403,False,False,True
yellowpages-lead-monte-verde-lake-office-angel-fire-colfax,Monte Verde Lake Office,Angel Fire,Colfax,Local business or service,profile-live,Hosted profile,Online profile,https://www.yellowpages.com/angel-fire-nm/business-listings/1,False,ok,200,False,False,False
travel-guide-monte-verde-rv-park-and-campground-angel-fire-colfax,Monte Verde RV Park & Campground,Angel Fire,Colfax,Lodging & stays,direct-live,Direct website,Connect online,https://monteverderv.com/,True,ok,200,False,False,True
monument-lake-resort-las-animas-resort-lodging,Monument Lake Resort,Trinidad,Las Animas,Lodging & stays,direct-live,Direct website,Connect online,https://themonumentlakeresort.com,True,ok,200,False,True,True
moon-mountain-studio-huerfano-studio-maker-vendor,Moon Mountain Studio,Walsenburg,Huerfano,Arts & culture,profile-live,Hosted profile,Online profile,https://www.walsenburgmercantile.com/meet-our-vendors,False,ok,200,False,False,True
yellowpages-lead-moreno-valley-healthcare-clinic-angel-fire-colfax,Moreno Valley Healthcare Clinic,Angel Fire,Colfax,Health & wellness,profile-live,Hosted profile,Online profile,https://www.yellowpages.com/angel-fire-nm/business-listings/1,False,ok,200,False,False,False
yellowpages-lead-moreno-valley-high-school-angel-fire-colfax,Moreno Valley High School,Angel Fire,Colfax,Education & learning,profile-live,Hosted profile,Online profile,https://www.yellowpages.com/angel-fire-nm/business-listings/1,False,ok,200,False,False,False
yellowpages-lead-moreno-valley-taos-pines-substation-angel-fire-colfax,Moreno Valley-Taos Pines Substation,Angel Fire,Colfax,Local business or service,profile-live,Hosted profile,Online profile,https://www.yellowpages.com/angel-fire-nm/business-listings/1,False,ok,200,False,False,False
yellowpages-lead-morning-star-express-angel-fire-colfax,Morning Star Express,Angel Fire,Colfax,Local business or service,profile-live,Hosted profile,Online profile,https://www.yellowpages.com/angel-fire-nm/business-listings/1,False,ok,200,False,False,False
travel-guide-morning-star-restaurant-angel-fire-colfax,Morning Star Restaurant,Angel Fire,Colfax,Food & drink,profile-live,Hosted profile,Online profile,https://angelfirechamber.org/business/morning-star-restaurant/,False,ok,200,False,False,True
mountain-bubbles-huerfano-body-care-local-goods-vendor,Mountain Bubbles,Walsenburg,Huerfano,Arts & culture,profile-live,Hosted profile,Online profile,https://www.walsenburgmercantile.com/meet-our-vendors,False,ok,200,False,False,True
yellowpages-lead-mountain-creek-home-health-walsenburg-huerfano,Mountain Creek Home Health,Walsenburg,Huerfano,Health & wellness,profile-live,Hosted profile,Online profile,https://www.yellowpages.com/walsenburg-co/business-listings/1,False,ok,200,False,False,False
mountain-escapes-huerfano-local-goods-vendor,Mountain Escapes,Walsenburg,Huerfano,Arts & culture,profile-live,Hosted profile,Online profile,https://www.walsenburgmercantile.com/meet-our-vendors,False,ok,200,False,False,True
mountain-merman-brewing-company-huerfano-restaurant-food-brewery,Mountain Merman Brewing Company,La Veta,Huerfano,Food & drink,profile-live,Hosted profile,Online profile,https://spanishpeakscountry.com/business-directory/listing/mountain-merman-brewing-company,False,ok,200,False,True,True
travel-guide-mountain-serenity-rentals-angel-fire-colfax,Mountain Serenity Rentals,Angel Fire,Colfax,Local business or service,profile-unconfirmed,Hosted profile,Listing link,https://visitangelfirenm.com/listing/mountain-serenity-rentals/,False,access_blocked,403,False,False,True
yellowpages-lead-mountain-sports-angel-fire-colfax,Mountain Sports,Angel Fire,Colfax,Local business or service,profile-live,Hosted profile,Online profile,https://www.yellowpages.com/angel-fire-nm/business-listings/1,False,ok,200,False,False,False
mountain-sports-of-angel-fire-colfax-retail-outdoor,Mountain Sports of Angel Fire,Angel Fire,Colfax,Retail & local goods,profile-live,Hosted profile,Online profile,https://angelfirechamber.org/business/mountain-sports-of-angel-fire/,False,ok,200,False,False,True
mountain-supply-true-value-colfax-retail-hardware,Mountain Supply True Value,Angel Fire,Colfax,Retail & local goods,profile-live,Hosted profile,Online profile,https://www.yellowpages.com/angel-fire-nm/business-listings/1,False,ok,200,False,False,True
mountain-time-pilates-huerfano-healthcare-wellness,Mountain Time Pilates,La Veta,Huerfano,Health & wellness,address-only,Contact only,No direct website listed,,False,,,False,False,True
travel-guide-mountain-view-event-center-angel-fire-colfax,Mountain View Event Center,Angel Fire,Colfax,Events & venues,profile-unconfirmed,Hosted profile,Listing link,https://visitangelfirenm.com/listing/mountain-view-event-center/,False,access_blocked,403,False,False,True
mountain-view-sanctuary-huerfano-local-goods-vendor,Mountain View Sanctuary,Walsenburg,Huerfano,Arts & culture,profile-live,Hosted profile,Online profile,https://www.walsenburgmercantile.com/meet-our-vendors,False,ok,200,False,False,True
mt-carmel-wellness-and-community-center-las-animas-community-classes-welln,Mt. Carmel Wellness & Community Center,Trinidad,Las Animas,Arts & culture,direct-live,Direct website,Connect online,https://www.mtcarmelcenter.org/wellness-programs,True,ok,200,False,False,True
mt-san-rafael-hospital-las-animas-healthcare,Mt. San Rafael Hospital,Trinidad,Las Animas,Health & wellness,direct-live,Direct website,Connect online,https://msrhc.org,True,redirect,200,False,False,False
travel-guide-mulligan-s-raton-colfax,Mulligan's,Raton,Colfax,Food & drink,profile-live,Hosted profile,Online profile,https://www.facebook.com/MulligansRestaurant/?rf=973642736005722,False,ok,200,False,False,False
municipal-and-tourism-calendars-regional-municipal-and-tourism-calendars,Municipal and tourism calendars,Regional,Regional,Tourism & visitor info,no-online-link,No online link,No online link listed,,False,,,False,False,False
yellowpages-lead-murphy-cpa-associates-raton-colfax,Murphy CPA & Associates,Raton,Colfax,Local business or service,profile-live,Hosted profile,Online profile,https://www.yellowpages.com/raton-nm/business-listings/1,False,ok,200,False,False,False
museum-of-friends-huerfano-contemporary-art-museum-gallery,Museum of Friends,Walsenburg,Huerfano,Arts & culture,direct-live,Direct website,Connect online,https://www.museumoffriends.org/,True,ok,200,True,True,True
travel-guide-music-from-angel-fire-angel-fire-colfax,Music from Angel Fire,Angel Fire,Colfax,Tourism & visitor info,profile-live,Hosted profile,Online profile,https://angelfirechamber.org/business/music-from-angel-fire/,False,ok,200,False,False,True
my-one-hour-office-huerfano-business-support,My One Hour Office,Walsenburg,Huerfano,Business support,direct-live,Direct website,Connect online,https://myonehouroffice.com/,False,ok,200,True,True,True
yellowpages-lead-napa-auto-parts-trinidad-las-animas,NAPA Auto Parts,Trinidad,Las Animas,Auto & transportation,profile-live,Hosted profile,Online profile,https://www.yellowpages.com/trinidad-co/business-listings/1,False,ok,200,False,False,False
yellowpages-lead-napa-auto-parts-professional-auto-parts-service-repair-angel-fire-colfax,Napa Auto Parts - Professional Auto Parts Service & Repair,Angel Fire,Colfax,Auto & transportation,profile-live,Hosted profile,Online profile,https://www.yellowpages.com/angel-fire-nm/business-listings/1,False,ok,200,False,False,False
yellowpages-lead-native-roots-santa-fe-trail-dr-trinidad-las-animas,Native Roots Santa Fe Trail Dr,Trinidad,Las Animas,Outdoor recreation,profile-live,Hosted profile,Online profile,https://www.yellowpages.com/trinidad-co/business-listings/1,False,ok,200,False,False,False
yellowpages-lead-natural-food-store-trinidad-las-animas,Natural Food Store,Trinidad,Las Animas,Food & drink,profile-live,Hosted profile,Online profile,https://www.yellowpages.com/trinidad-co/business-listings/1,False,ok,200,False,False,False
navajo-western-water-district-huerfano-government-special-district,Navajo Western Water District,La Veta,Huerfano,Public offices,direct-live,Direct website,Connect online,https://nwwd.us,False,ok,200,False,False,False
yellowpages-lead-new-mexico-state-raton-colfax,New Mexico - State,Raton,Colfax,Local business or service,profile-live,Hosted profile,Online profile,https://www.yellowpages.com/raton-nm/business-listings/1,False,ok,200,False,False,False
new-mexico-artist-directory-regional-regional-statewide-artist-studios-galleries-and-m,New Mexico Artist Directory,Regional,Regional,Arts & culture,direct-live,Direct website,Connect online,https://www.newmexicoartistdirectory.com/,False,ok,200,False,False,False
new-mexico-creative-industries-resource-center-regional-regional-statewide-creative-re,New Mexico Creative Industries Resource Center,Regional,Regional,Arts & culture,profile-live,Hosted profile,Online profile,https://www.edd.newmexico.gov/divisions-and-offices/creative-industries/creative-industries-resource-center/,False,redirect,200,False,False,False
travel-guide-new-mexico-river-adventures-angel-fire-colfax,New Mexico River Adventures,Angel Fire,Colfax,Outdoor recreation,profile-live,Hosted profile,Online profile,https://angelfirechamber.org/business/new-mexico-river-adventures/,False,ok,200,False,False,False
yellowpages-lead-new-mexico-state-government-raton-colfax,New Mexico State Government,Raton,Colfax,Public offices,profile-live,Hosted profile,Online profile,https://www.yellowpages.com/raton-nm/business-listings/1,False,ok,200,False,False,False
yellowpages-lead-new-mexico-state-government-children-youth-families-raton-colfax,New Mexico State Government Children Youth and Families,Raton,Colfax,Public offices,profile-live,Hosted profile,Online profile,https://www.yellowpages.com/raton-nm/business-listings/1,False,ok,200,False,False,False
yellowpages-lead-new-mexico-state-government-courts-raton-colfax,New Mexico State Government Courts,Raton,Colfax,Public offices,profile-live,Hosted profile,Online profile,https://www.yellowpages.com/raton-nm/business-listings/1,False,ok,200,False,False,False
news-radio-regional-news-radio,News/radio,Regional,Regional,Media & news,no-online-link,No online link,No online link listed,,False,,,False,False,False
nickell-designs-huerfano-design-maker-vendor,Nickell Designs,Walsenburg,Huerfano,Arts & culture,profile-live,Hosted profile,Online profile,https://www.walsenburgmercantile.com/meet-our-vendors,False,ok,200,False,False,True
nicole-copel-ceramics-huerfano-ceramics-pottery-artist,Nicole Copel Ceramics,La Veta,Huerfano,Arts & culture,direct-live,Direct website,Connect online,https://www.nicolecopelceramics.com,True,ok,200,False,False,False
nm-creative-industries-grant-opportunities-regional-regional-creative-grants-and-publi,NM Creative Industries Grant Opportunities,Regional,Regional,Arts & culture,profile-live,Hosted profile,Online profile,https://www.edd.newmexico.gov/grants/cid-grants/,False,redirect,200,False,False,False
nm-creative-industries-submit-or-update-a-resource-listing-regional-regional-creative,NM Creative Industries Submit or Update a Resource Listing,Regional,Regional,Arts & culture,profile-live,Hosted profile,Online profile,https://www.edd.newmexico.gov/divisions-and-offices/creative-industries/creative-industries-resource-center/,False,redirect,200,False,False,False
nm-creativecon-creative-industries-event-series-raton-colfax-creative-entrepreneurship,NM CreativeCon / Creative Industries Event Series,Raton,Colfax,Arts & culture,profile-live,Hosted profile,Online profile,https://www.edd.newmexico.gov/press-releases/state-launches-nm-creativecon-series-to-boost-creative-economy/,False,redirect,200,False,False,False
yellowpages-lead-noah-s-ark-animal-welfare-association-trinidad-las-animas,Noah's Ark Animal Welfare Association,Trinidad,Las Animas,Local business or service,profile-live,Hosted profile,Online profile,https://www.yellowpages.com/trinidad-co/business-listings/1,False,ok,200,False,False,False
noisy-water-winery-and-cellars-colfax-food-beverage,Noisy Water Winery and Cellars,,Colfax,Food & drink,no-online-link,No online link,No online link listed,,False,,,False,False,False
nonprofit-and-community-service-grants-regional-nonprofit-and-community-,Nonprofit and community-service grants,Regional,Regional,Nonprofit & community,no-online-link,No online link,No online link listed,,False,,,False,False,False
yellowpages-lead-north-avenue-apartments-trinidad-las-animas,North Avenue Apartments,Trinidad,Las Animas,Local business or service,profile-live,Hosted profile,Online profile,https://www.yellowpages.com/trinidad-co/business-listings/1,False,ok,200,False,False,False
travel-guide-north-country-real-estate-angel-fire-colfax,North Country Real Estate,Angel Fire,Colfax,Professional services,profile-unconfirmed,Hosted profile,Listing link,https://visitangelfirenm.com/listing/north-country-real-estate/,False,access_blocked,403,False,False,True
travel-guide-northeast-region-interactive-birding-map-raton-colfax,Northeast Region Interactive Birding Map,Raton,Colfax,Local business or service,profile-live,Hosted profile,Online profile,https://www.newmexico.org/places-to-visit/regions/northeast/northeast-region-birding-map/,False,ok,200,False,False,False
yellowpages-lead-northeastern-construction-angel-fire-colfax,Northeastern Construction,Angel Fire,Colfax,"Home, land & contracting",profile-live,Hosted profile,Online profile,https://www.yellowpages.com/angel-fire-nm/business-listings/1,False,ok,200,False,False,False
yellowpages-lead-northern-new-mexico-gas-company-angel-fire-colfax,Northern New Mexico Gas Company,Angel Fire,Colfax,Auto & transportation,profile-live,Hosted profile,Online profile,https://www.yellowpages.com/angel-fire-nm/business-listings/1,False,ok,200,False,False,False
travel-guide-nra-whittington-center-pro-shop-raton-colfax,NRA Whittington Center Pro Shop,Raton,Colfax,Retail & local goods,direct-live,Direct website,Connect online,https://sharenm.org/st-vincent-de-paul-svdp/st-vincent-de-paul-society-raton,True,ok,200,False,False,False
travel-guide-nuckolls-brewing-angel-fire-colfax,Nuckolls Brewing Co.,Angel Fire,Colfax,Food & drink,direct-live,Direct website,Connect online,https://www.nuckollsbrewing.com/,True,ok,200,False,False,False
yellowpages-lead-o-reilly-auto-parts-walsenburg-huerfano,O'Reilly Auto Parts,Walsenburg,Huerfano,Auto & transportation,profile-live,Hosted profile,Online profile,https://www.yellowpages.com/walsenburg-co/business-listings/1,False,ok,200,False,False,False
travel-guide-oasis-restaurant-raton-colfax,Oasis Restaurant,Raton,Colfax,Food & drink,direct-live,Direct website,Connect online,https://locations.sonicdrivein.com/nm/raton/327-clayton-road.html,True,redirect,200,False,False,False
odie-art-huerfano-artist-vendor,Odie Art,Walsenburg,Huerfano,Arts & culture,profile-live,Hosted profile,Online profile,https://www.walsenburgmercantile.com/meet-our-vendors,False,ok,200,False,False,True
travel-guide-off-grid-grow-dispensary-angel-fire-colfax,Off Grid Grow Co. Dispensary,Angel Fire,Colfax,Retail & local goods,profile-unconfirmed,Hosted profile,Listing link,https://visitangelfirenm.com/listing/off-grid-grow-co-dispensary/,False,access_blocked,403,False,False,True
yellowpages-lead-ojo-springs-drilling-well-walsenburg-huerfano,Ojo' Springs Drilling & Well,Walsenburg,Huerfano,Local business or service,profile-live,Hosted profile,Online profile,https://www.yellowpages.com/walsenburg-co/business-listings/1,False,ok,200,False,False,False
yellowpages-lead-ol-reliable-car-care-walsenburg-huerfano,Ol' Reliable Car Care,Walsenburg,Huerfano,Local business or service,profile-live,Hosted profile,Online profile,https://www.yellowpages.com/walsenburg-co/business-listings/1,False,ok,200,False,False,False
ol-e-smokes-las-animas-retail,Ol'e Smokes,Aguilar,Las Animas,Retail & local goods,address-only,Contact only,No direct website listed,,False,,,False,False,True
old-mill-museum-colfax-arts-culture,Old Mill Museum,Cimarron,Colfax,Arts & culture,no-online-link,No online link,No online link listed,,False,,,False,False,False
old-pass-gallery-colfax-arts-culture,Old Pass Gallery,Raton,Colfax,Arts & culture,direct-live,Direct website,Connect online,https://www.ratonarts.org/,True,ok,200,False,True,True
travel-guide-olympic-park-angel-fire-colfax,Olympic Park,Angel Fire,Colfax,Outdoor recreation,profile-unconfirmed,Hosted profile,Listing link,https://visitangelfirenm.com/listing/olympic-park/,False,access_blocked,403,False,False,True
travel-guide-one-people-s-kitchen-angel-fire-colfax,One People's Kitchen,Angel Fire,Colfax,Food & drink,profile-unconfirmed,Hosted profile,Listing link,https://visitangelfirenm.com/listing/one-peoples-kitchen/,False,access_blocked,403,False,False,True
travel-guide-our-home-vacation-rentals-green-karma-getaway-and-hippie-train-lodge-walsenburg-huerfano,Our Home Vacation Rentals - Green Karma Getaway & Hippie Train Lodge,Walsenburg,Huerfano,Lodging & stays,direct-live,Direct website,Connect online,https://vacationinwalsenbu.wixsite.com/ourhomerental,True,ok,200,False,False,True
our-lady-of-guadalupe-church-and-medina-cemetery-las-animas-heritage-cul,Our Lady of Guadalupe Church and Medina Cemetery,Aguilar,Las Animas,Nonprofit & community,no-online-link,No online link,No online link listed,,False,,,False,False,False
travel-guide-owner-anita-ramsey-curtis-schultz-eagle-nest-colfax,Owner: Anita Ramsey/Curtis Schultz,Eagle Nest,Colfax,Local business or service,profile-live,Hosted profile,Online profile,https://www.eaglenest.org/water_waste_water/businessdirectory,False,ok,200,False,True,True
travel-guide-owner-bert-clemens-eagle-nest-colfax,Owner: Bert Clemens,Eagle Nest,Colfax,Local business or service,profile-live,Hosted profile,Online profile,https://www.eaglenest.org/water_waste_water/businessdirectory,False,ok,200,False,True,True
travel-guide-owner-bob-doviak-eagle-nest-colfax,Owner: Bob Doviak,Eagle Nest,Colfax,Local business or service,profile-live,Hosted profile,Online profile,https://www.eaglenest.org/water_waste_water/businessdirectory,False,ok,200,False,True,True
travel-guide-owner-david-fitzpatrick-eagle-nest-colfax,Owner: David Fitzpatrick,Eagle Nest,Colfax,Local business or service,profile-live,Hosted profile,Online profile,https://www.eaglenest.org/water_waste_water/businessdirectory,False,ok,200,False,True,True
travel-guide-owner-elden-and-mary-berglund-eagle-nest-colfax,Owner: Elden & Mary Berglund,Eagle Nest,Colfax,Local business or service,profile-live,Hosted profile,Online profile,https://www.eaglenest.org/water_waste_water/businessdirectory,False,ok,200,False,True,True
travel-guide-owner-glenda-lenz-eagle-nest-colfax,Owner: Glenda Lenz,Eagle Nest,Colfax,Local business or service,profile-live,Hosted profile,Online profile,https://www.eaglenest.org/water_waste_water/businessdirectory,False,ok,200,False,True,True
travel-guide-owner-jessica-duke-eagle-nest-colfax,Owner: Jessica Duke,Eagle Nest,Colfax,Local business or service,profile-live,Hosted profile,Online profile,https://www.eaglenest.org/water_waste_water/businessdirectory,False,ok,200,False,True,True
travel-guide-owner-kai-and-daniel-marcy-eagle-nest-colfax,Owner: Kai & Daniel Marcy,Eagle Nest,Colfax,Local business or service,profile-live,Hosted profile,Online profile,https://www.eaglenest.org/water_waste_water/businessdirectory,False,ok,200,False,True,True
travel-guide-owner-lisa-and-nathan-karceynski-eagle-nest-colfax,Owner: Lisa & Nathan Karceynski,Eagle Nest,Colfax,Local business or service,profile-live,Hosted profile,Online profile,https://www.eaglenest.org/water_waste_water/businessdirectory,False,ok,200,False,True,True
travel-guide-owner-ryan-hodge-eagle-nest-colfax,Owner: Ryan Hodge,Eagle Nest,Colfax,Local business or service,profile-live,Hosted profile,Online profile,https://www.eaglenest.org/water_waste_water/businessdirectory,False,ok,200,False,True,True
travel-guide-owner-steve-hefner-eagle-nest-colfax,Owner: Steve Hefner,Eagle Nest,Colfax,Local business or service,profile-live,Hosted profile,Online profile,https://www.eaglenest.org/water_waste_water/businessdirectory,False,ok,200,False,True,True
travel-guide-owner-timothy-urtiaga-eagle-nest-colfax,Owner: Timothy Urtiaga,Eagle Nest,Colfax,Local business or service,profile-live,Hosted profile,Online profile,https://www.eaglenest.org/water_waste_water/businessdirectory,False,ok,200,False,True,True
pack-mule-mercantile-las-animas-handmade-goods-vintage-art-retail,Pack Mule Mercantile,Trinidad,Las Animas,Retail & local goods,profile-live,Hosted profile,Online profile,https://www.facebook.com,False,ok,200,False,False,True
travel-guide-paco-s-starlite-tavern-walsenburg-huerfano,Paco's Starlite Tavern,Walsenburg,Huerfano,Food & drink,profile-live,Hosted profile,Online profile,https://www.spanishpeakscountry.com/,False,redirect,200,False,False,True
yellowpages-lead-paperback-trading-post-walsenburg-huerfano,Paperback Trading Post,Walsenburg,Huerfano,Local business or service,profile-live,Hosted profile,Online profile,https://www.yellowpages.com/walsenburg-co/business-listings/1,False,ok,200,False,False,False
travel-guide-pappa-s-sweet-shop-raton-colfax,Pappa's Sweet Shop,Raton,Colfax,Food & drink,direct-live,Direct website,Connect online,https://pappassweetshop.wixsite.com/pappas,True,ok,200,False,False,False
pappas-sweet-shop-colfax-dining-hospitality,Pappas' Sweet Shop,Raton,Colfax,Food & drink,contact-only,Contact only,No direct website listed,,False,,,False,True,True
pappas-sweet-shop-restaurant-colfax-food-beverage,Pappas' Sweet Shop Restaurant,Raton,Colfax,Food & drink,profile-live,Hosted profile,Online profile,https://www.yellowpages.com/raton-nm/business-listings/1,False,ok,200,False,True,True
travel-guide-par-and-grill-angel-fire-colfax,Par & Grill,Angel Fire,Colfax,Food & drink,profile-live,Hosted profile,Online profile,https://angelfirechamber.org/business/par-grill/,False,ok,200,False,False,True
parmelee-s-huerfano-restaurant-food,Parmelee's,La Veta,Huerfano,Food & drink,address-only,Contact only,No direct website listed,,False,,,False,False,True
travel-guide-patchwork-phoenix-specialty-shop-raton-colfax,Patchwork Phoenix Specialty Shop,Raton,Colfax,Retail & local goods,profile-live,Hosted profile,Online profile,https://www.facebook.com/roseshoneysuckle/,False,redirect,200,False,False,False
travel-guide-peaceful-peaks-ranch-glamping-off-grid-trinidad-las-animas,Peaceful Peaks Ranch - Glamping Off-The-Grid,Trinidad,Las Animas,Local business or service,profile-live,Hosted profile,Online profile,https://www.coloradodirectory.com/peaceful-peaks-glamping,False,ok,200,False,False,False
peakview-school-huerfano-education,Peakview School,Walsenburg,Huerfano,Education & learning,direct-live,Direct website,Connect online,https://huerfano.k12.co.us,False,redirect,200,False,False,False
peakview-self-storage-huerfano-service-storage,Peakview Self-Storage,La Veta,Huerfano,Professional services,contact-only,Contact only,No direct website listed,,False,,,False,True,True
travel-guide-pecos-national-historical-park-raton-colfax,Pecos National Historical Park,Raton,Colfax,Outdoor recreation,profile-live,Hosted profile,Online profile,https://www.newmexico.org/listing/pecos-national-historical-park/1568/,False,ok,200,False,False,False
yellowpages-lead-peet-s-coffee-tea-la-veta-huerfano,Peet's Coffee & Tea,La Veta,Huerfano,Food & drink,profile-live,Hosted profile,Online profile,https://www.yellowpages.com/la-veta-co,False,ok,200,False,False,False
yellowpages-lead-peet-s-coffee-tea-walsenburg-huerfano,Peet's Coffee & Tea,Walsenburg,Huerfano,Food & drink,profile-live,Hosted profile,Online profile,https://www.yellowpages.com/walsenburg-co/business-listings/1,False,ok,200,False,False,False
yellowpages-lead-pendleton-oil-gas-of-raton-raton-colfax,Pendleton Oil & Gas Co of Raton,Raton,Colfax,Auto & transportation,profile-live,Hosted profile,Online profile,https://www.yellowpages.com/raton-nm/business-listings/1,False,ok,200,False,False,False
yellowpages-lead-pepsi-beverages-company-walsenburg-huerfano,Pepsi Beverages Company,Walsenburg,Huerfano,Local business or service,profile-live,Hosted profile,Online profile,https://www.yellowpages.com/walsenburg-co/business-listings/1,False,ok,200,False,False,False
yellowpages-lead-perkatory-coffee-house-trinidad-las-animas,Perkatory Coffee House,Trinidad,Las Animas,Food & drink,profile-live,Hosted profile,Online profile,https://www.yellowpages.com/trinidad-co/business-listings/1,False,ok,200,False,False,False
petrichor-iv-hydration-huerfano-healthcare-wellness,Petrichor IV Hydration,La Veta,Huerfano,Health & wellness,contact-only,Contact only,No direct website listed,,False,,,False,True,True
yellowpages-lead-pham-huong-h-trinidad-las-animas,"Pham, Huong H",Trinidad,Las Animas,Local business or service,profile-live,Hosted profile,Online profile,https://www.yellowpages.com/trinidad-co/business-listings/1,False,ok,200,False,False,False
yellowpages-lead-phil-long-ford-of-raton-raton-colfax,Phil Long Ford of Raton,Raton,Colfax,Local business or service,profile-live,Hosted profile,Online profile,https://www.yellowpages.com/raton-nm/business-listings/1,False,ok,200,False,False,False
yellowpages-lead-phil-long-ford-of-trinidad-parts-trinidad-las-animas,Phil Long Ford of Trinidad Parts,Trinidad,Las Animas,Local business or service,profile-live,Hosted profile,Online profile,https://www.yellowpages.com/trinidad-co/business-listings/1,False,ok,200,False,False,False
yellowpages-lead-phil-long-toyota-trinidad-las-animas,Phil Long Toyota,Trinidad,Las Animas,Local business or service,profile-live,Hosted profile,Online profile,https://www.yellowpages.com/trinidad-co/business-listings/1,False,ok,200,False,False,False
yellowpages-lead-phil-long-toyota-of-trinidad-trinidad-las-animas,Phil Long Toyota of Trinidad,Trinidad,Las Animas,Local business or service,profile-live,Hosted profile,Online profile,https://www.yellowpages.com/trinidad-co/business-listings/1,False,ok,200,False,False,False
yellowpages-lead-philip-owen-warlick-dds-walsenburg-huerfano,"Philip Owen Warlick, DDS",Walsenburg,Huerfano,Local business or service,profile-live,Hosted profile,Online profile,https://www.yellowpages.com/walsenburg-co/business-listings/1,False,ok,200,False,False,False
yellowpages-lead-phillips-66-angel-fire-colfax,Phillips 66,Angel Fire,Colfax,Local business or service,profile-live,Hosted profile,Online profile,https://www.yellowpages.com/angel-fire-nm/business-listings/1,False,ok,200,False,False,False
yellowpages-lead-phillips-66-raton-colfax,Phillips 66,Raton,Colfax,Local business or service,profile-live,Hosted profile,Online profile,https://www.yellowpages.com/raton-nm/business-listings/1,False,ok,200,False,False,False
yellowpages-lead-phillips-66-walsenburg-huerfano,Phillips 66,Walsenburg,Huerfano,Local business or service,profile-live,Hosted profile,Online profile,https://www.yellowpages.com/walsenburg-co/business-listings/1,False,ok,200,False,False,False
yellowpages-lead-phoenix-west-designs-trinidad-las-animas,Phoenix West Designs,Trinidad,Las Animas,Local business or service,profile-live,Hosted profile,Online profile,https://www.yellowpages.com/trinidad-co/business-listings/1,False,ok,200,False,False,False
yellowpages-lead-pick-ministries-trinidad-las-animas,PICK Ministries,Trinidad,Las Animas,Local business or service,profile-live,Hosted profile,Online profile,https://www.yellowpages.com/trinidad-co/business-listings/1,False,ok,200,False,False,False
yellowpages-lead-piedra-lumbre-excavation-angel-fire-colfax,Piedra Lumbre Excavation Inc,Angel Fire,Colfax,"Home, land & contracting",profile-live,Hosted profile,Online profile,https://www.yellowpages.com/angel-fire-nm/business-listings/1,False,ok,200,False,False,False
travel-guide-pine-and-peak-home-decor-angel-fire-colfax,Pine & Peak Home Decor,Angel Fire,Colfax,Retail & local goods,profile-unconfirmed,Hosted profile,Listing link,https://visitangelfirenm.com/listing/pine-peak-home-decor/,False,access_blocked,403,False,False,True
yellowpages-lead-pinnacle-propane-raton-colfax,Pinnacle Propane,Raton,Colfax,Local business or service,profile-live,Hosted profile,Online profile,https://www.yellowpages.com/raton-nm/business-listings/1,False,ok,200,False,False,False
yellowpages-lead-pizza-hut-trinidad-las-animas,Pizza Hut,Trinidad,Las Animas,Food & drink,profile-live,Hosted profile,Online profile,https://www.yellowpages.com/trinidad-co/business-listings/1,False,ok,200,False,False,False
travel-guide-pizza-stop-angel-fire-colfax,Pizza Stop,Angel Fire,Colfax,Food & drink,profile-live,Hosted profile,Online profile,https://www.yellowpages.com/angel-fire-nm/business-listings/1,False,ok,200,False,False,True
travel-guide-planet-of-vapes-raton-colfax,Planet of the Vapes,Raton,Colfax,Retail & local goods,profile-live,Hosted profile,Online profile,https://www.facebook.com/ramelfamilyfarms,False,redirect,200,False,False,False
travel-guide-ponce-de-leon-creations-angel-fire-colfax,Ponce de Leon Creations,Angel Fire,Colfax,Arts & culture,profile-live,Hosted profile,Online profile,https://angelfirechamber.org/business/ponce-de-leon-creations/,False,ok,200,False,False,True
yellowpages-lead-poppa-thom-s-kit-carson-rstrnt-cimarron-colfax,Poppa Thom's Kit Carson RSTRNT,Cimarron,Colfax,Local business or service,profile-live,Hosted profile,Online profile,https://www.yellowpages.com/cimarron-nm,False,ok,200,False,False,False
yellowpages-lead-pretty-petals-by-shay-angel-fire-colfax,Pretty Petals By Shay,Angel Fire,Colfax,Local business or service,profile-live,Hosted profile,Online profile,https://www.yellowpages.com/angel-fire-nm/business-listings/1,False,ok,200,False,False,False
yellowpages-lead-prodpendingtest4-angel-fire-colfax,prodPendingTest4,Angel Fire,Colfax,Local business or service,profile-live,Hosted profile,Online profile,https://www.yellowpages.com/angel-fire-nm/business-listings/1,False,ok,200,False,False,False
yellowpages-lead-professional-auto-parts-service-repair-angel-fire-colfax,Professional Auto Parts Service & Repair,Angel Fire,Colfax,Auto & transportation,profile-live,Hosted profile,Online profile,https://www.yellowpages.com/angel-fire-nm/business-listings/1,False,ok,200,False,False,False
yellowpages-lead-professional-home-health-raton-colfax,Professional Home Health,Raton,Colfax,Health & wellness,profile-live,Hosted profile,Online profile,https://www.yellowpages.com/raton-nm/business-listings/1,False,ok,200,False,False,False
yellowpages-lead-prospect-plaza-apartments-trinidad-las-animas,Prospect Plaza Apartments,Trinidad,Las Animas,Local business or service,profile-live,Hosted profile,Online profile,https://www.yellowpages.com/trinidad-co/business-listings/1,False,ok,200,False,False,False
yellowpages-lead-prospect-plaza-ii-trinidad-las-animas,Prospect Plaza II,Trinidad,Las Animas,Local business or service,profile-live,Hosted profile,Online profile,https://www.yellowpages.com/trinidad-co/business-listings/1,False,ok,200,False,False,False
yellowpages-lead-pryority-auto-service-walsenburg-huerfano,Pryority Auto Service,Walsenburg,Huerfano,Auto & transportation,profile-live,Hosted profile,Online profile,https://www.yellowpages.com/walsenburg-co/business-listings/1,False,ok,200,False,False,False
travel-guide-pub-and-grub-angel-fire-colfax,Pub and Grub,Angel Fire,Colfax,Food & drink,profile-unconfirmed,Hosted profile,Listing link,https://visitangelfirenm.com/listing/pub-and-grub/,False,access_blocked,403,False,False,True
travel-guide-pub-n-grub-angel-fire-colfax,Pub n'grub,Angel Fire,Colfax,Food & drink,profile-live,Hosted profile,Online profile,https://angelfirechamber.org/business/pub-ngrub/,False,ok,200,False,False,False
yellowpages-lead-public-schools-special-services-trinidad-las-animas,Public Schools Special Services,Trinidad,Las Animas,Local business or service,profile-live,Hosted profile,Online profile,https://www.yellowpages.com/trinidad-co/business-listings/1,False,ok,200,False,False,False
yellowpages-lead-pure-h2o-trinidad-las-animas,Pure H2O,Trinidad,Las Animas,Local business or service,profile-live,Hosted profile,Online profile,https://www.yellowpages.com/trinidad-co/business-listings/1,False,ok,200,False,False,False
yellowpages-lead-purgatoire-river-trading-trinidad-las-animas,Purgatoire River Trading Co,Trinidad,Las Animas,Local business or service,profile-live,Hosted profile,Online profile,https://www.yellowpages.com/trinidad-co/business-listings/1,False,ok,200,False,False,False
yellowpages-lead-purgatoire-valley-construction-trinidad-las-animas,Purgatoire Valley Construction,Trinidad,Las Animas,"Home, land & contracting",profile-live,Hosted profile,Online profile,https://www.yellowpages.com/trinidad-co/business-listings/1,False,ok,200,False,False,False
travel-guide-purple-sage-studio-angel-fire-colfax,Purple Sage Studio,Angel Fire,Colfax,Retail & local goods,profile-unconfirmed,Hosted profile,Listing link,https://visitangelfirenm.com/listing/purple-sage-studio/,False,access_blocked,403,False,False,True
yellowpages-lead-pyramid-instrumentation-electric-raton-colfax,Pyramid Instrumentation & Electric,Raton,Colfax,"Home, land & contracting",profile-live,Hosted profile,Online profile,https://www.yellowpages.com/raton-nm/business-listings/1,False,ok,200,False,False,False
quality-inn-las-animas-hotel,Quality Inn,Trinidad,Las Animas,Lodging & stays,profile-live,Hosted profile,Online profile,https://www.yellowpages.com/trinidad-co/business-listings/1,False,ok,200,False,True,True
yellowpages-lead-quickbooks-training-trinidad-las-animas,QuickBooks Training,Trinidad,Las Animas,Business support,profile-live,Hosted profile,Online profile,https://www.yellowpages.com/trinidad-co/business-listings/1,False,ok,200,False,False,False
yellowpages-lead-r-d-honda-raton-colfax,R & D Honda,Raton,Colfax,Local business or service,profile-live,Hosted profile,Online profile,https://www.yellowpages.com/raton-nm/business-listings/1,False,ok,200,False,False,False
radio-stations-regional-radio-stations,Radio stations,Regional,Regional,Media & news,no-online-link,No online link,No online link listed,,False,,,False,False,False
yellowpages-lead-rain-enterprises-walsenburg-huerfano,Rain Enterprises,Walsenburg,Huerfano,Local business or service,profile-live,Hosted profile,Online profile,https://www.yellowpages.com/walsenburg-co/business-listings/1,False,ok,200,False,False,False
yellowpages-lead-rain-for-rent-trinidad-las-animas,Rain For Rent,Trinidad,Las Animas,Local business or service,profile-live,Hosted profile,Online profile,https://www.yellowpages.com/trinidad-co/business-listings/1,False,ok,200,False,False,False
yellowpages-lead-rambler-66-walsenburg-huerfano,Rambler 66,Walsenburg,Huerfano,Local business or service,profile-live,Hosted profile,Online profile,https://www.yellowpages.com/walsenburg-co/business-listings/1,False,ok,200,False,False,False
yellowpages-lead-rambler-restaurant-walsenburg-huerfano,Rambler Restaurant,Walsenburg,Huerfano,Food & drink,profile-live,Hosted profile,Online profile,https://www.yellowpages.com/walsenburg-co/business-listings/1,False,ok,200,False,False,False
ranch-house-inn-huerfano-lodging,Ranch House Inn,La Veta,Huerfano,Lodging & stays,contact-only,Contact only,No direct website listed,,False,,,False,True,True
ranchers-supply-colfax-retail,Ranchers Supply,Springer,Colfax,Retail & local goods,address-only,Contact only,No direct website listed,,False,,,False,False,True
randles-bookkeeping-and-tax-services-colfax-professional-services,Randles Bookkeeping and Tax Services,Springer,Colfax,Professional services,address-only,Contact only,No direct website listed,,False,,,False,False,True
raton-colfax-colfax-leading-local-pages-and-channels-to-watch,Raton / Colfax,Raton,Colfax,Media & news,profile-live,Hosted profile,Online profile,https://exploreraton.com,False,redirect,200,True,True,True
travel-guide-raton-adventure-centre-raton-colfax,Raton Adventure Centre,Raton,Colfax,Retail & local goods,profile-live,Hosted profile,Online profile,https://www.facebook.com/profile.php?id=61553882406490,False,redirect,200,False,False,False
yellowpages-lead-raton-animal-shelter-raton-colfax,Raton Animal Shelter,Raton,Colfax,Local business or service,profile-live,Hosted profile,Online profile,https://www.yellowpages.com/raton-nm/business-listings/1,False,ok,200,False,False,False
raton-arts-and-humanities-council-visual-arts-calendar-raton-colfax-visual-arts-calend,Raton Arts and Humanities Council Visual Arts Calendar,Raton,Colfax,Arts & culture,direct-live,Direct website,Connect online,https://www.ratonarts.org/visual-arts,False,ok,200,False,False,False
raton-chamber-of-commerce-colfax-business-organization,Raton Chamber of Commerce,Raton,Colfax,Tourism & visitor info,contact-only,Contact only,No direct website listed,,False,,,False,True,True
yellowpages-lead-raton-church-of-christ-raton-colfax,Raton Church of Christ,Raton,Colfax,Nonprofit & community,profile-live,Hosted profile,Online profile,https://www.yellowpages.com/raton-nm/business-listings/1,False,ok,200,False,False,False
raton-country-club-golf-course-colfax-recreation,Raton Country Club & Golf Course,Raton,Colfax,Outdoor recreation,contact-only,Contact only,No direct website listed,,False,,,False,True,True
yellowpages-lead-raton-ford-raton-colfax,Raton Ford,Raton,Colfax,Local business or service,profile-live,Hosted profile,Online profile,https://www.yellowpages.com/raton-nm/business-listings/1,False,ok,200,False,False,False
yellowpages-lead-raton-high-school-raton-colfax,Raton High School,Raton,Colfax,Education & learning,profile-live,Hosted profile,Online profile,https://www.yellowpages.com/raton-nm/business-listings/1,False,ok,200,False,False,False
raton-home-center-colfax-home-garden,Raton Home Center,Raton,Colfax,"Home, land & contracting",contact-only,Contact only,No direct website listed,,False,,,False,True,True
raton-mainstreet-colfax-fa-ade-improvement-grants-downtown-events-proper,Raton MainStreet,Raton,Colfax,Tourism & visitor info,contact-only,Contact only,No direct website listed,,False,,,True,True,True
travel-guide-raton-mesa-and-pass-national-landmark-trinidad-las-animas,Raton Mesa and Pass National Landmark,Trinidad,Las Animas,Local business or service,profile-live,Hosted profile,Online profile,https://www.coloradodirectory.com/nationalparks/ratonmesa.html,False,ok,200,False,False,False
yellowpages-lead-raton-mvd-field-office-raton-colfax,Raton MVD Field Office,Raton,Colfax,Local business or service,profile-live,Hosted profile,Online profile,https://www.yellowpages.com/raton-nm/business-listings/1,False,ok,200,False,False,False
yellowpages-lead-raton-public-service-raton-colfax,Raton Public Service Co,Raton,Colfax,Local business or service,profile-live,Hosted profile,Online profile,https://www.yellowpages.com/raton-nm/business-listings/1,False,ok,200,False,False,False
yellowpages-lead-raton-seventh-day-adventist-raton-colfax,Raton Seventh-Day Adventist,Raton,Colfax,Local business or service,profile-live,Hosted profile,Online profile,https://www.yellowpages.com/raton-nm/business-listings/1,False,ok,200,False,False,False
yellowpages-lead-raton-sign-raton-colfax,Raton Sign Co,Raton,Colfax,Local business or service,profile-live,Hosted profile,Online profile,https://www.yellowpages.com/raton-nm/business-listings/1,False,ok,200,False,False,False
yellowpages-lead-raton-truck-stop-raton-colfax,Raton Truck Stop,Raton,Colfax,Local business or service,profile-live,Hosted profile,Online profile,https://www.yellowpages.com/raton-nm/business-listings/1,False,ok,200,False,False,False
yellowpages-lead-raton-veterinary-hospital-raton-colfax,Raton Veterinary Hospital,Raton,Colfax,Health & wellness,profile-live,Hosted profile,Online profile,https://www.yellowpages.com/raton-nm/business-listings/1,False,ok,200,False,False,False
yellowpages-lead-rbs-true-value-angel-fire-colfax,Rbs True Value,Angel Fire,Colfax,Local business or service,profile-live,Hosted profile,Online profile,https://www.yellowpages.com/angel-fire-nm/business-listings/1,False,ok,200,False,False,False
re-2-la-veta-school-district-huerfano-education,RE-2 La Veta School District,La Veta,Huerfano,Education & learning,direct-live,Direct website,Connect online,https://lvk12.org,False,redirect,200,False,False,True
travel-guide-re-max-mountain-realty-angel-fire-colfax,RE/MAX Mountain Realty,Angel Fire,Colfax,Professional services,profile-unconfirmed,Hosted profile,Listing link,https://visitangelfirenm.com/listing/re-max-mountain-realty/,False,access_blocked,403,False,False,True
real-estate-fa-ade-and-downtown-revitalization-funds-regional-real-estat,"Real estate, façade, and downtown revitalization funds",Regional,Regional,Professional services,no-online-link,No online link,No online link listed,,False,,,False,False,False
yellowpages-lead-realty-one-of-nm-raton-colfax,Realty One of Nm,Raton,Colfax,Professional services,profile-live,Hosted profile,Online profile,https://www.yellowpages.com/raton-nm/business-listings/1,False,ok,200,False,False,False
yellowpages-lead-realty-one-of-santa-fe-raton-colfax,Realty One of Santa Fe,Raton,Colfax,Professional services,profile-live,Hosted profile,Online profile,https://www.yellowpages.com/raton-nm/business-listings/1,False,ok,200,False,False,False
yellowpages-lead-reata-realty-walsenburg-huerfano,Reata Realty,Walsenburg,Huerfano,Professional services,profile-live,Hosted profile,Online profile,https://www.yellowpages.com/walsenburg-co/business-listings/1,False,ok,200,False,False,False
records-hardware-colfax-retail-hardware,Records Hardware,Raton,Colfax,Retail & local goods,profile-live,Hosted profile,Online profile,https://www.yellowpages.com/raton-nm/business-listings/1,False,ok,200,False,True,True
yellowpages-lead-records-rental-shop-raton-colfax,Records Rental & Shop,Raton,Colfax,Retail & local goods,profile-live,Hosted profile,Online profile,https://www.yellowpages.com/raton-nm/business-listings/1,False,ok,200,False,False,False
red-river-brewing-company-distillery-colfax-food-beverage,Red River Brewing Company & Distillery,,Colfax,Food & drink,direct-live,Direct website,Connect online,https://redriverbrewing.com,True,ok,200,False,True,True
red-river-distillery-tasting-room-colfax-food-beverage,Red River Distillery Tasting Room,,Colfax,Food & drink,direct-live,Direct website,Connect online,https://redriverbrewing.com,True,ok,200,False,True,True
yellowpages-lead-redbox-raton-colfax,Redbox,Raton,Colfax,Local business or service,profile-live,Hosted profile,Online profile,https://www.yellowpages.com/raton-nm/business-listings/1,False,ok,200,False,False,False
yellowpages-lead-redbox-walsenburg-huerfano,Redbox,Walsenburg,Huerfano,Local business or service,profile-live,Hosted profile,Online profile,https://www.yellowpages.com/walsenburg-co/business-listings/1,False,ok,200,False,False,False
redhyl-welding-huerfano-welding-metal-craft-vendor,Redhyl Welding,Walsenburg,Huerfano,Arts & culture,profile-live,Hosted profile,Online profile,https://www.walsenburgmercantile.com/meet-our-vendors,False,ok,200,False,False,True
travel-guide-regalburg-coffee-and-deli-walsenburg-huerfano,RegalBurg Coffee and Deli,Walsenburg,Huerfano,Food & drink,profile-live,Hosted profile,Online profile,https://www.walsenburgmercantile.com/,False,ok,200,True,True,True
yellowpages-lead-regina-s-special-effect-raton-colfax,Regina's Special Effect,Raton,Colfax,Local business or service,profile-live,Hosted profile,Online profile,https://www.yellowpages.com/raton-nm/business-listings/1,False,ok,200,False,False,False
yellowpages-lead-rent-a-center-trinidad-las-animas,Rent-A-Center,Trinidad,Las Animas,Local business or service,profile-live,Hosted profile,Online profile,https://www.yellowpages.com/trinidad-co/business-listings/1,False,ok,200,False,False,False
yellowpages-lead-republic-corp-trinidad-las-animas,Republic Corp,Trinidad,Las Animas,Local business or service,profile-live,Hosted profile,Online profile,https://www.yellowpages.com/trinidad-co/business-listings/1,False,ok,200,False,False,False
travel-guide-resort-properties-of-angel-fire-angel-fire-colfax,Resort Properties of Angel Fire,Angel Fire,Colfax,Lodging & stays,profile-live,Hosted profile,Online profile,https://angelfirechamber.org/business/resort-properties-of-angel-fire/,False,ok,200,False,False,True
travel-guide-restoring-balance-eagle-nest-colfax,Restoring Balance,Eagle Nest,Colfax,Health & wellness,profile-live,Hosted profile,Online profile,https://www.eaglenest.org/water_waste_water/businessdirectory,False,ok,200,False,True,True
travel-guide-ridgewalk-treehouse-angel-fire-colfax,RidgeWalk Treehouse,Angel Fire,Colfax,Local business or service,profile-live,Hosted profile,Online profile,https://www.yellowpages.com/angel-fire-nm/business-listings/1,False,ok,200,False,False,True
yellowpages-lead-ringo-s-food-market-aguilar-las-animas,Ringo's Food Market,Aguilar,Las Animas,Food & drink,profile-live,Hosted profile,Online profile,https://www.yellowpages.com/aguilar-co,False,ok,200,False,False,False
yellowpages-lead-rinos-restaurant-trinidad-las-animas,Rinos Restaurant,Trinidad,Las Animas,Food & drink,profile-live,Hosted profile,Online profile,https://www.yellowpages.com/trinidad-co/business-listings/1,False,ok,200,False,False,False
yellowpages-lead-rio-cucharas-inn-walsenburg-huerfano,Rio Cucharas Inn,Walsenburg,Huerfano,Lodging & stays,profile-live,Hosted profile,Online profile,https://www.yellowpages.com/walsenburg-co/business-listings/1,False,ok,200,False,False,False
travel-guide-rio-grande-balloons-angel-fire-colfax,Rio Grande Balloons,Angel Fire,Colfax,Local business or service,profile-unconfirmed,Hosted profile,Listing link,https://visitangelfirenm.com/listing/rio-grande-balloons/,False,access_blocked,403,False,False,True
yellowpages-lead-rji-raton-colfax,Rji Inc,Raton,Colfax,Local business or service,profile-live,Hosted profile,Online profile,https://www.yellowpages.com/raton-nm/business-listings/1,False,ok,200,False,False,False
travel-guide-roadrunner-tours-angel-fire-colfax,Roadrunner Tours,Angel Fire,Colfax,Tourism & visitor info,profile-live,Hosted profile,Online profile,https://angelfirechamber.org/business/road-runner-tours-ltd/,False,ok,200,False,False,True
yellowpages-lead-rob-s-gun-shop-trinidad-las-animas,Rob's Gun Shop,Trinidad,Las Animas,Retail & local goods,profile-live,Hosted profile,Online profile,https://www.yellowpages.com/trinidad-co/business-listings/1,False,ok,200,False,False,False
yellowpages-lead-robles-auto-glass-angel-fire-colfax,Robles Auto Glass,Angel Fire,Colfax,Auto & transportation,profile-live,Hosted profile,Online profile,https://www.yellowpages.com/angel-fire-nm/business-listings/1,False,ok,200,False,False,False
yellowpages-lead-rockies-angel-fire-colfax,Rockies,Angel Fire,Colfax,Local business or service,profile-live,Hosted profile,Online profile,https://www.yellowpages.com/angel-fire-nm/business-listings/1,False,ok,200,False,False,False
travel-guide-rockies-market-angel-fire-colfax,Rockies Market,Angel Fire,Colfax,Retail & local goods,profile-unconfirmed,Hosted profile,Listing link,https://visitangelfirenm.com/listing/rockies-market/,False,access_blocked,403,False,False,True
yellowpages-lead-rocky-mountain-eye-center-walsenburg-huerfano,Rocky Mountain Eye Center Inc,Walsenburg,Huerfano,Local business or service,profile-live,Hosted profile,Online profile,https://www.yellowpages.com/walsenburg-co/business-listings/1,False,ok,200,False,False,False
yellowpages-lead-rocky-mountain-pest-control-raton-colfax,Rocky Mountain Pest Control,Raton,Colfax,Local business or service,profile-live,Hosted profile,Online profile,https://www.yellowpages.com/raton-nm/business-listings/1,False,ok,200,False,False,False
yellowpages-lead-rodeway-inn-trinidad-las-animas,Rodeway Inn,Trinidad,Las Animas,Lodging & stays,profile-live,Hosted profile,Online profile,https://www.yellowpages.com/trinidad-co/business-listings/1,False,ok,200,False,False,False
roger-batchelor-daom-acupuncture-huerfano-healthcare,"Roger Batchelor, DAOM Acupuncture",La Veta,Huerfano,Health & wellness,contact-only,Contact only,No direct website listed,,False,,,False,True,True
travel-guide-rooms-at-club-la-veta-huerfano,Rooms At The Club,La Veta,Huerfano,Lodging & stays,profile-live,Hosted profile,Online profile,https://spanishpeakscountry.com/business-directory/categories/lodging,False,ok,200,False,False,True
yellowpages-lead-rosa-s-cantina-walsenburg-huerfano,Rosa's Cantina,Walsenburg,Huerfano,Local business or service,profile-live,Hosted profile,Online profile,https://www.yellowpages.com/walsenburg-co/business-listings/1,False,ok,200,False,False,False
yellowpages-lead-roscoe-engineering-walsenburg-huerfano,Roscoe Engineering,Walsenburg,Huerfano,Local business or service,profile-live,Hosted profile,Online profile,https://www.yellowpages.com/walsenburg-co/business-listings/1,False,ok,200,False,False,False
travel-guide-rose-s-honeysuckle-station-raton-colfax,Rose's Honeysuckle Station,Raton,Colfax,Retail & local goods,profile-live,Hosted profile,Online profile,https://www.facebook.com/SolanosWesternWear,False,ok,200,False,False,False
ross-oils-colfax-automotive-fuel,Ross Oils,Springer,Colfax,Auto & transportation,address-only,Contact only,No direct website listed,,False,,,False,False,True
yellowpages-lead-rowland-jr-william-m-trinidad-las-animas,"Rowland Jr, William M",Trinidad,Las Animas,Local business or service,profile-live,Hosted profile,Online profile,https://www.yellowpages.com/trinidad-co/business-listings/1,False,ok,200,False,False,False
rubens-barber-shop-colfax-services,Rubens Barber Shop,Springer,Colfax,Retail & local goods,address-only,Contact only,No direct website listed,,False,,,False,False,True
yellowpages-lead-ruiz-ruiz-stucco-walsenburg-huerfano,Ruiz & Ruiz Stucco,Walsenburg,Huerfano,Local business or service,profile-live,Hosted profile,Online profile,https://www.yellowpages.com/walsenburg-co/business-listings/1,False,ok,200,False,False,False
yellowpages-lead-russell-s-corporate-office-cimarron-colfax,Russell's Inc Corporate Office,Cimarron,Colfax,Local business or service,profile-live,Hosted profile,Online profile,https://www.yellowpages.com/cimarron-nm,False,ok,200,False,False,False
yellowpages-lead-russell-s-route-66-diner-springer-colfax,Russell's Route 66 Diner,Springer,Colfax,Local business or service,profile-live,Hosted profile,Online profile,https://www.yellowpages.com/springer-nm,False,ok,200,False,False,False
yellowpages-lead-rustic-chalet-angel-fire-colfax,Rustic Chalet,Angel Fire,Colfax,Local business or service,profile-live,Hosted profile,Online profile,https://www.yellowpages.com/angel-fire-nm/business-listings/1,False,ok,200,False,False,False
yellowpages-lead-rw-butt-construction-raton-colfax,RW Butt Construction,Raton,Colfax,"Home, land & contracting",profile-live,Hosted profile,Online profile,https://www.yellowpages.com/raton-nm/business-listings/1,False,ok,200,False,False,False
yellowpages-lead-s-f-contracting-raton-colfax,S & F Contracting,Raton,Colfax,Local business or service,profile-live,Hosted profile,Online profile,https://www.yellowpages.com/raton-nm/business-listings/1,False,ok,200,False,False,False
yellowpages-lead-safelite-autoglass-trinidad-las-animas,Safelite AutoGlass,Trinidad,Las Animas,Local business or service,profile-live,Hosted profile,Online profile,https://www.yellowpages.com/trinidad-co/business-listings/1,False,ok,200,False,False,False
travel-guide-safeway-entry-huerfano,Safeway,,Huerfano,Retail & local goods,direct-live,Direct website,Connect online,https://local.safeway.com/safeway/co/walsenburg/222-w-7th-st.html,True,ok,200,False,False,True
yellowpages-lead-safeway-walsenburg-huerfano,Safeway,Walsenburg,Huerfano,Local business or service,profile-live,Hosted profile,Online profile,https://www.yellowpages.com/walsenburg-co/business-listings/1,False,ok,200,False,False,False
travel-guide-sage-coffee-raton-colfax,Sage Coffee,Raton,Colfax,Food & drink,profile-live,Hosted profile,Online profile,https://www.facebook.com/sagecoffeenm/,False,redirect,200,False,False,False
yellowpages-lead-saint-james-hotel-restaurant-cimarron-colfax,Saint James Hotel & Restaurant,Cimarron,Colfax,Lodging & stays,profile-live,Hosted profile,Online profile,https://www.yellowpages.com/cimarron-nm,False,ok,200,False,False,False
yellowpages-lead-saint-marys-catholic-church-walsenburg-huerfano,Saint Marys Catholic Church,Walsenburg,Huerfano,Nonprofit & community,profile-live,Hosted profile,Online profile,https://www.yellowpages.com/walsenburg-co/business-listings/1,False,ok,200,False,False,False
yellowpages-lead-sal-mar-dress-shop-trinidad-las-animas,Sal-Mar Dress Shop,Trinidad,Las Animas,Retail & local goods,profile-live,Hosted profile,Online profile,https://www.yellowpages.com/trinidad-co/business-listings/1,False,ok,200,False,False,False
yellowpages-lead-sally-miller-cmt-lmt-trinidad-las-animas,"Sally Miller, CMT, LMT",Trinidad,Las Animas,Local business or service,profile-live,Hosted profile,Online profile,https://www.yellowpages.com/trinidad-co/business-listings/1,False,ok,200,False,False,False
yellowpages-lead-salvation-army-trinidad-las-animas,Salvation Army,Trinidad,Las Animas,Local business or service,profile-live,Hosted profile,Online profile,https://www.yellowpages.com/trinidad-co/business-listings/1,False,ok,200,False,False,False
travel-guide-sammie-s-motel-and-rv-park-la-veta-huerfano,Sammie's Motel & RV Park,La Veta,Huerfano,Lodging & stays,direct-live,Direct website,Connect online,https://www.sammiescampground.com/,True,ok,200,False,False,True
sammie-s-rv-park-huerfano-lodging-rv,Sammie's RV Park,La Veta,Huerfano,Lodging & stays,contact-only,Contact only,No direct website listed,,False,,,False,True,True
yellowpages-lead-sammons-mechanical-trinidad-las-animas,Sammons Mechanical,Trinidad,Las Animas,Local business or service,profile-live,Hosted profile,Online profile,https://www.yellowpages.com/trinidad-co/business-listings/1,False,ok,200,False,False,False
yellowpages-lead-sammons-plumbing-heating-trinidad-las-animas,Sammons Plumbing & Heating Inc,Trinidad,Las Animas,"Home, land & contracting",profile-live,Hosted profile,Online profile,https://www.yellowpages.com/trinidad-co/business-listings/1,False,ok,200,False,False,False
yellowpages-lead-samuels-construction-angel-fire-colfax,Samuels Construction Co,Angel Fire,Colfax,"Home, land & contracting",profile-live,Hosted profile,Online profile,https://www.yellowpages.com/angel-fire-nm/business-listings/1,False,ok,200,False,False,False
yellowpages-lead-san-isabel-electric-assn-walsenburg-huerfano,San Isabel Electric Assn Inc,Walsenburg,Huerfano,"Home, land & contracting",profile-live,Hosted profile,Online profile,https://www.yellowpages.com/walsenburg-co/business-listings/1,False,ok,200,False,False,False
yellowpages-lead-san-isabel-electric-association-trinidad-las-animas,San Isabel Electric Association Inc,Trinidad,Las Animas,"Home, land & contracting",profile-live,Hosted profile,Online profile,https://www.yellowpages.com/trinidad-co/business-listings/1,False,ok,200,False,False,False
yellowpages-lead-sandoval-construction-raton-colfax,Sandoval Construction Co,Raton,Colfax,"Home, land & contracting",profile-live,Hosted profile,Online profile,https://www.yellowpages.com/raton-nm/business-listings/1,False,ok,200,False,False,False
yellowpages-lead-sandoval-s-auto-repair-raton-colfax,Sandoval's Auto Repair,Raton,Colfax,Auto & transportation,profile-live,Hosted profile,Online profile,https://www.yellowpages.com/raton-nm/business-listings/1,False,ok,200,False,False,False
yellowpages-lead-sands-motel-walsenburg-huerfano,Sands Motel,Walsenburg,Huerfano,Lodging & stays,profile-live,Hosted profile,Online profile,https://www.yellowpages.com/walsenburg-co/business-listings/1,False,ok,200,False,False,False
travel-guide-sands-motel-and-apartments-walsenburg-huerfano,Sands Motel & Apartments,Walsenburg,Huerfano,Lodging & stays,profile-live,Hosted profile,Online profile,https://www.spanishpeakscountry.com/,False,redirect,200,False,False,True
yellowpages-lead-sands-restaurant-raton-colfax,Sands Restaurant,Raton,Colfax,Food & drink,profile-live,Hosted profile,Online profile,https://www.yellowpages.com/raton-nm/business-listings/1,False,ok,200,False,False,False
sandy-dolak-huerfano-fiber-arts-independent-artist,Sandy Dolak,La Veta,Huerfano,Arts & culture,profile-live,Hosted profile,Online profile,https://www.lavetacreativedistrict.org/artists,False,ok,200,False,False,False
travel-guide-santa-fe-party-rentals-angel-fire-colfax,Santa Fe Party Rentals,Angel Fire,Colfax,Local business or service,profile-unconfirmed,Hosted profile,Listing link,https://visitangelfirenm.com/listing/santa-fe-party-rentals/,False,access_blocked,403,False,False,True
travel-guide-santa-fe-trail-scenic-byway-raton-colfax,Santa Fe Trail Scenic Byway,Raton,Colfax,Outdoor recreation,profile-live,Hosted profile,Online profile,https://www.newmexico.org/places-to-visit/scenic-byways/santa-fe-trail-national/,False,ok,200,False,False,False
santa-fe-trail-performing-arts-colfax-raton,Santa Fe Trail School for the Performing Arts,Raton,Colfax,Arts & culture,profile-live,Hosted profile,Online profile,https://www.ratonnm.gov/business_detail_T7_R32.php,False,ok,200,False,False,True
yellowpages-lead-sav-o-mat-raton-colfax,Sav-O-Mat Inc,Raton,Colfax,Local business or service,profile-live,Hosted profile,Online profile,https://www.yellowpages.com/raton-nm/business-listings/1,False,ok,200,False,False,False
yellowpages-lead-savoy-hotel-trinidad-las-animas,Savoy Hotel,Trinidad,Las Animas,Lodging & stays,profile-live,Hosted profile,Online profile,https://www.yellowpages.com/trinidad-co/business-listings/1,False,ok,200,False,False,False
sba-nm-small-business-development-center-regional-training-technical-ass,SBA & NM Small Business Development Center,Regional,Regional,Business support,no-online-link,No online link,No online link listed,,False,,,False,False,False
yellowpages-lead-school-rem-ser-head-start-walsenburg-huerfano,School Rem Ser Head Start,Walsenburg,Huerfano,Education & learning,profile-live,Hosted profile,Online profile,https://www.yellowpages.com/walsenburg-co/business-listings/1,False,ok,200,False,False,False
schools-colleges-churches-and-service-organizations-regional-bulletin-bo,"Schools, colleges, churches, and service organizations",Regional,Regional,Nonprofit & community,no-online-link,No online link,No online link listed,,False,,,False,False,False
schools-libraries-churches-and-community-centers-regional-schools-librar,"Schools, libraries, churches, and community centers",Regional,Regional,Nonprofit & community,no-online-link,No online link,No online link listed,,False,,,False,False,False
yellowpages-lead-schools-public-huerfano-school-district-re-1-walsenburg-huerfano,Schools-Public Huerfano School District Re 1,Walsenburg,Huerfano,Education & learning,profile-live,Hosted profile,Online profile,https://www.yellowpages.com/walsenburg-co/business-listings/1,False,ok,200,False,False,False
travel-guide-score-antique-shop-raton-colfax,Score Antique Shop,Raton,Colfax,Retail & local goods,profile-live,Hosted profile,Online profile,https://www.facebook.com/profile.php?id=100064731427049,False,redirect,200,False,False,False
scotty-b-s-custom-t-s-huerfano-custom-apparel-maker-vendor,Scotty B's Custom T's,Walsenburg,Huerfano,Arts & culture,profile-live,Hosted profile,Online profile,https://www.walsenburgmercantile.com/meet-our-vendors,False,ok,200,False,False,True
scrap-happy-huerfano-recycled-craft-maker-vendor,Scrap Happy,Walsenburg,Huerfano,Arts & culture,profile-live,Hosted profile,Online profile,https://www.walsenburgmercantile.com/meet-our-vendors,False,ok,200,False,False,True
yellowpages-lead-sears-hometown-stores-trinidad-las-animas,Sears Hometown Stores,Trinidad,Las Animas,Local business or service,profile-live,Hosted profile,Online profile,https://www.yellowpages.com/trinidad-co/business-listings/1,False,ok,200,False,False,False
second-chance-huerfano-local-goods-vendor,Second Chance,Walsenburg,Huerfano,Arts & culture,profile-live,Hosted profile,Online profile,https://www.walsenburgmercantile.com/meet-our-vendors,False,ok,200,False,False,True
travel-guide-second-street-bar-and-grill-walsenburg-huerfano,Second Street Bar and Grill,Walsenburg,Huerfano,Food & drink,direct-live,Direct website,Connect online,https://secondstreetbar.square.site/,True,ok,200,False,False,True
yellowpages-lead-security-mini-storage-angel-fire-colfax,Security Mini Storage,Angel Fire,Colfax,Professional services,profile-live,Hosted profile,Online profile,https://www.yellowpages.com/angel-fire-nm/business-listings/1,False,ok,200,False,False,False
segundo-las-animas-local listing-sparse-nodes,Segundo,Segundo,Las Animas,Nonprofit & community,no-online-link,No online link,No online link listed,,False,,,False,False,False
yellowpages-lead-select-pro-locksmith-trinidad-las-animas,Select Pro Locksmith,Trinidad,Las Animas,Local business or service,profile-live,Hosted profile,Online profile,https://www.yellowpages.com/trinidad-co/business-listings/1,False,ok,200,False,False,False
travel-guide-serendipity-specialty-retail-and-coffee-shop-walsenburg-huerfano,Serendipity Specialty Retail and Coffee Shop,Walsenburg,Huerfano,Food & drink,direct-live,Direct website,Connect online,https://serendipitywalsenburg.com/,True,ok,200,False,False,True
yellowpages-lead-service-plus-electric-n-e-trinidad-las-animas,Service Plus Electric N E,Trinidad,Las Animas,"Home, land & contracting",profile-live,Hosted profile,Online profile,https://www.yellowpages.com/trinidad-co/business-listings/1,False,ok,200,False,False,False
yellowpages-lead-sexy-pizza-trinidad-las-animas,Sexy Pizza,Trinidad,Las Animas,Food & drink,profile-live,Hosted profile,Online profile,https://www.yellowpages.com/trinidad-co/business-listings/1,False,ok,200,False,False,False
shalawalla-gallery-huerfano-la-veta,Shalawalla Gallery & Batik Studio,La Veta,Huerfano,Arts & culture,direct-live,Direct website,Connect online,https://www.shalawalla.com/,True,ok,200,False,True,True
shalawalla-huerfano-retail,"Shalawalla Gallery, Gift Shop, & School",La Veta,Huerfano,Arts & culture,direct-live,Direct website,Connect online,https://www.shalawalla.com/,True,ok,200,False,False,True
shawn-bridges-shawn-k-bridges-art-huerfano-painting-artist,Shawn Bridges / Shawn K. Bridges Art,La Veta,Huerfano,Arts & culture,profile-live,Hosted profile,Online profile,https://www.lavetacreativedistrict.org/artists,False,ok,200,False,False,False
yellowpages-lead-sheilds-survey-raton-colfax,Sheilds Survey Ltd Co,Raton,Colfax,Local business or service,profile-live,Hosted profile,Online profile,https://www.yellowpages.com/raton-nm/business-listings/1,False,ok,200,False,False,False
yellowpages-lead-sheldon-garrett-atty-walsenburg-huerfano,"Sheldon, Garrett, ATTY",Walsenburg,Huerfano,Local business or service,profile-live,Hosted profile,Online profile,https://www.yellowpages.com/walsenburg-co/business-listings/1,False,ok,200,False,False,False
yellowpages-lead-shell-angel-fire-colfax,Shell,Angel Fire,Colfax,Local business or service,profile-live,Hosted profile,Online profile,https://www.yellowpages.com/angel-fire-nm/business-listings/1,False,ok,200,False,False,False
yellowpages-lead-shell-raton-colfax,Shell,Raton,Colfax,Local business or service,profile-live,Hosted profile,Online profile,https://www.yellowpages.com/raton-nm/business-listings/1,False,ok,200,False,False,False
yellowpages-lead-shell-trinidad-las-animas,Shell,Trinidad,Las Animas,Local business or service,profile-live,Hosted profile,Online profile,https://www.yellowpages.com/trinidad-co/business-listings/1,False,ok,200,False,False,False
travel-guide-sierra-bonita-cabins-and-rv-park-angel-fire-colfax,Sierra Bonita Cabins & RV Park,Angel Fire,Colfax,Lodging & stays,profile-unconfirmed,Hosted profile,Listing link,https://visitangelfirenm.com/listing/sierra-bonita-cabins-rv-park/,False,access_blocked,403,False,False,True
travel-guide-silkworm-walsenburg-huerfano,Silkworm,Walsenburg,Huerfano,Retail & local goods,profile-live,Hosted profile,Online profile,https://www.spanishpeakscountry.com/,False,redirect,200,False,False,True
travel-guide-silver-dollar-walsenburg-huerfano,Silver Dollar,Walsenburg,Huerfano,Food & drink,profile-live,Hosted profile,Online profile,https://www.spanishpeakscountry.com/,False,redirect,200,False,False,True
silver-mountain-pottery-huerfano-pottery-ceramics-vendor,Silver Mountain Pottery,Walsenburg,Huerfano,Arts & culture,profile-live,Hosted profile,Online profile,https://www.walsenburgmercantile.com/meet-our-vendors,False,ok,200,False,False,True
silvershoe-huerfano-retail,Silvershoe,La Veta,Huerfano,Arts & culture,profile-live,Hosted profile,Online profile,https://www.facebook.com,False,ok,200,False,False,True
simply-gray-boutique-huerfano-boutique-creative-retail-vendor,Simply Gray Boutique,Walsenburg,Huerfano,Arts & culture,profile-live,Hosted profile,Online profile,https://www.walsenburgmercantile.com/meet-our-vendors,False,ok,200,False,False,True
simply-stitchz-huerfano-fiber-textile-vendor,Simply Stitchz,Walsenburg,Huerfano,Arts & culture,profile-live,Hosted profile,Online profile,https://www.walsenburgmercantile.com/meet-our-vendors,False,ok,200,False,False,True
yellowpages-lead-sinclair-gas-station-la-veta-huerfano,Sinclair Gas Station,La Veta,Huerfano,Auto & transportation,profile-live,Hosted profile,Online profile,https://www.yellowpages.com/la-veta-co,False,ok,200,False,False,False
travel-guide-sister-blandina-wellness-garden-trinidad-las-animas,Sister Blandina Wellness Garden,Trinidad,Las Animas,Health & wellness,profile-unconfirmed,Hosted profile,Listing link,https://visittrinidadcolorado.com/more-fun/,False,access_blocked,403,False,False,False
travel-guide-skinny-s-diner-and-bar-la-veta-huerfano,Skinny's Diner and Bar,La Veta,Huerfano,Food & drink,direct-unconfirmed,Direct website,Website link,https://www.skinnysdinerandbar.com/,False,network_error,,False,False,True
sky-chief-liquors-colfax-retail,Sky Chief Liquors,Springer,Colfax,Retail & local goods,address-only,Contact only,No direct website listed,,False,,,False,False,True
travel-guide-slope-side-sports-angel-fire-colfax,Slope Side Sports,Angel Fire,Colfax,Retail & local goods,profile-unconfirmed,Hosted profile,Listing link,https://visitangelfirenm.com/listing/slope-side-sports/,False,access_blocked,403,False,False,True
small-business-development-center-las-vegas-colfax-one-on-one-advising-b,Small Business Development Center - Las Vegas (NM),Raton,Colfax,Business support,contact-only,Contact only,No direct website listed,,False,,,True,True,True
small-business-loans-loan-guarantees-and-credit-support-regional-small-b,"Small-business loans, loan guarantees, and credit support",Regional,Regional,Funding & support,no-online-link,No online link,No online link listed,,False,,,False,False,False
yellowpages-lead-smart-start-ignition-interlock-trinidad-las-animas,Smart Start Ignition Interlock,Trinidad,Las Animas,Local business or service,profile-live,Hosted profile,Online profile,https://www.yellowpages.com/trinidad-co/business-listings/1,False,ok,200,False,False,False
travel-guide-smoke-rings-bbq-angel-fire-colfax,Smoke Rings BBQ,Angel Fire,Colfax,Food & drink,profile-unconfirmed,Hosted profile,Listing link,https://visitangelfirenm.com/listing/smoke-rings-bbq/,False,access_blocked,403,False,False,True
yellowpages-lead-smoker-friendly-trinidad-las-animas,Smoker Friendly,Trinidad,Las Animas,Local business or service,profile-live,Hosted profile,Online profile,https://www.yellowpages.com/trinidad-co/business-listings/1,False,ok,200,False,False,False
yellowpages-lead-smokey-guzzo-insurance-trinidad-las-animas,Smokey Guzzo Insurance,Trinidad,Las Animas,Professional services,profile-live,Hosted profile,Online profile,https://www.yellowpages.com/trinidad-co/business-listings/1,False,ok,200,False,False,False
yellowpages-lead-snap-fitness-trinidad-trinidad-las-animas,Snap Fitness Trinidad,Trinidad,Las Animas,Local business or service,profile-live,Hosted profile,Online profile,https://www.yellowpages.com/trinidad-co/business-listings/1,False,ok,200,False,False,False
travel-guide-snowball-lodge-angel-fire-colfax,"Snowball Lodge, LLC",Angel Fire,Colfax,Lodging & stays,profile-live,Hosted profile,Online profile,https://angelfirechamber.org/business/snowball-lodge-llc/,False,ok,200,False,False,False
travel-guide-snowblaze-ski-shop-angel-fire-colfax,Snowblaze Ski Shop,Angel Fire,Colfax,Retail & local goods,profile-unconfirmed,Hosted profile,Listing link,https://visitangelfirenm.com/listing/snowblaze-ski-shop/,False,access_blocked,403,False,False,True
travel-guide-society-of-st-vincent-de-paul-raton-colfax,Society of St. Vincent de Paul,Raton,Colfax,Retail & local goods,profile-live,Hosted profile,Online profile,https://www.exploreraton.com/blog/categories/shopping,False,ok,200,False,False,False
soco-chili-huerfano-local-food-product-maker-vendor,SOCO Chili,Walsenburg,Huerfano,Arts & culture,profile-live,Hosted profile,Online profile,https://www.walsenburgmercantile.com/meet-our-vendors,False,ok,200,False,False,True
yellowpages-lead-soco-grow-walsenburg-huerfano,Soco Grow,Walsenburg,Huerfano,Local business or service,profile-live,Hosted profile,Online profile,https://www.yellowpages.com/walsenburg-co/business-listings/1,False,ok,200,False,False,False
travel-guide-soco-skateland-trinidad-las-animas,SOCO Skateland,Trinidad,Las Animas,Local business or service,profile-unconfirmed,Hosted profile,Listing link,https://visittrinidadcolorado.com/more-fun/,False,access_blocked,403,False,False,False
sofia-sugar-shack-huerfano-sweets-local-treat-vendor,Sofia Sugar Shack,Walsenburg,Huerfano,Arts & culture,profile-live,Hosted profile,Online profile,https://www.walsenburgmercantile.com/meet-our-vendors,False,ok,200,False,False,True
solano-s-boot-western-wear-colfax-retail-apparel,Solano's Boot & Western Wear,Raton,Colfax,Retail & local goods,profile-live,Hosted profile,Online profile,https://www.facebook.com/groups/1219199155088170/,False,redirect,200,False,True,True
travel-guide-sonic-raton-colfax,Sonic,Raton,Colfax,Food & drink,profile-live,Hosted profile,Online profile,https://www.exploreraton.com/blog/categories/_food,False,ok,200,False,False,False
yellowpages-lead-sonic-drive-in-raton-colfax,Sonic Drive-In,Raton,Colfax,Local business or service,profile-live,Hosted profile,Online profile,https://www.yellowpages.com/raton-nm/business-listings/1,False,ok,200,False,False,False
yellowpages-lead-sonic-drive-in-trinidad-las-animas,Sonic Drive-In,Trinidad,Las Animas,Local business or service,profile-live,Hosted profile,Online profile,https://www.yellowpages.com/trinidad-co/business-listings/1,False,ok,200,False,False,False
yellowpages-lead-south-central-boces-trinidad-las-animas,South Central Boces,Trinidad,Las Animas,Local business or service,profile-live,Hosted profile,Online profile,https://www.yellowpages.com/trinidad-co/business-listings/1,False,ok,200,False,False,False
southern-colorado-crafts-huerfano-crafts-maker-vendor,Southern Colorado Crafts,Walsenburg,Huerfano,Arts & culture,profile-live,Hosted profile,Online profile,https://www.walsenburgmercantile.com/meet-our-vendors,False,ok,200,False,False,True
yellowpages-lead-southern-colorado-developmental-disabilities-services-trinidad-las-animas,"Southern Colorado Developmental Disabilities Services, Inc",Trinidad,Las Animas,Local business or service,profile-live,Hosted profile,Online profile,https://www.yellowpages.com/trinidad-co/business-listings/1,False,ok,200,False,False,False
southern-colorado-economic-development-district-huerfano-grant-and-loan-,Southern Colorado Economic Development District (SCEDD),,Huerfano,Funding & support,contact-only,Contact only,No direct website listed,,False,,,False,True,True
southern-colorado-economic-development-district-regional-training-techni,Southern Colorado Economic Development District (SCEDD),Regional,Regional,Business support,no-online-link,No online link,No online link listed,,False,,,False,False,False
yellowpages-lead-southern-colorado-land-livestock-walsenburg-huerfano,Southern Colorado Land & Livestock Co,Walsenburg,Huerfano,Local business or service,profile-live,Hosted profile,Online profile,https://www.yellowpages.com/walsenburg-co/business-listings/1,False,ok,200,False,False,False
travel-guide-southern-exposure-photography-angel-fire-colfax,Southern Exposure Photography,Angel Fire,Colfax,Arts & culture,profile-unconfirmed,Hosted profile,Listing link,https://visitangelfirenm.com/listing/southern-exposure-photography/,False,access_blocked,403,False,False,False
yellowpages-lead-southwestern-hollow-metal-raton-colfax,Southwestern Hollow Metal,Raton,Colfax,Local business or service,profile-live,Hosted profile,Online profile,https://www.yellowpages.com/raton-nm/business-listings/1,False,ok,200,False,False,False
space-gallery-huerfano-la-veta,SPACe Gallery / Spanish Peaks Arts Council,La Veta,Huerfano,Arts & culture,direct-live,Direct website,Connect online,https://spanishpeaksarts.org/,True,ok,200,False,True,True
space-to-create-las-animas-arts-venue-event-space,Space to Create,Trinidad,Las Animas,Arts & culture,profile-unconfirmed,Hosted profile,Listing link,https://visittrinidadcolorado.com/attraction/space-to-create/,False,access_blocked,403,False,True,True
spanish-peaks-arts-council-online-shows-and-member-routes-la-veta-huerfano-arts-counci,Spanish Peaks Arts Council Online Shows and Member Routes,La Veta,Huerfano,Arts & culture,direct-live,Direct website,Connect online,https://spanishpeaksarts.org/,True,ok,200,False,False,False
yellowpages-lead-spanish-peaks-behavioral-health-centers-trinidad-trinidad-las-animas,Spanish Peaks Behavioral Health Centers - Trinidad,Trinidad,Las Animas,Health & wellness,profile-live,Hosted profile,Online profile,https://www.yellowpages.com/trinidad-co/business-listings/1,False,ok,200,False,False,False
yellowpages-lead-spanish-peaks-bon-carbo-fire-protection-district-trinidad-las-animas,Spanish Peaks Bon Carbo Fire Protection District,Trinidad,Las Animas,Public offices,profile-live,Hosted profile,Online profile,https://www.yellowpages.com/trinidad-co/business-listings/1,False,ok,200,False,False,False
spanish-peaks-business-alliance-huerfano-business-network,Spanish Peaks Business Alliance,,Huerfano,Media & news,direct-live,Direct website,Connect online,https://spba.huerfano.org,True,redirect,200,False,False,False
spanish-peaks-chamber-of-commerce-huerfano-chamber,Spanish Peaks Chamber of Commerce,,Huerfano,Tourism & visitor info,direct-live,Direct website,Connect online,https://spanishpeakschamber.com,False,ok,200,False,False,False
yellowpages-lead-spanish-peaks-child-care-center-walsenburg-huerfano,Spanish Peaks Child Care Center,Walsenburg,Huerfano,Local business or service,profile-live,Hosted profile,Online profile,https://www.yellowpages.com/walsenburg-co/business-listings/1,False,ok,200,False,False,False
spanish-peaks-country-galleries-directory-la-veta-walsenburg-huerfano-visitor-facing-g,Spanish Peaks Country Galleries Directory,La Veta / Walsenburg,Huerfano,Arts & culture,direct-live,Direct website,Connect online,https://spanishpeakscountry.com/business-directory/categories/galleries,False,ok,200,False,False,False
travel-guide-spanish-peaks-country-scenery-entry-huerfano,Spanish Peaks Country Scenery,,Huerfano,Local business or service,direct-live,Direct website,Connect online,https://spanishpeakscountry.com/scenic-points/,True,ok,200,False,False,False
spanish-peaks-country-tourism-huerfano-tourism-destination-marketing,Spanish Peaks Country Tourism,,Huerfano,Tourism & visitor info,direct-live,Direct website,Connect online,https://spanishpeakscountry.com,False,ok,200,False,False,False
travel-guide-spanish-peaks-country-s-state-trust-lands-and-wildlife-areas-entry-huerfano,Spanish Peaks Country's State Trust Lands and Wildlife Areas,,Huerfano,Local business or service,direct-live,Direct website,Connect online,https://spanishpeakscountry.com/scenic-points/,True,ok,200,False,False,False
travel-guide-spanish-peaks-cycling-entry-huerfano,Spanish Peaks Cycling,,Huerfano,Tourism & visitor info,direct-live,Direct website,Connect online,https://www.chamber.huerfano.org/spanish-peaks-cycling,False,ok,200,False,False,False
yellowpages-lead-spanish-peaks-fire-dept-aguilar-station-trinidad-las-animas,Spanish Peaks Fire Dept Aguilar Station,Trinidad,Las Animas,Local business or service,profile-live,Hosted profile,Online profile,https://www.yellowpages.com/trinidad-co/business-listings/1,False,ok,200,False,False,False
travel-guide-spanish-peaks-guesthouse-walsenburg-huerfano,Spanish Peaks Guesthouse,Walsenburg,Huerfano,Lodging & stays,direct-live,Direct website,Connect online,https://www.airbnb.com/rooms/18055771,True,ok,200,False,False,True
yellowpages-lead-spanish-peaks-info-systems-walsenburg-huerfano,Spanish Peaks Info Systems,Walsenburg,Huerfano,Local business or service,profile-live,Hosted profile,Online profile,https://www.yellowpages.com/walsenburg-co/business-listings/1,False,ok,200,False,False,False
yellowpages-lead-spanish-peaks-land-trinidad-las-animas,Spanish Peaks Land,Trinidad,Las Animas,Local business or service,profile-live,Hosted profile,Online profile,https://www.yellowpages.com/trinidad-co/business-listings/1,False,ok,200,False,False,False
spanish-peaks-library-district-walsenburg-branch-huerfano-library-educat,"Spanish Peaks Library District, Walsenburg Branch",Walsenburg,Huerfano,Education & learning,direct-live,Direct website,Connect online,https://spld.org,False,redirect,200,False,False,True
travel-guide-spanish-peaks-national-natural-landmark-cuchara-la-veta-huerfano,Spanish Peaks National Natural Landmark,Cuchara / La Veta,Huerfano,Local business or service,profile-live,Hosted profile,Online profile,https://www.coloradodirectory.com/nationalparks/spanishpeaks.html,False,ok,200,False,False,False
spanish-peaks-regional-airport-huerfano-government-transportation,Spanish Peaks Regional Airport,Walsenburg,Huerfano,Public offices,no-online-link,No online link,No online link listed,,False,,,False,False,False
yellowpages-lead-spanish-peaks-regional-health-walsenburg-huerfano,Spanish Peaks Regional Health,Walsenburg,Huerfano,Health & wellness,profile-live,Hosted profile,Online profile,https://www.yellowpages.com/walsenburg-co/business-listings/1,False,ok,200,False,False,False
spanish-peaks-regional-health-center-huerfano-healthcare,Spanish Peaks Regional Health Center,Walsenburg,Huerfano,Health & wellness,direct-live,Direct website,Connect online,https://sprhc.org,True,redirect,200,False,False,False
yellowpages-lead-spanish-peaks-rentals-walsenburg-huerfano,Spanish Peaks Rentals,Walsenburg,Huerfano,Local business or service,profile-live,Hosted profile,Online profile,https://www.yellowpages.com/walsenburg-co/business-listings/1,False,ok,200,False,False,False
spanish-peaks-veterans-community-living-center-huerfano-healthcare,Spanish Peaks Veterans Community Living Center,Walsenburg,Huerfano,Nonprofit & community,direct-live,Direct website,Connect online,https://sprhc.org,False,redirect,200,False,False,False
yellowpages-lead-spanish-peaks-purgatoire-river-conservation-district-trinidad-las-animas,Spanish Peaks-Purgatoire River Conservation District,Trinidad,Las Animas,Public offices,profile-live,Hosted profile,Online profile,https://www.yellowpages.com/trinidad-co/business-listings/1,False,ok,200,False,False,False
yellowpages-lead-spencer-s-rentals-raton-colfax,Spencer's Rentals,Raton,Colfax,Local business or service,profile-live,Hosted profile,Online profile,https://www.yellowpages.com/raton-nm/business-listings/1,False,ok,200,False,False,False
travel-guide-spirit-wind-gallery-eagle-nest-colfax,Spirit Wind Gallery,Eagle Nest,Colfax,Arts & culture,profile-live,Hosted profile,Online profile,https://www.eaglenest.org/water_waste_water/businessdirectory,False,ok,200,False,True,True
yellowpages-lead-sporleder-feeds-walsenburg-huerfano,Sporleder Feeds,Walsenburg,Huerfano,Local business or service,profile-live,Hosted profile,Online profile,https://www.yellowpages.com/walsenburg-co/business-listings/1,False,ok,200,False,False,False
springer-colfax-small-town-service-fuel-ranch-supply-automotive-health-t,Springer,Springer,Colfax,Lodging & stays,no-online-link,No online link,No online link listed,,False,,,False,False,False
springer-auto-company-colfax-automotive,Springer Auto Company (Ford),Springer,Colfax,Auto & transportation,address-only,Contact only,No direct website listed,,False,,,False,False,True
springer-drug-colfax-retail-healthcare,Springer Drug,Springer,Colfax,Retail & local goods,profile-live,Hosted profile,Online profile,https://www.yellowpages.com/springer-nm,False,ok,200,False,False,True
springer-family-health-colfax-healthcare,Springer Family Health,Springer,Colfax,Health & wellness,address-only,Contact only,No direct website listed,,False,,,False,False,True
yellowpages-lead-springer-high-school-springer-colfax,Springer High School,Springer,Colfax,Education & learning,profile-live,Hosted profile,Online profile,https://www.yellowpages.com/springer-nm,False,ok,200,False,False,False
yellowpages-lead-springer-police-department-springer-colfax,Springer Police Department,Springer,Colfax,Local business or service,profile-live,Hosted profile,Online profile,https://www.yellowpages.com/springer-nm,False,ok,200,False,False,False
yellowpages-lead-springer-super-market-springer-colfax,Springer Super Market,Springer,Colfax,Retail & local goods,profile-live,Hosted profile,Online profile,https://www.yellowpages.com/springer-nm,False,ok,200,False,False,False
yellowpages-lead-springer-town-police-department-springer-colfax,Springer Town Police Department,Springer,Colfax,Public offices,profile-live,Hosted profile,Online profile,https://www.yellowpages.com/springer-nm,False,ok,200,False,False,False
yellowpages-lead-st-mary-credit-union-walsenburg-huerfano,St Mary Credit Union,Walsenburg,Huerfano,Professional services,profile-live,Hosted profile,Online profile,https://www.yellowpages.com/walsenburg-co/business-listings/1,False,ok,200,False,False,False
st-james-hotel-colfax-lodging-food,St. James Hotel,Cimarron,Colfax,Lodging & stays,direct-live,Direct website,Connect online,https://exstjames.com,True,redirect,200,False,False,False
yellowpages-lead-stakeout-dining-club-raton-colfax,Stakeout Dining Club,Raton,Colfax,Food & drink,profile-live,Hosted profile,Online profile,https://www.yellowpages.com/raton-nm/business-listings/1,False,ok,200,False,False,False
yellowpages-lead-star-drug-health-mart-walsenburg-huerfano,Star Drug Health Mart,Walsenburg,Huerfano,Health & wellness,profile-live,Hosted profile,Online profile,https://www.yellowpages.com/walsenburg-co/business-listings/1,False,ok,200,False,False,False
yellowpages-lead-star-drug-pharmacy-walsenburg-huerfano,Star Drug Pharmacy,Walsenburg,Huerfano,Health & wellness,profile-live,Hosted profile,Online profile,https://www.yellowpages.com/walsenburg-co/business-listings/1,False,ok,200,False,False,False
stardust-farm-and-flowers-huerfano-flowers-local-goods-vendor,Stardust Farm & Flowers,Walsenburg,Huerfano,Arts & culture,profile-live,Hosted profile,Online profile,https://www.walsenburgmercantile.com/meet-our-vendors,False,ok,200,False,False,True
starkville-las-animas-local listing-sparse-nodes,Starkville,Starkville,Las Animas,Nonprofit & community,no-online-link,No online link,No online link listed,,False,,,False,False,False
yellowpages-lead-startek-ii-mobile-windshield-trinidad-las-animas,StarTek II Mobile Windshield,Trinidad,Las Animas,Local business or service,profile-live,Hosted profile,Online profile,https://www.yellowpages.com/trinidad-co/business-listings/1,False,ok,200,False,False,False
startup-space-creative-assets-directory-northeast-new-mexico-search-regional-colfax-di,Startup Space Creative Assets Directory - Northeast New Mexico Search,Regional,Colfax,Arts & culture,profile-unconfirmed,Hosted profile,Listing link,https://startupspace.app/resource?comm_interest_search%5B0%5D=750&feature_button_show_hide=show&filter_show_hide=show&gray_button_show_hide=show&group_id=NTc5&is_search=1&map_list_type=list&map_view=hide&page=16&resource_type_selection=view_all_resource&search_latitude=34.9727305&search_location=New+Mexico%2C+USA&search_longitude=-105.0323635&search_radius=200,False,access_blocked,403,False,False,False
yellowpages-lead-state-board-for-community-college-trinidad-las-animas,State Board For Community College,Trinidad,Las Animas,Education & learning,profile-live,Hosted profile,Online profile,https://www.yellowpages.com/trinidad-co/business-listings/1,False,ok,200,False,False,False
yellowpages-lead-state-farm-insurance-walsenburg-huerfano,State Farm Insurance,Walsenburg,Huerfano,Professional services,profile-live,Hosted profile,Online profile,https://www.yellowpages.com/walsenburg-co/business-listings/1,False,ok,200,False,False,False
yellowpages-lead-steam-king-trinidad-las-animas,Steam King LLC,Trinidad,Las Animas,Local business or service,profile-live,Hosted profile,Online profile,https://www.yellowpages.com/trinidad-co/business-listings/1,False,ok,200,False,False,False
steve-riley-limited-editions-huerfano-photography-artist,Steve Riley Limited Editions,La Veta,Huerfano,Arts & culture,profile-live,Hosted profile,Online profile,https://www.lavetacreativedistrict.org/artists,False,ok,200,False,False,False
yellowpages-lead-steven-paul-szabo-trinidad-las-animas,Steven Paul Szabo,Trinidad,Las Animas,Local business or service,profile-live,Hosted profile,Online profile,https://www.yellowpages.com/trinidad-co/business-listings/1,False,ok,200,False,False,False
yellowpages-lead-sticks-stones-custom-builder-angel-fire-colfax,Sticks & Stones Custom Builder,Angel Fire,Colfax,"Home, land & contracting",profile-live,Hosted profile,Online profile,https://www.yellowpages.com/angel-fire-nm/business-listings/1,False,ok,200,False,False,False
travel-guide-stonewall-century-ride-trinidad-las-animas,Stonewall Century Ride,Trinidad,Las Animas,Local business or service,profile-unconfirmed,Hosted profile,Listing link,https://visittrinidadcolorado.com/more-fun/,False,access_blocked,403,False,False,False
travel-guide-story-creek-outfitters-walsenburg-huerfano,Story Creek Outfitters,Walsenburg,Huerfano,Local business or service,direct-live,Direct website,Connect online,https://storycreek.com/wp/,True,ok,200,False,False,True
yellowpages-lead-stuart-family-counseling-services-raton-colfax,Stuart Family Counseling Services,Raton,Colfax,Local business or service,profile-live,Hosted profile,Online profile,https://www.yellowpages.com/raton-nm/business-listings/1,False,ok,200,False,False,False
studio-katie-huerfano-studio-artist-vendor,Studio Katie,Walsenburg,Huerfano,Arts & culture,profile-live,Hosted profile,Online profile,https://www.walsenburgmercantile.com/meet-our-vendors,False,ok,200,False,False,True
yellowpages-lead-suburban-propane-angel-fire-colfax,Suburban Propane,Angel Fire,Colfax,Local business or service,profile-live,Hosted profile,Online profile,https://www.yellowpages.com/angel-fire-nm/business-listings/1,False,ok,200,False,False,False
travel-guide-subway-angel-fire-colfax,Subway,Angel Fire,Colfax,Food & drink,direct-live,Direct website,Connect online,https://order.subway.com/en-us/restaurant/11611/menu/?utm_source=yxt-goog&utm_medium=local&utm_term=acq&utm_content=11611&utm_campaign=evergreen-2020&y_source=1_MTQ5MTI4NzUtNzE1LWxvY2F0aW9uLmdvb2dsZV93ZWJzaXRlX292ZXJyaWRl,True,redirect,200,False,False,False
yellowpages-lead-subway-raton-colfax,Subway,Raton,Colfax,Local business or service,profile-live,Hosted profile,Online profile,https://www.yellowpages.com/raton-nm/business-listings/1,False,ok,200,False,False,False
travel-guide-subway-walsenburg-huerfano,Subway,Walsenburg,Huerfano,Food & drink,direct-live,Direct website,Connect online,https://restaurants.subway.com/united-states/co/walsenburg/228-n-main-st,True,ok,200,False,False,True
travel-guide-subway-lowe-s-pay-and-save-angel-fire-colfax,Subway - Lowe's Pay & Save,Angel Fire,Colfax,Food & drink,profile-unconfirmed,Hosted profile,Listing link,https://visitangelfirenm.com/listing/subway-lowes-pay-save/,False,access_blocked,403,False,False,True
yellowpages-lead-sugarite-canyon-state-park-raton-colfax,Sugarite Canyon State Park,Raton,Colfax,Outdoor recreation,profile-live,Hosted profile,Online profile,https://www.yellowpages.com/raton-nm/business-listings/1,False,ok,200,False,False,False
yellowpages-lead-sugarloaf-trinidad-las-animas,Sugarloaf,Trinidad,Las Animas,Local business or service,profile-live,Hosted profile,Online profile,https://www.yellowpages.com/trinidad-co/business-listings/1,False,ok,200,False,False,False
yellowpages-lead-summerlan-parks-raton-colfax,Summerlan Parks,Raton,Colfax,Local business or service,profile-live,Hosted profile,Online profile,https://www.yellowpages.com/raton-nm/business-listings/1,False,ok,200,False,False,False
travel-guide-summit-haus-angel-fire-colfax,Summit Haus,Angel Fire,Colfax,Food & drink,profile-live,Hosted profile,Online profile,https://angelfirechamber.org/business/summit-haus/,False,ok,200,False,False,True
summit-rv-park-las-animas-rv-park,Summit RV Park,Trinidad,Las Animas,Lodging & stays,profile-unconfirmed,Hosted profile,Listing link,https://visittrinidadcolorado.com/stay/,False,access_blocked,403,False,True,True
sunrise-mesa-design-huerfano-design-maker-vendor,Sunrise Mesa Design,Walsenburg,Huerfano,Arts & culture,profile-live,Hosted profile,Online profile,https://www.walsenburgmercantile.com/meet-our-vendors,False,ok,200,False,False,True
yellowpages-lead-sunset-grille-angel-fire-colfax,Sunset Grille,Angel Fire,Colfax,Local business or service,profile-live,Hosted profile,Online profile,https://www.yellowpages.com/angel-fire-nm/business-listings/1,False,ok,200,False,False,False
yellowpages-lead-super-8-by-wyndham-raton-raton-colfax,Super 8 by Wyndham Raton,Raton,Colfax,Local business or service,profile-live,Hosted profile,Online profile,https://www.yellowpages.com/raton-nm/business-listings/1,False,ok,200,False,False,False
yellowpages-lead-super-save-discount-food-raton-colfax,Super Save Discount Food,Raton,Colfax,Food & drink,profile-live,Hosted profile,Online profile,https://www.yellowpages.com/raton-nm/business-listings/1,False,ok,200,False,False,False
super-save-discount-foods-colfax-grocery-retail,Super Save Discount Foods,Raton,Colfax,Retail & local goods,contact-only,Contact only,No direct website listed,,False,,,False,True,True
yellowpages-lead-survey-consultants-angel-fire-colfax,Survey Consultants Inc,Angel Fire,Colfax,Local business or service,profile-live,Hosted profile,Online profile,https://www.yellowpages.com/angel-fire-nm/business-listings/1,False,ok,200,False,False,False
suzy-s-salsa-huerfano-local-food-product-maker-vendor,Suzy's Salsa,Walsenburg,Huerfano,Arts & culture,profile-live,Hosted profile,Online profile,https://www.walsenburgmercantile.com/meet-our-vendors,False,ok,200,False,False,True
travel-guide-sweet-shirt-angel-fire-colfax,Sweet Shirt Co,Angel Fire,Colfax,Retail & local goods,profile-live,Hosted profile,Online profile,https://www.yellowpages.com/angel-fire-nm/business-listings/1,False,ok,200,False,False,True
yellowpages-lead-systems-builders-walsenburg-huerfano,Systems Builders,Walsenburg,Huerfano,Local business or service,profile-live,Hosted profile,Online profile,https://www.yellowpages.com/walsenburg-co/business-listings/1,False,ok,200,False,False,False
tabula-rasa-gallery-and-art-supply-las-animas-printmaking-studio-gallery-a,Tabula Rasa Gallery and Art Supply,Trinidad,Las Animas,Arts & culture,direct-unconfirmed,Direct website,Website link,https://www.tabularasa.gallery,False,network_error,,False,False,True
yellowpages-lead-taco-bell-trinidad-las-animas,Taco Bell,Trinidad,Las Animas,Local business or service,profile-live,Hosted profile,Online profile,https://www.yellowpages.com/trinidad-co/business-listings/1,False,ok,200,False,False,False
yellowpages-lead-tamar-rubin-lpcc-raton-colfax,"Tamar Rubin, LPCC",Raton,Colfax,Local business or service,profile-live,Hosted profile,Online profile,https://www.yellowpages.com/raton-nm/business-listings/1,False,ok,200,False,False,False
travel-guide-taos-community-foundation-angel-fire-colfax,Taos Community Foundation,Angel Fire,Colfax,Funding & support,profile-unconfirmed,Hosted profile,Listing link,https://visitangelfirenm.com/listing/taos-community-foundation/,False,access_blocked,403,False,False,True
travel-guide-taos-lifestyle-angel-fire-colfax,Taos Lifestyle,Angel Fire,Colfax,Retail & local goods,direct-live,Direct website,Connect online,https://www.taoslifestyle.com/,True,ok,200,False,False,False
travel-guide-taos-mountain-cabinets-and-doors-angel-fire-colfax,Taos Mountain Cabinets and Doors,Angel Fire,Colfax,Retail & local goods,profile-live,Hosted profile,Online profile,https://angelfirechamber.org/business/taos-mountain-cabinets-and-doors/,False,ok,200,False,False,False
taos-org-angel-fire-art-galleries-directory-angel-fire-colfax-regional-visitor-art-gal,Taos.org Angel Fire Art Galleries Directory,Angel Fire,Colfax,Arts & culture,profile-live,Hosted profile,Online profile,https://taos.org/places/category/art-galleries/angel-fire/,False,ok,200,False,False,False
tarabino-inn-las-animas-inn-b-b,Tarabino Inn,Trinidad,Las Animas,Lodging & stays,profile-unconfirmed,Hosted profile,Listing link,https://visittrinidadcolorado.com/stay/,False,access_blocked,403,False,True,True
taty-at-the-bump-colfax-food-beverage,Taty @ the Bump,Angel Fire,Colfax,Food & drink,profile-live,Hosted profile,Online profile,https://www.facebook.com/taty.bistro,False,redirect,200,False,False,False
travel-guide-taty-at-bump-angel-fire-colfax,Taty at the Bump,Angel Fire,Colfax,Food & drink,profile-unconfirmed,Hosted profile,Listing link,https://visitangelfirenm.com/listing/taty-at-the-bump/,False,access_blocked,403,False,False,True
travel-guide-tc-s-diner-walsenburg-huerfano,TC's Diner,Walsenburg,Huerfano,Food & drink,profile-live,Hosted profile,Online profile,https://www.spanishpeakscountry.com/,False,redirect,200,False,False,True
yellowpages-lead-tele-gard-protection-systems-angel-fire-colfax,Tele-Gard Protection Systems,Angel Fire,Colfax,Local business or service,profile-live,Hosted profile,Online profile,https://www.yellowpages.com/angel-fire-nm/business-listings/1,False,ok,200,False,False,False
yellowpages-lead-telemed-nightingales-trinidad-las-animas,Telemed Nightingales,Trinidad,Las Animas,Local business or service,profile-live,Hosted profile,Online profile,https://www.yellowpages.com/trinidad-co/business-listings/1,False,ok,200,False,False,False
yellowpages-lead-tequila-s-family-mexican-restaurant-trinidad-las-animas,Tequila's Family Mexican Restaurant,Trinidad,Las Animas,Food & drink,profile-live,Hosted profile,Online profile,https://www.yellowpages.com/trinidad-co/business-listings/1,False,ok,200,False,False,False
yellowpages-lead-terry-diane-crotinger-lpc-raton-colfax,"Terry Diane Crotinger, LPC",Raton,Colfax,Local business or service,profile-live,Hosted profile,Online profile,https://www.yellowpages.com/raton-nm/business-listings/1,False,ok,200,False,False,False
yellowpages-lead-tesitor-insurance-consulting-walsenburg-huerfano,Tesitor Insurance Consulting,Walsenburg,Huerfano,Professional services,profile-live,Hosted profile,Online profile,https://www.yellowpages.com/walsenburg-co/business-listings/1,False,ok,200,False,False,False
yellowpages-lead-texaco-trinidad-las-animas,Texaco,Trinidad,Las Animas,Local business or service,profile-live,Hosted profile,Online profile,https://www.yellowpages.com/trinidad-co/business-listings/1,False,ok,200,False,False,False
texas-reds-steakhouse-colfax-food-beverage,Texas Reds Steakhouse,,Colfax,Food & drink,no-online-link,No online link,No online link listed,,False,,,False,False,False
travel-guide-thai-angel-angel-fire-colfax,Thai Angel,Angel Fire,Colfax,Local business or service,profile-unconfirmed,Hosted profile,Listing link,https://visitangelfirenm.com/listing/thai-angel/,False,access_blocked,403,False,False,True
thai-angel-restaurant-colfax-food-beverage,Thai Angel Restaurant,Eagle Nest,Colfax,Food & drink,contact-only,Contact only,No direct website listed,,False,,,False,True,True
travel-guide-art-of-snacks-raton-colfax,The Art of Snacks,Raton,Colfax,Food & drink,profile-live,Hosted profile,Online profile,https://www.facebook.com/theartofsnacks/,False,redirect,200,False,False,False
travel-guide-bakery-and-cafe-angel-fire-colfax,The Bakery & Cafe,Angel Fire,Colfax,Food & drink,profile-unconfirmed,Hosted profile,Listing link,https://visitangelfirenm.com/listing/the-bakery-and-cafe/,False,access_blocked,403,False,False,True
the-bakery-cafe-colfax-food-beverage,The Bakery & Cafe @ Angel Fire,Angel Fire,Colfax,Food & drink,direct-live,Direct website,Connect online,https://thebakeryatangelfire.com/,True,ok,200,False,True,True
yellowpages-lead-bakery-cafe-at-angel-fire-angel-fire-colfax,The Bakery & Cafe at Angel Fire,Angel Fire,Colfax,Food & drink,profile-live,Hosted profile,Online profile,https://www.yellowpages.com/angel-fire-nm/business-listings/1,False,ok,200,False,False,False
travel-guide-bear-spot-walsenburg-huerfano,The Bear Spot,Walsenburg,Huerfano,Retail & local goods,direct-live,Direct website,Connect online,https://thebearspot.com/,True,redirect,200,False,False,True
travel-guide-bear-s-den-at-cuchara-cuchara-huerfano,The Bear's Den at Cuchara,Cuchara,Huerfano,Retail & local goods,profile-live,Hosted profile,Online profile,https://www.spanishpeakscountry.com/,False,redirect,200,False,False,True
travel-guide-branch-cafe-walsenburg-huerfano,The Branch Cafe,Walsenburg,Huerfano,Food & drink,profile-live,Hosted profile,Online profile,https://www.spanishpeakscountry.com/,False,redirect,200,False,False,True
the-candy-crate-colfax-retail-sweets,The Candy Crate,,Colfax,Retail & local goods,no-online-link,No online link,No online link listed,,False,,,False,False,False
yellowpages-lead-children-s-workshop-raton-colfax,The Children's Workshop,Raton,Colfax,Education & learning,profile-live,Hosted profile,Online profile,https://www.yellowpages.com/raton-nm/business-listings/1,False,ok,200,False,False,False
the-commons-space-to-create-las-animas-exhibition-space-rentable-arts-venu,The Commons @ Space to Create,Trinidad,Las Animas,Arts & culture,profile-live,Hosted profile,Online profile,https://www.trinidadcreativedistrict.org/the-commons,False,ok,200,True,False,True
yellowpages-lead-corner-shop-cafe-trinidad-las-animas,The Corner Shop Cafe,Trinidad,Las Animas,Food & drink,profile-live,Hosted profile,Online profile,https://www.yellowpages.com/trinidad-co/business-listings/1,False,ok,200,False,False,False
travel-guide-dakota-wall-entry-huerfano,The Dakota Wall,,Huerfano,Local business or service,profile-live,Hosted profile,Online profile,https://spanishpeakscountry.com/scenic-points/,False,ok,200,False,False,False
yellowpages-lead-first-national-bank-in-trinidad-huerfano-county-branch-walsenburg-huerfano,The First National Bank in Trinidad-Huerfano County Branch,Walsenburg,Huerfano,Public offices,profile-live,Hosted profile,Online profile,https://www.yellowpages.com/walsenburg-co/business-listings/1,False,ok,200,False,False,False
travel-guide-grandote-grill-la-veta-huerfano,The Grandote Grill,La Veta,Huerfano,Food & drink,direct-live,Direct website,Connect online,https://playgrandote.com/,True,ok,200,False,False,True
travel-guide-great-sand-dunes-national-park-and-preserve-entry-huerfano,The Great Sand Dunes National Park & Preserve,,Huerfano,Outdoor recreation,profile-live,Hosted profile,Online profile,https://spanishpeakscountry.com/attractions/,False,ok,200,False,False,False
travel-guide-green-elephant-walsenburg-huerfano,The Green Elephant,Walsenburg,Huerfano,Retail & local goods,profile-live,Hosted profile,Online profile,https://www.spanishpeakscountry.com/,False,redirect,200,False,False,True
travel-guide-heirloom-shop-raton-colfax,The Heirloom Shop,Raton,Colfax,Retail & local goods,profile-live,Hosted profile,Online profile,https://www.facebook.com/p/Buffalo-Chip-100046811036277/,False,ok,200,False,False,False
yellowpages-lead-huerfano-cafe-walsenburg-huerfano,The Huerfano Cafe,Walsenburg,Huerfano,Food & drink,profile-live,Hosted profile,Online profile,https://www.yellowpages.com/walsenburg-co/business-listings/1,False,ok,200,False,False,False
travel-guide-indigo-market-angel-fire-colfax,The Indigo Market,Angel Fire,Colfax,Retail & local goods,profile-unconfirmed,Hosted profile,Listing link,https://visitangelfirenm.com/listing/the-indigo-market/,False,access_blocked,403,False,False,True
travel-guide-inn-at-pennington-place-walsenburg-huerfano,The Inn at Pennington Place,Walsenburg,Huerfano,Lodging & stays,direct-live,Direct website,Connect online,https://penningtonplaceinn.com/,True,ok,200,False,False,True
the-isabel-castillo-school-for-the-performing-arts-colfax-performing-arts,The Isabel Castillo School for the Performing Arts,Raton,Colfax,Arts & culture,profile-live,Hosted profile,Online profile,https://www.facebook.com,False,ok,200,False,False,False
travel-guide-jewelry-lady-eagle-nest-colfax,The Jewelry Lady,Eagle Nest,Colfax,Arts & culture,profile-live,Hosted profile,Online profile,https://www.eaglenest.org/water_waste_water/businessdirectory,False,ok,200,False,True,True
travel-guide-lift-cafe-angel-fire-colfax,The Lift Café,Angel Fire,Colfax,Food & drink,profile-live,Hosted profile,Online profile,https://angelfirechamber.org/business/the-lift-cafe-market/,False,ok,200,False,False,True
travel-guide-lodge-at-angel-fire-resort-angel-fire-colfax,The Lodge at Angel Fire Resort,Angel Fire,Colfax,Lodging & stays,profile-live,Hosted profile,Online profile,https://angelfirechamber.org/business/the-lodge-at-angel-fire-resort/,False,ok,200,False,False,False
travel-guide-lofts-downtown-walsenburg-huerfano,The Lofts Downtown,Walsenburg,Huerfano,Lodging & stays,profile-live,Hosted profile,Online profile,https://spanishpeakscountry.com/business-directory/listing/the-lofts-downtown,False,ok,200,False,True,True
yellowpages-lead-massage-center-trinidad-las-animas,The Massage Center,Trinidad,Las Animas,Health & wellness,profile-live,Hosted profile,Online profile,https://www.yellowpages.com/trinidad-co/business-listings/1,False,ok,200,False,False,False
travel-guide-pack-rat-raton-colfax,The Pack Rat,Raton,Colfax,Retail & local goods,profile-live,Hosted profile,Online profile,https://www.exploreraton.com/shop,False,ok,200,False,False,False
travel-guide-pawn-shop-walsenburg-huerfano,The Pawn Shop,Walsenburg,Huerfano,Retail & local goods,profile-live,Hosted profile,Online profile,https://www.spanishpeakscountry.com/,False,redirect,200,False,False,True
travel-guide-peaks-at-grandote-la-veta-huerfano,The Peaks at Grandote,La Veta,Huerfano,Food & drink,direct-live,Direct website,Connect online,https://playgrandote.com/,True,ok,200,False,False,True
travel-guide-pecos-canadian-cimarron-and-mora-rivers-raton-colfax,"The Pecos, Canadian, Cimarron, and Mora Rivers",Raton,Colfax,Local business or service,profile-live,Hosted profile,Online profile,https://www.newmexico.org/things-to-do/outdoor-adventures/rafting-kayaking/pecos-canadian-cimarron-mora/,False,ok,200,False,False,False
yellowpages-lead-pharmacy-at-spanish-peaks-walsenburg-huerfano,The Pharmacy at Spanish Peaks,Walsenburg,Huerfano,Health & wellness,profile-live,Hosted profile,Online profile,https://www.yellowpages.com/walsenburg-co/business-listings/1,False,ok,200,False,False,False
raton-museum-colfax-raton,The Raton Museum,Raton,Colfax,Arts & culture,profile-live,Hosted profile,Online profile,https://www.ratonnm.gov/business_detail_T7_R36.php,False,ok,200,True,True,True
the-royal-tavern-las-animas-live-music-karaoke-venue,The Royal Tavern,Trinidad,Las Animas,Events & venues,profile-live,Hosted profile,Online profile,https://www.trinidadcreativedistrict.org/arts-in-the-trinidad-colorado-community,False,ok,200,False,False,True
the-salon-ltd-huerfano-service-personal-care,The Salon LTD,La Veta,Huerfano,Health & wellness,contact-only,Contact only,No direct website listed,,False,,,False,True,True
yellowpages-lead-secret-garden-walsenburg-huerfano,The Secret Garden,Walsenburg,Huerfano,"Home, land & contracting",profile-live,Hosted profile,Online profile,https://www.yellowpages.com/walsenburg-co/business-listings/1,False,ok,200,False,False,False
the-shuler-theater-colfax-performing-arts-venue,The Shuler Theater,Raton,Colfax,Arts & culture,direct-live,Direct website,Connect online,http://www.shulertheater.com/,True,redirect,200,False,True,True
travel-guide-shuter-library-of-angel-fire-angel-fire-colfax,The Shuter Library of Angel Fire,Angel Fire,Colfax,Education & learning,profile-unconfirmed,Hosted profile,Listing link,https://visitangelfirenm.com/listing/the-shuter-library-of-angel-fire/,False,access_blocked,403,False,False,True
the-station-las-animas-restaurant-bar-venue,The Station,Aguilar,Las Animas,Events & venues,direct-unconfirmed,Direct website,Website link,https://aguilarstation.com,False,network_error,,False,False,True
travel-guide-stokehouse-walsenburg-huerfano,The Stokehouse,Walsenburg,Huerfano,Food & drink,profile-live,Hosted profile,Online profile,https://www.walsenburgmercantile.com/stokehouse,False,ok,200,True,True,True
travel-guide-t-m-ranch-walsenburg-huerfano,The T/M Ranch,Walsenburg,Huerfano,Local business or service,direct-live,Direct website,Connect online,https://tmranch.org/,True,ok,200,False,False,True
travel-guide-timbers-steak-and-spirits-la-veta-huerfano,The Timbers Steak and Spirits,La Veta,Huerfano,Food & drink,profile-live,Hosted profile,Online profile,https://www.facebook.com/share/1AyigQNiJw/,False,redirect,200,True,True,True
travel-guide-trailhead-angel-fire-colfax,The Trailhead,Angel Fire,Colfax,Retail & local goods,profile-live,Hosted profile,Online profile,https://angelfirechamber.org/business/the-trailhead-ski-shop/,False,ok,200,False,False,False
travel-guide-village-haus-angel-fire-colfax,The Village Haus,Angel Fire,Colfax,Food & drink,profile-live,Hosted profile,Online profile,https://angelfirechamber.org/business/the-village-haus/,False,ok,200,False,False,True
yellowpages-lead-water-station-trinidad-las-animas,The Water Station,Trinidad,Las Animas,Local business or service,profile-live,Hosted profile,Online profile,https://www.yellowpages.com/trinidad-co/business-listings/1,False,ok,200,False,False,False
the-well-hotel-taproom-las-animas-boutique-hotel-taproom,The Well Hotel & Taproom,Trinidad,Las Animas,Events & venues,direct-live,Direct website,Connect online,https://wellhoteltrinidad.com/events/,True,ok,200,False,True,True
yellowpages-lead-working-bird-angel-fire-colfax,The Working Bird,Angel Fire,Colfax,Local business or service,profile-live,Hosted profile,Online profile,https://www.yellowpages.com/angel-fire-nm/business-listings/1,False,ok,200,False,False,False
world-journal-huerfano-media-news,The World Journal,Walsenburg,Huerfano,Media & news,direct-live,Direct website,Connect online,https://worldjournalnewspaper.com/,True,ok,200,True,True,True
yellowpages-lead-thompson-patrick-j-md-raton-colfax,"Thompson, Patrick J, MD",Raton,Colfax,Local business or service,profile-live,Hosted profile,Online profile,https://www.yellowpages.com/raton-nm/business-listings/1,False,ok,200,False,False,False
yellowpages-lead-timbers-restaurant-la-veta-huerfano,Timbers Restaurant,La Veta,Huerfano,Food & drink,profile-live,Hosted profile,Online profile,https://www.yellowpages.com/la-veta-co,False,ok,200,False,False,False
yellowpages-lead-tina-s-family-cafe-aguilar-las-animas,Tina's Family Cafe,Aguilar,Las Animas,Food & drink,profile-live,Hosted profile,Online profile,https://www.yellowpages.com/aguilar-co,False,ok,200,False,False,False
travel-guide-tina-s-goodies-raton-colfax,Tina's Goodies,Raton,Colfax,Retail & local goods,profile-live,Hosted profile,Online profile,https://www.facebook.com/profile.php?id=100094093325538,False,redirect,200,False,False,False
yellowpages-lead-tinas-family-cafe-walsenburg-huerfano,Tinas Family Cafe,Walsenburg,Huerfano,Food & drink,profile-live,Hosted profile,Online profile,https://www.yellowpages.com/walsenburg-co/business-listings/1,False,ok,200,False,False,False
yellowpages-lead-tj-s-mechanical-trinidad-las-animas,TJ's Mechanical,Trinidad,Las Animas,Local business or service,profile-live,Hosted profile,Online profile,https://www.yellowpages.com/trinidad-co/business-listings/1,False,ok,200,False,False,False
yellowpages-lead-tjs-mechnical-aguilar-las-animas,Tjs Mechnical Inc,Aguilar,Las Animas,Local business or service,profile-live,Hosted profile,Online profile,https://www.yellowpages.com/aguilar-co,False,ok,200,False,False,False
yellowpages-lead-tlc-real-estate-services-trinidad-las-animas,TLC Real Estate Services,Trinidad,Las Animas,Professional services,profile-live,Hosted profile,Online profile,https://www.yellowpages.com/trinidad-co/business-listings/1,False,ok,200,False,False,False
travel-guide-tolby-campground-cimarron-valley-angel-fire-colfax,"Tolby Campground, Cimarron Valley",Angel Fire,Colfax,Lodging & stays,profile-unconfirmed,Hosted profile,Listing link,https://visitangelfirenm.com/listing/tolby-campground-cimarron-valley/,False,access_blocked,403,False,False,True
yellowpages-lead-tony-s-automotive-machine-trinidad-las-animas,Tony's Automotive Machine,Trinidad,Las Animas,Local business or service,profile-live,Hosted profile,Online profile,https://www.yellowpages.com/trinidad-co/business-listings/1,False,ok,200,False,False,False
too-cool-chicks-huerfano-local-maker-vendor,Too Cool Chicks,Walsenburg,Huerfano,Arts & culture,profile-live,Hosted profile,Online profile,https://www.walsenburgmercantile.com/meet-our-vendors,False,ok,200,False,False,True
yellowpages-lead-topar-welding-trinidad-las-animas,Topar Welding,Trinidad,Las Animas,"Home, land & contracting",profile-live,Hosted profile,Online profile,https://www.yellowpages.com/trinidad-co/business-listings/1,False,ok,200,False,False,False
tourism-arts-event-and-creative-economy-grants-regional-tourism-arts-eve,"Tourism, arts, event, and creative-economy grants",Regional,Regional,Arts & culture,no-online-link,No online link,No online link listed,,False,,,False,False,False
tourist-information-center-at-heritage-park-huerfano-visitor-center,Tourist Information Center at Heritage Park,Walsenburg,Huerfano,Tourism & visitor info,no-online-link,No online link,No online link listed,,False,,,False,False,False
tower-64-motel-rv-park-las-animas-motel-rv-park,Tower 64 Motel & RV Park,Trinidad,Las Animas,Lodging & stays,direct-live,Direct website,Connect online,https://tower64motelandrv.com,True,ok,200,False,True,True
yellowpages-lead-town-country-estates-realty-trinidad-las-animas,Town & Country Estates Realty,Trinidad,Las Animas,Public offices,profile-live,Hosted profile,Online profile,https://www.yellowpages.com/trinidad-co/business-listings/1,False,ok,200,False,False,False
town-of-branson-las-animas-government-community-hub,Town of Branson,Aguilar,Las Animas,Nonprofit & community,direct-live,Direct website,Connect online,https://bransoncolorado.com,False,redirect,200,True,False,False
town-of-la-veta-huerfano-government,Town of La Veta,La Veta,Huerfano,Public offices,direct-live,Direct website,Connect online,https://townoflaveta-co.gov/,False,ok,200,False,True,True
travel-guide-tractor-supply-raton-colfax,Tractor Supply,Raton,Colfax,Retail & local goods,profile-live,Hosted profile,Online profile,https://www.facebook.com/dulces.encantados.52,False,ok,200,False,False,False
trailhead-general-store-sinclair-huerfano-retail-gas-convenience,Trailhead General Store / Sinclair,La Veta,Huerfano,Retail & local goods,contact-only,Contact only,No direct website listed,,False,,,False,True,True
travel-guide-trailhead-ski-shop-angel-fire-colfax,Trailhead Ski Shop,Angel Fire,Colfax,Retail & local goods,profile-unconfirmed,Hosted profile,Listing link,https://visitangelfirenm.com/listing/trailhead-ski-shop/,False,access_blocked,403,False,False,True
trails-end-motel-las-animas-motel,Trails End Motel,Trinidad,Las Animas,Lodging & stays,profile-unconfirmed,Hosted profile,Listing link,https://visittrinidadcolorado.com/stay/,False,access_blocked,403,False,True,True
travelodge-by-wyndham-las-animas-hotel,Travelodge by Wyndham,Trinidad,Las Animas,Lodging & stays,profile-unconfirmed,Hosted profile,Listing link,https://visittrinidadcolorado.com/stay/,False,access_blocked,403,False,True,True
yellowpages-lead-travelodge-by-wyndham-raton-raton-colfax,Travelodge by Wyndham Raton,Raton,Colfax,Local business or service,profile-live,Hosted profile,Online profile,https://www.yellowpages.com/raton-nm/business-listings/1,False,ok,200,False,False,False
yellowpages-lead-tri-state-generation-transmission-association-walsenburg-huerfano,Tri-State Generation & Transmission Association,Walsenburg,Huerfano,Local business or service,profile-live,Hosted profile,Online profile,https://www.yellowpages.com/walsenburg-co/business-listings/1,False,ok,200,False,False,False
tribune-press-colfax-media-services,Tribune Press,Springer,Colfax,Media & news,address-only,Contact only,No direct website listed,,False,,,False,False,True
trinchera-las-animas-local listing-sparse-nodes,Trinchera,Branson,Las Animas,Nonprofit & community,no-online-link,No online link,No online link listed,,False,,,False,False,False
trinidad-las-animas-chamber-of-commerce-las-animas-business-advocacy-net,Trinidad & Las Animas Chamber of Commerce,Trinidad,Las Animas,Tourism & visitor info,profile-live,Hosted profile,Online profile,https://www.yellowpages.com/trinidad-co/business-listings/1,False,ok,200,True,True,True
travel-guide-trinidad-and-las-animas-county-chamber-of-commerce-trinidad-las-animas,Trinidad & Las Animas County Chamber of Commerce,Trinidad,Las Animas,Tourism & visitor info,profile-live,Hosted profile,Online profile,https://www.coloradodirectory.com/trinidadchamber,False,ok,200,False,False,False
yellowpages-lead-trinidad-abstract-title-trinidad-las-animas,Trinidad Abstract & Title Co,Trinidad,Las Animas,Local business or service,profile-live,Hosted profile,Online profile,https://www.yellowpages.com/trinidad-co/business-listings/1,False,ok,200,False,False,False
yellowpages-lead-trinidad-ambulance-district-trinidad-las-animas,Trinidad Ambulance District,Trinidad,Las Animas,Public offices,profile-live,Hosted profile,Online profile,https://www.yellowpages.com/trinidad-co/business-listings/1,False,ok,200,False,False,False
yellowpages-lead-trinidad-animal-clinic-trinidad-las-animas,Trinidad Animal Clinic,Trinidad,Las Animas,Health & wellness,profile-live,Hosted profile,Online profile,https://www.yellowpages.com/trinidad-co/business-listings/1,False,ok,200,False,False,False
trinidad-art-fest-2026-zapp-artist-application-trinidad-las-animas-juried-artist-appli,Trinidad Art Fest 2026 ZAPP Artist Application,Trinidad,Las Animas,Arts & culture,direct-live,Direct website,Connect online,https://www.zapplication.org/event-info.php?ID=14415,True,ok,200,False,False,False
yellowpages-lead-trinidad-builders-supply-trinidad-las-animas,Trinidad Builders Supply,Trinidad,Las Animas,Local business or service,profile-live,Hosted profile,Online profile,https://www.yellowpages.com/trinidad-co/business-listings/1,False,ok,200,False,False,False
trinidad-chronicle-news-las-animas-media,Trinidad Chronicle-News,Trinidad,Las Animas,Media & news,direct-live,Direct website,Connect online,https://thechronicle-news.com,True,redirect,200,False,False,True
trinidad-colorado-music-scene-las-animas-live-music-community-page,Trinidad Colorado Music Scene,Trinidad,Las Animas,Events & venues,profile-live,Hosted profile,Online profile,https://www.facebook.com/trinidadcoloradomusicscene/,False,redirect,200,False,False,False
yellowpages-lead-trinidad-gardens-dispensary-trinidad-las-animas,Trinidad Gardens Dispensary,Trinidad,Las Animas,Local business or service,profile-live,Hosted profile,Online profile,https://www.yellowpages.com/trinidad-co/business-listings/1,False,ok,200,False,False,False
yellowpages-lead-trinidad-high-school-trinidad-las-animas,Trinidad High School,Trinidad,Las Animas,Education & learning,profile-live,Hosted profile,Online profile,https://www.yellowpages.com/trinidad-co/business-listings/1,False,ok,200,False,False,False
trinidad-history-museum-las-animas-museum-heritage,Trinidad History Museum,Trinidad,Las Animas,Arts & culture,profile-unconfirmed,Hosted profile,Listing link,https://visittrinidadcolorado.com/attraction/trinidad-history-museum/,False,access_blocked,403,False,True,True
yellowpages-lead-trinidad-insurance-center-trinidad-las-animas,Trinidad Insurance Center,Trinidad,Las Animas,Professional services,profile-live,Hosted profile,Online profile,https://www.yellowpages.com/trinidad-co/business-listings/1,False,ok,200,False,False,False
trinidad-lake-state-park-las-animas-camping-recreation,Trinidad Lake State Park,Trinidad,Las Animas,Lodging & stays,profile-live,Hosted profile,Online profile,https://www.coloradodirectory.com/costateparks/trinidad.html,False,ok,200,False,True,True
travel-guide-trinidad-lanes-trinidad-las-animas,Trinidad Lanes,Trinidad,Las Animas,Local business or service,profile-unconfirmed,Hosted profile,Listing link,https://visittrinidadcolorado.com/more-fun/,False,access_blocked,403,False,False,False
yellowpages-lead-trinidad-lock-key-trinidad-las-animas,Trinidad Lock & Key,Trinidad,Las Animas,Local business or service,profile-live,Hosted profile,Online profile,https://www.yellowpages.com/trinidad-co/business-listings/1,False,ok,200,False,False,False
trinidad-lounge-las-animas-live-music-venue,Trinidad Lounge,Trinidad,Las Animas,Events & venues,direct-live,Direct website,Connect online,https://dadlounge.com/,True,ok,200,False,False,True
yellowpages-lead-trinidad-motor-inn-trinidad-las-animas,Trinidad Motor Inn,Trinidad,Las Animas,Lodging & stays,profile-live,Hosted profile,Online profile,https://www.yellowpages.com/trinidad-co/business-listings/1,False,ok,200,False,False,False
yellowpages-lead-trinidad-seventh-day-adventist-church-trinidad-las-animas,Trinidad Seventh-Day Adventist Church,Trinidad,Las Animas,Nonprofit & community,profile-live,Hosted profile,Online profile,https://www.yellowpages.com/trinidad-co/business-listings/1,False,ok,200,False,False,False
trinidad-space-to-create-digital-resource-page-trinidad-las-animas-creative-workspace,Trinidad Space to Create Digital Resource Page,Trinidad,Las Animas,Arts & culture,profile-live,Hosted profile,Online profile,https://www.trinidadcreativedistrict.org/space-to-create,False,ok,200,False,False,False
trinidad-state-collaboratory-las-animas-community-maker-space-small-busine,Trinidad State Collaboratory,Trinidad,Las Animas,Arts & culture,profile-live,Hosted profile,Online profile,https://www.trinidadcreativedistrict.org/arts-in-the-trinidad-colorado-community,False,ok,200,False,False,True
trinidad-state-college-las-animas-higher-education,Trinidad State College,Trinidad,Las Animas,Education & learning,no-online-link,No online link,No online link listed,,False,,,False,False,False
trinidad-super-8-las-animas-hotel,Trinidad Super 8,Trinidad,Las Animas,Lodging & stays,profile-unconfirmed,Hosted profile,Listing link,https://visittrinidadcolorado.com/stay/,False,access_blocked,403,False,True,True
travel-guide-trinidad-triggers-trinidad-las-animas,Trinidad Triggers,Trinidad,Las Animas,Local business or service,profile-unconfirmed,Hosted profile,Listing link,https://visittrinidadcolorado.com/more-fun/,False,access_blocked,403,False,False,False
yellowpages-lead-trinity-fellowship-raton-colfax,Trinity Fellowship,Raton,Colfax,Local business or service,profile-live,Hosted profile,Online profile,https://www.yellowpages.com/raton-nm/business-listings/1,False,ok,200,False,False,False
triole-o-auto-colfax-automotive-services,Triole O Auto,Raton,Colfax,Auto & transportation,profile-live,Hosted profile,Online profile,https://www.yellowpages.com/raton-nm/business-listings/1,False,ok,200,False,False,True
yellowpages-lead-triple-h-self-storage-walsenburg-huerfano,Triple H Self Storage,Walsenburg,Huerfano,Professional services,profile-live,Hosted profile,Online profile,https://www.yellowpages.com/walsenburg-co/business-listings/1,False,ok,200,False,False,False
yellowpages-lead-tsjc-presidents-house-trinidad-las-animas,TSJC Presidents House,Trinidad,Las Animas,Local business or service,profile-live,Hosted profile,Online profile,https://www.yellowpages.com/trinidad-co/business-listings/1,False,ok,200,False,False,False
yellowpages-lead-tutti-scoops-trinidad-las-animas,Tutti Scoops,Trinidad,Las Animas,Local business or service,profile-live,Hosted profile,Online profile,https://www.yellowpages.com/trinidad-co/business-listings/1,False,ok,200,False,False,False
tutu-s-washateria-huerfano-service-laundromat,Tutu's Washateria,La Veta,Huerfano,Local business or service,address-only,Contact only,No direct website listed,,False,,,False,False,True
yellowpages-lead-twin-enviro-services-trinidad-las-animas,Twin Enviro Services,Trinidad,Las Animas,Local business or service,profile-live,Hosted profile,Online profile,https://www.yellowpages.com/trinidad-co/business-listings/1,False,ok,200,False,False,False
yellowpages-lead-twinpeaks-plumbing-trinidad-las-animas,Twinpeaks Plumbing,Trinidad,Las Animas,"Home, land & contracting",profile-live,Hosted profile,Online profile,https://www.yellowpages.com/trinidad-co/business-listings/1,False,ok,200,False,False,False
yellowpages-lead-two-feathers-salon-trinidad-las-animas,Two Feathers Salon,Trinidad,Las Animas,Health & wellness,profile-live,Hosted profile,Online profile,https://www.yellowpages.com/trinidad-co/business-listings/1,False,ok,200,False,False,False
two-fox-cabins-rvs-huerfano-lodging,Two Fox Cabins & RVs,La Veta,Huerfano,Lodging & stays,direct-unconfirmed,Direct website,Website link,https://www.twofoxcabins.com/,False,access_blocked,403,False,True,True
two-hare-trading-huerfano-local-goods-maker-vendor,Two Hare Trading,Walsenburg,Huerfano,Arts & culture,profile-live,Hosted profile,Online profile,https://www.walsenburgmercantile.com/meet-our-vendors,False,ok,200,False,False,True
two-mountain-treasures-huerfano-retail,Two Mountain Treasures,La Veta,Huerfano,Arts & culture,profile-live,Hosted profile,Online profile,https://www.lavetacreativedistrict.org/creative-spaces,False,ok,200,False,False,False
two-peaks-fitness-huerfano-healthcare-wellness-fitness,Two Peaks Fitness,La Veta,Huerfano,Health & wellness,direct-live,Direct website,Connect online,https://twopeaksfitness.org/,True,ok,200,False,True,True
tyrone-villegreen-las-animas-local listing-sparse-nodes,Tyrone / Villegreen,Tyrone,Las Animas,Nonprofit & community,no-online-link,No online link,No online link listed,,False,,,False,False,False
yellowpages-lead-u-haul-neighborhood-dealer-walsenburg-huerfano,U-Haul Neighborhood Dealer,Walsenburg,Huerfano,Local business or service,profile-live,Hosted profile,Online profile,https://www.yellowpages.com/walsenburg-co/business-listings/1,False,ok,200,False,False,False
u-s-post-office-branson-las-animas-government-service,U.S. Post Office - Branson,Aguilar,Las Animas,Public offices,no-online-link,No online link,No online link listed,,False,,,False,False,False
yellowpages-lead-ultimate-sports-nutrition-trinidad-las-animas,Ultimate Sports & Nutrition,Trinidad,Las Animas,Local business or service,profile-live,Hosted profile,Online profile,https://www.yellowpages.com/trinidad-co/business-listings/1,False,ok,200,False,False,False
ultra-health-dispensary-colfax-retail,Ultra Health Dispensary,Eagle Nest,Colfax,Retail & local goods,contact-only,Contact only,No direct website listed,,False,,,False,True,True
yellowpages-lead-united-church-of-angel-fire-angel-fire-colfax,United Church of Angel Fire,Angel Fire,Colfax,Nonprofit & community,profile-live,Hosted profile,Online profile,https://www.yellowpages.com/angel-fire-nm/business-listings/1,False,ok,200,False,False,False
yellowpages-lead-united-methodist-church-of-la-veta-walsenburg-huerfano,United Methodist Church of La Veta,Walsenburg,Huerfano,Nonprofit & community,profile-live,Hosted profile,Online profile,https://www.yellowpages.com/walsenburg-co/business-listings/1,False,ok,200,False,False,False
yellowpages-lead-united-states-postal-service-angel-fire-colfax,United States Postal Service,Angel Fire,Colfax,Local business or service,profile-live,Hosted profile,Online profile,https://www.yellowpages.com/angel-fire-nm/business-listings/1,False,ok,200,False,False,False
yellowpages-lead-united-states-postal-service-cimarron-colfax,United States Postal Service,Cimarron,Colfax,Local business or service,profile-live,Hosted profile,Online profile,https://www.yellowpages.com/cimarron-nm,False,ok,200,False,False,False
yellowpages-lead-united-states-postal-service-raton-colfax,United States Postal Service,Raton,Colfax,Local business or service,profile-live,Hosted profile,Online profile,https://www.yellowpages.com/raton-nm/business-listings/1,False,ok,200,False,False,False
yellowpages-lead-united-states-postal-service-springer-colfax,United States Postal Service,Springer,Colfax,Local business or service,profile-live,Hosted profile,Online profile,https://www.yellowpages.com/springer-nm,False,ok,200,False,False,False
yellowpages-lead-united-states-postal-service-la-veta-huerfano,United States Postal Service,La Veta,Huerfano,Local business or service,profile-live,Hosted profile,Online profile,https://www.yellowpages.com/la-veta-co,False,ok,200,False,False,False
yellowpages-lead-united-states-postal-service-walsenburg-huerfano,United States Postal Service,Walsenburg,Huerfano,Local business or service,profile-live,Hosted profile,Online profile,https://www.yellowpages.com/walsenburg-co/business-listings/1,False,ok,200,False,False,False
yellowpages-lead-united-states-postal-service-aguilar-las-animas,United States Postal Service,Aguilar,Las Animas,Local business or service,profile-live,Hosted profile,Online profile,https://www.yellowpages.com/aguilar-co,False,ok,200,False,False,False
upper-huerfano-fire-district-huerfano-government-fire-district,Upper Huerfano Fire District,La Veta,Huerfano,Public offices,direct-live,Direct website,Connect online,https://5280fire.com,False,ok,200,False,False,False
yellowpages-lead-ups-authorized-shipping-provider-raton-colfax,UPS Authorized Shipping Provider,Raton,Colfax,Local business or service,profile-live,Hosted profile,Online profile,https://www.yellowpages.com/raton-nm/business-listings/1,False,ok,200,False,False,False
yellowpages-lead-ups-authorized-shipping-provider-walsenburg-huerfano,UPS Authorized Shipping Provider,Walsenburg,Huerfano,Local business or service,profile-live,Hosted profile,Online profile,https://www.yellowpages.com/walsenburg-co/business-listings/1,False,ok,200,False,False,False
yellowpages-lead-ups-authorized-shipping-provider-trinidad-las-animas,UPS Authorized Shipping Provider,Trinidad,Las Animas,Local business or service,profile-live,Hosted profile,Online profile,https://www.yellowpages.com/trinidad-co/business-listings/1,False,ok,200,False,False,False
yellowpages-lead-ups-drop-box-raton-colfax,UPS Drop Box,Raton,Colfax,Local business or service,profile-live,Hosted profile,Online profile,https://www.yellowpages.com/raton-nm/business-listings/1,False,ok,200,False,False,False
yellowpages-lead-ups-drop-box-walsenburg-huerfano,UPS Drop Box,Walsenburg,Huerfano,Local business or service,profile-live,Hosted profile,Online profile,https://www.yellowpages.com/walsenburg-co/business-listings/1,False,ok,200,False,False,False
yellowpages-lead-uptown-liquors-walsenburg-huerfano,Uptown Liquors,Walsenburg,Huerfano,Local business or service,profile-live,Hosted profile,Online profile,https://www.yellowpages.com/walsenburg-co/business-listings/1,False,ok,200,False,False,False
yellowpages-lead-uptownclothingsupply-com-walsenburg-huerfano,Uptownclothingsupply.com,Walsenburg,Huerfano,Local business or service,profile-live,Hosted profile,Online profile,https://www.yellowpages.com/walsenburg-co/business-listings/1,False,ok,200,False,False,False
va-raton-clinic-colfax-healthcare,VA Raton Clinic,Raton,Colfax,Health & wellness,profile-live,Hosted profile,Online profile,https://www.yellowpages.com/raton-nm/business-listings/1,False,ok,200,False,True,True
travel-guide-vacasa-new-mexico-angel-fire-colfax,Vacasa New Mexico LLC,Angel Fire,Colfax,Local business or service,profile-unconfirmed,Hosted profile,Listing link,https://visitangelfirenm.com/listing/vacasa-new-mexico-llc/,False,access_blocked,403,False,False,False
yellowpages-lead-valero-angel-fire-colfax,Valero,Angel Fire,Colfax,Local business or service,profile-live,Hosted profile,Online profile,https://www.yellowpages.com/angel-fire-nm/business-listings/1,False,ok,200,False,False,False
yellowpages-lead-valley-eye-care-trinidad-las-animas,Valley Eye Care,Trinidad,Las Animas,Local business or service,profile-live,Hosted profile,Online profile,https://www.yellowpages.com/trinidad-co/business-listings/1,False,ok,200,False,False,False
yellowpages-lead-valley-market-angel-fire-colfax,Valley Market,Angel Fire,Colfax,Retail & local goods,profile-live,Hosted profile,Online profile,https://www.yellowpages.com/angel-fire-nm/business-listings/1,False,ok,200,False,False,False
travel-guide-van-lue-s-property-management-and-cabins-la-veta-huerfano,Van Lue's Property Management & Cabins,La Veta,Huerfano,Lodging & stays,profile-live,Hosted profile,Online profile,https://www.spanishpeakscountry.com/,False,redirect,200,False,False,True
vanishing-horizons-huerfano-creative-goods-vendor,Vanishing Horizons,Walsenburg,Huerfano,Arts & culture,profile-live,Hosted profile,Online profile,https://www.walsenburgmercantile.com/meet-our-vendors,False,ok,200,False,False,True
yellowpages-lead-veterans-of-foreign-wars-raton-colfax,Veterans of Foreign Wars,Raton,Colfax,Local business or service,profile-live,Hosted profile,Online profile,https://www.yellowpages.com/raton-nm/business-listings/1,False,ok,200,False,False,False
travel-guide-vietnam-veterans-memorial-angel-fire-colfax,Vietnam Veterans Memorial,Angel Fire,Colfax,Retail & local goods,profile-unconfirmed,Hosted profile,Listing link,https://visitangelfirenm.com/listing/the-vietnam-veterans-memorial/,False,access_blocked,403,False,False,True
yellowpages-lead-vigil-family-chiropractic-walsenburg-huerfano,Vigil Family Chiropractic,Walsenburg,Huerfano,Local business or service,profile-live,Hosted profile,Online profile,https://www.yellowpages.com/walsenburg-co/business-listings/1,False,ok,200,False,False,False
yellowpages-lead-village-church-angel-fire-colfax,Village Church,Angel Fire,Colfax,Nonprofit & community,profile-live,Hosted profile,Online profile,https://www.yellowpages.com/angel-fire-nm/business-listings/1,False,ok,200,False,False,False
travel-guide-village-ski-shop-angel-fire-colfax,Village Ski Shop,Angel Fire,Colfax,Retail & local goods,profile-unconfirmed,Hosted profile,Listing link,https://visitangelfirenm.com/listing/village-ski-shop/,False,access_blocked,403,False,False,True
travel-guide-village-ski-shop-and-ski-rentals-angel-fire-colfax,Village Ski Shop & Ski Rentals,Angel Fire,Colfax,Outdoor recreation,profile-live,Hosted profile,Online profile,https://angelfirechamber.org/business/village-ski-shop-ski-rentals/,False,ok,200,False,False,False
visit-angel-fire-catering-and-event-service-directory-angel-fire-colfax-catering-and-e,Visit Angel Fire Catering and Event-Service Directory,Angel Fire,Colfax,Food & drink,direct-unconfirmed,Direct website,Website link,https://visitangelfirenm.com/catering/,False,access_blocked,403,False,False,False
visit-trinidad-tourism-events-office-las-animas-tourism-government,Visit Trinidad Tourism / Events Office,Trinidad,Las Animas,Tourism & visitor info,direct-unconfirmed,Direct website,Website link,https://visittrinidadcolorado.com/resources-for-locals/,False,access_blocked,403,False,True,True
visit-trinidad-visual-arts-page-trinidad-las-animas-visitor-facing-visual-arts-and-gal,Visit Trinidad Visual Arts Page,Trinidad,Las Animas,Arts & culture,direct-unconfirmed,Direct website,Website link,https://visittrinidadcolorado.com/arts-culture/visual-arts/,False,access_blocked,403,False,False,False
travel-guide-wahatoya-lakes-state-wildlife-area-entry-huerfano,Wahatoya Lakes State Wildlife Area,,Huerfano,Local business or service,profile-live,Hosted profile,Online profile,https://spanishpeakscountry.com/scenic-points/,False,ok,200,False,False,False
travel-guide-walking-and-running-paths-trinidad-las-animas,Walking & Running Paths,Trinidad,Las Animas,Outdoor recreation,profile-unconfirmed,Hosted profile,Listing link,https://visittrinidadcolorado.com/outdoor-recreation/,False,access_blocked,403,False,False,False
yellowpages-lead-walmart-pharmacy-trinidad-las-animas,Walmart - Pharmacy,Trinidad,Las Animas,Health & wellness,profile-live,Hosted profile,Online profile,https://www.yellowpages.com/trinidad-co/business-listings/1,False,ok,200,False,False,False
yellowpages-lead-walmart-photo-center-trinidad-las-animas,Walmart - Photo Center,Trinidad,Las Animas,Local business or service,profile-live,Hosted profile,Online profile,https://www.yellowpages.com/trinidad-co/business-listings/1,False,ok,200,False,False,False
yellowpages-lead-walmart-vision-center-trinidad-las-animas,Walmart - Vision Center,Trinidad,Las Animas,Local business or service,profile-live,Hosted profile,Online profile,https://www.yellowpages.com/trinidad-co/business-listings/1,False,ok,200,False,False,False
yellowpages-lead-walsenburg-golf-club-walsenburg-huerfano,Walsenburg Golf Club,Walsenburg,Huerfano,Outdoor recreation,profile-live,Hosted profile,Online profile,https://www.yellowpages.com/walsenburg-co/business-listings/1,False,ok,200,False,False,False
walsenburg-golf-course-huerfano-tourism-recreation,Walsenburg Golf Course,Walsenburg,Huerfano,Tourism & visitor info,direct-live,Direct website,Connect online,https://www.golfwalsenburg.com/,False,ok,200,False,False,True
yellowpages-lead-walsenburg-housing-authority-walsenburg-huerfano,Walsenburg Housing Authority,Walsenburg,Huerfano,Local business or service,profile-live,Hosted profile,Online profile,https://www.yellowpages.com/walsenburg-co/business-listings/1,False,ok,200,False,False,False
yellowpages-lead-walsenburg-insurance-center-walsenburg-huerfano,Walsenburg Insurance Center,Walsenburg,Huerfano,Professional services,profile-live,Hosted profile,Online profile,https://www.yellowpages.com/walsenburg-co/business-listings/1,False,ok,200,False,False,False
walsenburg-jr-sr-high-school-huerfano-education,Walsenburg Jr./Sr. High School,Walsenburg,Huerfano,Education & learning,direct-live,Direct website,Connect online,https://huerfano.k12.co.us,False,redirect,200,False,False,False
yellowpages-lead-walsenburg-lumber-walsenburg-huerfano,Walsenburg Lumber,Walsenburg,Huerfano,Local business or service,profile-live,Hosted profile,Online profile,https://www.yellowpages.com/walsenburg-co/business-listings/1,False,ok,200,False,False,False
travel-guide-walsenburg-mercantile-walsenburg-huerfano,Walsenburg Mercantile,Walsenburg,Huerfano,Retail & local goods,direct-live,Direct website,Connect online,https://www.walsenburgmercantile.com/,True,ok,200,True,True,True
walsenburg-mercantile-makers-directory-huerfano-local-makers-artists-entre,Walsenburg Mercantile makers directory,Walsenburg,Huerfano,Retail & local goods,direct-live,Direct website,Connect online,https://www.walsenburgmercantile.com/,False,ok,200,True,True,True
walsenburg-mercantile-meet-our-makers-directory-walsenburg-huerfano-digital-maker-and,Walsenburg Mercantile Meet Our Makers Directory,Walsenburg,Huerfano,Arts & culture,direct-live,Direct website,Connect online,https://www.walsenburgmercantile.com/meet-our-vendors,False,ok,200,False,False,False
walsenburg-mining-museum-huerfano-county-historical-society-huerfano-art,Walsenburg Mining Museum / Huerfano County Historical Society,Walsenburg,Huerfano,Arts & culture,direct-live,Direct website,Connect online,https://www.huerfanohistory.org/mining-museum,True,ok,200,True,True,True
walsenburg-studio-huerfano-art-studio-gallery,Walsenburg Studio,Walsenburg,Huerfano,Arts & culture,profile-live,Hosted profile,Online profile,https://spanishpeakscountry.com/business-directory/listing/walsenburg-studio,False,ok,200,False,False,True
yellowpages-lead-waste-connections-of-colorado-trinidad-las-animas,Waste Connections of Colorado Inc,Trinidad,Las Animas,Local business or service,profile-live,Hosted profile,Online profile,https://www.yellowpages.com/trinidad-co/business-listings/1,False,ok,200,False,False,False
wayne-stewart-fine-art-huerfano-painting-artist,Wayne Stewart Fine Art,La Veta,Huerfano,Arts & culture,profile-live,Hosted profile,Online profile,https://www.lavetacreativedistrict.org/artists,False,ok,200,False,False,False
we-rv-champions-of-la-veta-huerfano-service-rv,We RV Champions of La Veta,La Veta,Huerfano,Lodging & stays,direct-live,Direct website,Connect online,https://www.wervchampions.com/communities/we-rv-champions-of-la-veta/,True,ok,200,False,True,True
yellowpages-lead-weber-water-well-drilling-pump-service-walsenburg-huerfano,Weber Water Well Drilling & Pump Service,Walsenburg,Huerfano,Local business or service,profile-live,Hosted profile,Online profile,https://www.yellowpages.com/walsenburg-co/business-listings/1,False,ok,200,False,False,False
travel-guide-weezie-s-wild-rides-angel-fire-colfax,Weezie's Wild Rides,Angel Fire,Colfax,Local business or service,profile-unconfirmed,Hosted profile,Listing link,https://visitangelfirenm.com/listing/weezies-wild-rides/,False,access_blocked,403,False,False,True
travel-guide-wende-woolley-photography-angel-fire-colfax,Wende Woolley Photography,Angel Fire,Colfax,Arts & culture,profile-live,Hosted profile,Online profile,https://angelfirechamber.org/business/wende-woolley-photography/,False,ok,200,False,False,False
yellowpages-lead-western-union-angel-fire-colfax,Western Union,Angel Fire,Colfax,Local business or service,profile-live,Hosted profile,Online profile,https://www.yellowpages.com/angel-fire-nm/business-listings/1,False,ok,200,False,False,False
yellowpages-lead-western-union-raton-colfax,Western Union,Raton,Colfax,Local business or service,profile-live,Hosted profile,Online profile,https://www.yellowpages.com/raton-nm/business-listings/1,False,ok,200,False,False,False
weston-supply-u-s-post-office-las-animas-retail-service-postal,Weston Supply & U.S. Post Office,Aguilar,Las Animas,Retail & local goods,no-online-link,No online link,No online link listed,,False,,,False,False,False
travel-guide-whatville-angel-fire-colfax,Whatville,Angel Fire,Colfax,Local business or service,profile-unconfirmed,Hosted profile,Listing link,https://visitangelfirenm.com/listing/whatville/,False,access_blocked,403,False,False,True
whispering-oaks-huerfano-lodging-hospitality,Whispering Oaks,La Veta,Huerfano,Lodging & stays,contact-only,Contact only,No direct website listed,,False,,,False,True,True
yellowpages-lead-whispering-paws-walsenburg-huerfano,Whispering Paws,Walsenburg,Huerfano,Local business or service,profile-live,Hosted profile,Online profile,https://www.yellowpages.com/walsenburg-co/business-listings/1,False,ok,200,False,False,False
yellowpages-lead-wic-state-agency-raton-colfax,WIC State Agency,Raton,Colfax,Local business or service,profile-live,Hosted profile,Online profile,https://www.yellowpages.com/raton-nm/business-listings/1,False,ok,200,False,False,False
yellowpages-lead-wildlife-division-aguilar-las-animas,Wildlife Division,Aguilar,Las Animas,Local business or service,profile-live,Hosted profile,Online profile,https://www.yellowpages.com/aguilar-co,False,ok,200,False,False,False
yellowpages-lead-williams-edward-d-raton-colfax,Williams Edward D,Raton,Colfax,Local business or service,profile-live,Hosted profile,Online profile,https://www.yellowpages.com/raton-nm/business-listings/1,False,ok,200,False,False,False
travel-guide-willow-springs-traders-raton-colfax,Willow Springs Traders,Raton,Colfax,Retail & local goods,profile-live,Hosted profile,Online profile,https://www.exploreraton.com/shop,False,ok,200,False,False,False
travel-guide-winter-sports-angel-fire-colfax,Winter Sports,Angel Fire,Colfax,Retail & local goods,profile-live,Hosted profile,Online profile,https://angelfirechamber.org/business/winter-sports/,False,ok,200,False,False,True
yellowpages-lead-wishes-toy-store-angel-fire-colfax,Wishes The Toy Store,Angel Fire,Colfax,Local business or service,profile-live,Hosted profile,Online profile,https://www.yellowpages.com/angel-fire-nm/business-listings/1,False,ok,200,False,False,False
yellowpages-lead-woody-s-furniture-appliance-raton-colfax,Woody's Furniture & Appliance,Raton,Colfax,Local business or service,profile-live,Hosted profile,Online profile,https://www.yellowpages.com/raton-nm/business-listings/1,False,ok,200,False,False,False
workforce-and-job-training-incentives-regional-workforce-and-job-trainin,Workforce and job-training incentives,Regional,Regional,Business support,no-online-link,No online link,No online link listed,,False,,,False,False,False
yellowpages-lead-ww-weight-watchers-raton-colfax,WW Weight Watchers,Raton,Colfax,Local business or service,profile-live,Hosted profile,Online profile,https://www.yellowpages.com/raton-nm/business-listings/1,False,ok,200,False,False,False
travel-guide-yellow-pine-guest-ranch-cuchara-huerfano,Yellow Pine Guest Ranch,Cuchara,Huerfano,Lodging & stays,direct-live,Direct website,Connect online,https://yellowpine.us/,True,ok,200,False,False,True
yellowpages-lead-z-mechanical-angel-fire-colfax,Z Mechanical LLC.,Angel Fire,Colfax,Local business or service,profile-live,Hosted profile,Online profile,https://www.yellowpages.com/angel-fire-nm/business-listings/1,False,ok,200,False,False,False
travel-guide-zeb-s-restaurant-and-bar-angel-fire-colfax,Zeb's Restaurant and Bar,Angel Fire,Colfax,Food & drink,profile-live,Hosted profile,Online profile,https://www.yellowpages.com/angel-fire-nm/business-listings/1,False,ok,200,False,False,True
travel-guide-zeeb-s-vintage-and-thrift-raton-colfax,Zeeb's Vintage and Thrift,Raton,Colfax,Retail & local goods,profile-live,Hosted profile,Online profile,https://www.facebook.com/AltaluneCH/,False,ok,200,False,False,False
travel-guide-zia-bar-angel-fire-colfax,Zia Bar,Angel Fire,Colfax,Food & drink,profile-unconfirmed,Hosted profile,Listing link,https://visitangelfirenm.com/listing/zia-bar/,False,access_blocked,403,False,False,True
