entry_kind,entry_id,name,town,county,state,listing_type,has_physical_location,online_connection,website,source_url,physical_flyers,physical_brochures,physical_bulletin_board,front_desk_referrals,directory_listing,event_calendar,social_cross_promotion,newsletter_mailing_list,paid_digital_advertising,media_editorial,sponsorship,partner_cross_promotion
local_listing,the-candy-crate-colfax-retail-sweets,The Candy Crate,,Colfax,NM,Retail & local goods,False,No online link,,,Not indicated,Not indicated,Not indicated,Not indicated,Not indicated,Not indicated,Not indicated,Not indicated,Not indicated,Not indicated,Not indicated,Not indicated
local_listing,capo-s-colfax-food-beverage,Capo's,,Colfax,NM,Food & drink,False,No online link,,,Not indicated,Not indicated,Not indicated,Not indicated,Not indicated,Not indicated,Not indicated,Not indicated,Not indicated,Not indicated,Not indicated,Not indicated
local_listing,dairy-bar-colfax-food-beverage,Dairy Bar,,Colfax,NM,Food & drink,False,No online link,,,Not indicated,Not indicated,Not indicated,Not indicated,Not indicated,Not indicated,Not indicated,Not indicated,Not indicated,Not indicated,Not indicated,Not indicated
local_listing,der-markt-food-store-colfax-retail-grocery,Der Markt Food Store,,Colfax,NM,Retail & local goods,False,No online link,,,Not indicated,Not indicated,Not indicated,Not indicated,Not indicated,Not indicated,Not indicated,Not indicated,Not indicated,Not indicated,Not indicated,Not indicated
local_listing,noisy-water-winery-and-cellars-colfax-food-beverage,Noisy Water Winery and Cellars,,Colfax,NM,Food & drink,False,No online link,,,Not indicated,Not indicated,Not indicated,Not indicated,Not indicated,Not indicated,Not indicated,Not indicated,Not indicated,Not indicated,Not indicated,Not indicated
local_listing,red-river-brewing-company-distillery-colfax-food-beverage,Red River Brewing Company & Distillery,,Colfax,NM,Food & drink,True,Direct website,https://redriverbrewing.com,https://redriverbrewing.com,Contact opportunity: Flyer/poster contact,Not indicated,Not indicated,Contact opportunity: Front-desk referral contact,Not indicated,Not indicated,Not indicated,Not indicated,Not indicated,Not indicated,Not indicated,Not indicated
local_listing,red-river-distillery-tasting-room-colfax-food-beverage,Red River Distillery Tasting Room,,Colfax,NM,Food & drink,True,Direct website,https://redriverbrewing.com,https://redriverbrewing.com,Contact opportunity: Flyer/poster contact,Not indicated,Not indicated,Contact opportunity: Front-desk referral contact,Not indicated,Not indicated,Not indicated,Not indicated,Not indicated,Not indicated,Not indicated,Not indicated
local_listing,texas-reds-steakhouse-colfax-food-beverage,Texas Reds Steakhouse,,Colfax,NM,Food & drink,False,No online link,,,Not indicated,Not indicated,Not indicated,Not indicated,Not indicated,Not indicated,Not indicated,Not indicated,Not indicated,Not indicated,Not indicated,Not indicated
local_listing,yellowpages-lead-a-j-martinez-company-angel-fire-colfax,A J Martinez & Company,Angel Fire,Colfax,NM,Local business or service,False,Hosted profile,,https://www.yellowpages.com/angel-fire-nm/business-listings/1,Not indicated,Not indicated,Not indicated,Not indicated,Not indicated,Not indicated,Not indicated,Not indicated,Not indicated,Not indicated,Not indicated,Not indicated
local_listing,travel-guide-allen-fields-sports-complex-angel-fire-colfax,Allen Fields Sports Complex,Angel Fire,Colfax,NM,Local business or service,True,Hosted profile,https://visitangelfirenm.com/listing/allen-fields-sports-complex/,https://visitangelfirenm.com/all-listings/; https://visitangelfirenm.com/all-listings/?_listing_directory_pagination=1; https://visitangelfirenm.com/listing/allen-fields-sports-complex/,Contact opportunity: Flyer/poster contact,Not indicated,Not indicated,Not indicated,Listed route: Existing directory profile,Not indicated,Not indicated,Not indicated,Not indicated,Not indicated,Not indicated,Not indicated
local_listing,travel-guide-alpine-lumber-angel-fire-colfax,Alpine Lumber Company,Angel Fire,Colfax,NM,Retail & local goods,True,Hosted profile,https://visitangelfirenm.com/listing/alpine-lumber-company/,https://visitangelfirenm.com/all-listings/; https://visitangelfirenm.com/all-listings/?_listing_directory_pagination=1; https://visitangelfirenm.com/listing/alpine-lumber-company/; https://visitangelfirenm.com/shopping/; https://visitangelfirenm.com/shopping/?_listing_directory_pagination=1; https://www.yellowpages.com/angel-fire-nm/business-listings/1,Contact opportunity: Flyer/poster contact,Not indicated,Not indicated,Contact opportunity: Front-desk referral contact,Listed route: Existing directory profile,Not indicated,Not indicated,Not indicated,Not indicated,Not indicated,Not indicated,Not indicated
local_listing,yellowpages-lead-angel-fire-accounting-angel-fire-colfax,Angel Fire Accounting,Angel Fire,Colfax,NM,Professional services,False,Hosted profile,,https://www.yellowpages.com/angel-fire-nm/business-listings/1,Not indicated,Not indicated,Not indicated,Not indicated,Not indicated,Not indicated,Not indicated,Not indicated,Not indicated,Not indicated,Contact opportunity: Sponsorship contact,Contact opportunity: Cross-promotion contact
local_listing,yellowpages-lead-angel-fire-appraisers-angel-fire-colfax,Angel Fire Appraisers,Angel Fire,Colfax,NM,Local business or service,False,Hosted profile,,https://www.yellowpages.com/angel-fire-nm/business-listings/1,Not indicated,Not indicated,Not indicated,Not indicated,Not indicated,Not indicated,Not indicated,Not indicated,Not indicated,Not indicated,Not indicated,Not indicated
local_listing,yellowpages-lead-angel-fire-baptist-church-angel-fire-colfax,Angel Fire Baptist Church,Angel Fire,Colfax,NM,Nonprofit & community,False,Hosted profile,,https://www.yellowpages.com/angel-fire-nm/business-listings/1,Not indicated,Not indicated,Not indicated,Not indicated,Not indicated,Not indicated,Not indicated,Contact opportunity: Newsletter contact,Not indicated,Not indicated,Not indicated,Not indicated
local_listing,angel-fire-chamber-artists-galleries-and-studios-directory-angel-fire-colfax-chamber-a,"Angel Fire Chamber Artists, Galleries, and Studios Directory",Angel Fire,Colfax,NM,Arts & culture,False,Direct website,https://angelfirechamber.org/business/category/artists-galleries-studios/,https://angelfirechamber.org/business/category/artists-galleries-studios/,Not indicated,Not indicated,Not indicated,Not indicated,Listed route: Existing directory profile,Contact opportunity: Event calendar contact,Not indicated,Contact opportunity: Newsletter contact,Not indicated,Not indicated,Contact opportunity: Sponsorship contact,Contact opportunity: Cross-promotion contact
local_listing,travel-guide-angel-fire-community-center-angel-fire-colfax,Angel Fire Community Center,Angel Fire,Colfax,NM,Nonprofit & community,True,Hosted profile,https://visitangelfirenm.com/listing/angel-fire-community-center/,https://visitangelfirenm.com/all-listings/; https://visitangelfirenm.com/all-listings/?_listing_directory_pagination=1; https://visitangelfirenm.com/listing/angel-fire-community-center/,Contact opportunity: Flyer/poster contact,Not indicated,Contact opportunity: Bulletin-board contact,Contact opportunity: Front-desk referral contact,Listed route: Existing directory profile,Contact opportunity: Event calendar contact,Not indicated,Not indicated,Not indicated,Not indicated,Not indicated,Not indicated
local_listing,travel-guide-angel-fire-ebikes-angel-fire-colfax,Angel Fire Ebikes LLC,Angel Fire,Colfax,NM,Local business or service,False,Hosted profile,https://visitangelfirenm.com/listing/angel-fire-ebikes-llc/,https://visitangelfirenm.com/all-listings/; https://visitangelfirenm.com/all-listings/?_listing_directory_pagination=1; https://visitangelfirenm.com/listing/angel-fire-ebikes-llc/,Not indicated,Not indicated,Not indicated,Not indicated,Listed route: Existing directory profile,Not indicated,Not indicated,Not indicated,Not indicated,Not indicated,Not indicated,Not indicated
local_listing,yellowpages-lead-angel-fire-environmental-architectural-control-angel-fire-colfax,Angel Fire Environmental Architectural Control,Angel Fire,Colfax,NM,Local business or service,False,Hosted profile,,https://www.yellowpages.com/angel-fire-nm/business-listings/1,Not indicated,Not indicated,Not indicated,Not indicated,Not indicated,Not indicated,Not indicated,Not indicated,Not indicated,Not indicated,Not indicated,Not indicated
local_listing,yellowpages-lead-angel-fire-family-dentistry-angel-fire-colfax,Angel Fire Family Dentistry,Angel Fire,Colfax,NM,Health & wellness,False,Hosted profile,,https://www.yellowpages.com/angel-fire-nm/business-listings/1,Not indicated,Not indicated,Not indicated,Not indicated,Not indicated,Not indicated,Not indicated,Not indicated,Not indicated,Not indicated,Contact opportunity: Sponsorship contact,Contact opportunity: Cross-promotion contact
local_listing,travel-guide-angel-fire-homes-angel-fire-colfax,Angel Fire Homes,Angel Fire,Colfax,NM,Local business or service,True,Hosted profile,https://visitangelfirenm.com/listing/angel-fire-homes/,https://visitangelfirenm.com/all-listings/; https://visitangelfirenm.com/all-listings/?_listing_directory_pagination=1; https://visitangelfirenm.com/listing/angel-fire-homes/,Contact opportunity: Flyer/poster contact,Not indicated,Not indicated,Not indicated,Listed route: Existing directory profile,Not indicated,Not indicated,Not indicated,Not indicated,Not indicated,Not indicated,Not indicated
local_listing,yellowpages-lead-angel-fire-homes-real-estate-construction-angel-fire-colfax,Angel Fire Homes Real Estate And Construction,Angel Fire,Colfax,NM,"Home, land & contracting",False,Hosted profile,,https://www.yellowpages.com/angel-fire-nm/business-listings/1,Not indicated,Not indicated,Not indicated,Not indicated,Not indicated,Not indicated,Not indicated,Not indicated,Not indicated,Not indicated,Not indicated,Contact opportunity: Cross-promotion contact
local_listing,yellowpages-lead-angel-fire-mini-mart-angel-fire-colfax,Angel Fire Mini-Mart,Angel Fire,Colfax,NM,Local business or service,False,Hosted profile,,https://www.yellowpages.com/angel-fire-nm/business-listings/1,Not indicated,Not indicated,Not indicated,Not indicated,Not indicated,Not indicated,Not indicated,Not indicated,Not indicated,Not indicated,Not indicated,Not indicated
local_listing,yellowpages-lead-angel-fire-mountain-rentals-angel-fire-colfax,Angel Fire Mountain Rentals,Angel Fire,Colfax,NM,Local business or service,False,Hosted profile,,https://www.yellowpages.com/angel-fire-nm/business-listings/1,Not indicated,Not indicated,Not indicated,Not indicated,Not indicated,Not indicated,Not indicated,Not indicated,Not indicated,Not indicated,Not indicated,Not indicated
local_listing,angel-fire-resort-colfax-recreation-tourism,Angel Fire Resort,Angel Fire,Colfax,NM,Tourism & visitor info,True,Hosted profile,https://angelfirechamber.org/business/hotels-motels-lodges/,https://angelfirechamber.org/business/category/activities-recreation/; https://angelfirechamber.org/business/hotels-motels-lodges/; https://visitangelfirenm.com/all-listings/; https://visitangelfirenm.com/all-listings/?_listing_directory_pagination=1; https://visitangelfirenm.com/dining/; https://visitangelfirenm.com/dining/?_listing_directory_pagination=1; https://visitangelfirenm.com/shopping/; https://visitangelfirenm.com/shopping/?_listing_directory_pagination=1,Contact opportunity: Flyer/poster contact,Not indicated,Not indicated,Not indicated,Listed route: Existing directory profile,Not indicated,Not indicated,Not indicated,Not indicated,Not indicated,Not indicated,Not indicated
local_listing,travel-guide-angel-fire-resort-hotel-and-conference-center-angel-fire-colfax,Angel Fire Resort Hotel & Conference Center,Angel Fire,Colfax,NM,Lodging & stays,False,Hosted profile,https://angelfirechamber.org/business/angel-fire-resort-2/,https://angelfirechamber.org/business/angel-fire-resort-2/; https://angelfirechamber.org/business/category/conference-center/,Not indicated,Not indicated,Not indicated,Not indicated,Listed route: Existing directory profile,Contact opportunity: Event calendar contact,Not indicated,Contact opportunity: Newsletter contact,Not indicated,Not indicated,Contact opportunity: Sponsorship contact,Contact opportunity: Cross-promotion contact
local_listing,angel-fire-resort-nordic-golf-center-colfax-recreation-tourism,Angel Fire Resort Nordic & Golf Center,Angel Fire,Colfax,NM,Tourism & visitor info,True,Hosted profile,https://visitangelfirenm.com/listing/angel-fire-resort-nordic-center-golf-course/,https://visitangelfirenm.com/all-listings/; https://visitangelfirenm.com/all-listings/?_listing_directory_pagination=1; https://visitangelfirenm.com/listing/angel-fire-resort-nordic-center-golf-course/,Contact opportunity: Flyer/poster contact,Not indicated,Not indicated,Not indicated,Listed route: Existing directory profile,Not indicated,Not indicated,Not indicated,Not indicated,Not indicated,Not indicated,Not indicated
local_listing,angel-fire-resort-vacation-rentals-colfax-lodging,Angel Fire Resort Vacation Rentals,Angel Fire,Colfax,NM,Lodging & stays,True,Hosted profile,https://visitangelfirenm.com/listing/angel-fire-resort-vacation-rentals/,https://visitangelfirenm.com/all-listings/; https://visitangelfirenm.com/all-listings/?_listing_directory_pagination=1; https://visitangelfirenm.com/listing/angel-fire-resort-vacation-rentals/,Contact opportunity: Flyer/poster contact,Contact opportunity: Brochure/rack-card contact,Not indicated,Contact opportunity: Front-desk referral contact,Listed route: Existing directory profile,Not indicated,Not indicated,Not indicated,Not indicated,Not indicated,Not indicated,Not indicated
local_listing,angel-fire-rv-resort-colfax-lodging,Angel Fire RV Resort,Angel Fire,Colfax,NM,Lodging & stays,True,Hosted profile,https://angelfirechamber.org/business/angel-fire-rv-resort/,https://angelfirechamber.org/business/angel-fire-rv-resort/; https://angelfirechamber.org/business/category/accommodations-lodging/; https://angelfirechamber.org/business/category/campgrounds-rv-parks/; https://visitangelfirenm.com/all-listings/; https://visitangelfirenm.com/all-listings/?_listing_directory_pagination=1,Contact opportunity: Flyer/poster contact,Contact opportunity: Brochure/rack-card contact,Not indicated,Contact opportunity: Front-desk referral contact,Listed route: Existing directory profile,Not indicated,Not indicated,Not indicated,Not indicated,Not indicated,Not indicated,Not indicated
local_listing,yellowpages-lead-angel-fire-small-animal-hospital-angel-fire-colfax,Angel Fire Small Animal Hospital,Angel Fire,Colfax,NM,Health & wellness,False,Hosted profile,,https://www.yellowpages.com/angel-fire-nm/business-listings/1,Not indicated,Not indicated,Not indicated,Not indicated,Not indicated,Not indicated,Not indicated,Not indicated,Not indicated,Not indicated,Not indicated,Not indicated
local_listing,travel-guide-angel-fire-visitor-center-angel-fire-colfax,Angel Fire Visitor Center,Angel Fire,Colfax,NM,Tourism & visitor info,True,Hosted profile,https://visitangelfirenm.com/listing/angel-fire-visitors-center/,https://visitangelfirenm.com/all-listings/; https://visitangelfirenm.com/all-listings/?_listing_directory_pagination=1; https://visitangelfirenm.com/listing/angel-fire-visitors-center/,Contact opportunity: Flyer/poster contact,Contact opportunity: Brochure/rack-card contact,Not indicated,Contact opportunity: Front-desk referral contact,Listed route: Existing directory profile,Contact opportunity: Event calendar contact,Not indicated,Contact opportunity: Newsletter contact,Not indicated,Not indicated,Contact opportunity: Sponsorship contact,Contact opportunity: Cross-promotion contact
local_listing,angel-fired-pizza-colfax-food-beverage,Angel Fired Pizza,Angel Fire,Colfax,NM,Food & drink,True,Hosted profile,https://visitangelfirenm.com/listing/angel-fired-pizza/,https://visitangelfirenm.com/all-listings/; https://visitangelfirenm.com/all-listings/?_listing_directory_pagination=1; https://visitangelfirenm.com/dining/; https://visitangelfirenm.com/dining/?_listing_directory_pagination=1; https://visitangelfirenm.com/listing/angel-fired-pizza/; https://www.yellowpages.com/angel-fire-nm/business-listings/1,Contact opportunity: Flyer/poster contact,Not indicated,Not indicated,Contact opportunity: Front-desk referral contact,Listed route: Existing directory profile,Not indicated,Not indicated,Not indicated,Not indicated,Not indicated,Not indicated,Not indicated
local_listing,yellowpages-lead-angelfire-flooring-angel-fire-colfax,Angelfire Flooring,Angel Fire,Colfax,NM,Local business or service,False,Hosted profile,,https://www.yellowpages.com/angel-fire-nm/business-listings/1,Not indicated,Not indicated,Not indicated,Not indicated,Not indicated,Not indicated,Not indicated,Not indicated,Not indicated,Not indicated,Not indicated,Not indicated
local_listing,travel-guide-angel-s-outback-adventure-angel-fire-colfax,Angel's Outback Adventure,Angel Fire,Colfax,NM,Outdoor recreation,False,Hosted profile,https://angelfirechamber.org/business/angels-outback-adventure/,https://angelfirechamber.org/business/angels-outback-adventure/; https://angelfirechamber.org/business/category/activities-recreation/; https://angelfirechamber.org/business/category/sports-equipment-rentals/,Not indicated,Not indicated,Not indicated,Not indicated,Listed route: Existing directory profile,Contact opportunity: Event calendar contact,Not indicated,Contact opportunity: Newsletter contact,Not indicated,Not indicated,Contact opportunity: Sponsorship contact,Contact opportunity: Cross-promotion contact
local_listing,travel-guide-angel-s-outback-adventures-angel-fire-colfax,"Angel's Outback Adventures, LLC",Angel Fire,Colfax,NM,Local business or service,True,Hosted profile,https://visitangelfirenm.com/listing/angels-outback-adventures-llc/,https://visitangelfirenm.com/all-listings/; https://visitangelfirenm.com/all-listings/?_listing_directory_pagination=1; https://visitangelfirenm.com/listing/angels-outback-adventures-llc/,Contact opportunity: Flyer/poster contact,Not indicated,Not indicated,Not indicated,Listed route: Existing directory profile,Not indicated,Not indicated,Not indicated,Not indicated,Not indicated,Not indicated,Not indicated
local_listing,travel-guide-arias-taqueria-food-truck-angel-fire-colfax,Arias Taqueria Food Truck,Angel Fire,Colfax,NM,Food & drink,True,Hosted profile,https://visitangelfirenm.com/listing/arias-taqueria-food-truck/,https://visitangelfirenm.com/all-listings/; https://visitangelfirenm.com/all-listings/?_listing_directory_pagination=1; https://visitangelfirenm.com/listing/arias-taqueria-food-truck/,Contact opportunity: Flyer/poster contact,Not indicated,Not indicated,Contact opportunity: Front-desk referral contact,Listed route: Existing directory profile,Not indicated,Not indicated,Not indicated,Not indicated,Not indicated,Not indicated,Not indicated
local_listing,art-up-northern-new-mexico-colfax-arts-nonprofit-artist-membership-organiz,Art Up Northern New Mexico,Angel Fire,Colfax,NM,Arts & culture,False,Hosted profile,https://artup-nnm.org,https://angelfirechamber.org/business/art-up-northern-new-mexico/; https://angelfirechamber.org/business/category/artists-galleries-studios/,Not indicated,Not indicated,Not indicated,Not indicated,Listed route: Existing directory profile,Contact opportunity: Event calendar contact,Not indicated,Contact opportunity: Newsletter contact,Not indicated,Not indicated,Contact opportunity: Sponsorship contact,Contact opportunity: Cross-promotion contact
local_listing,travel-guide-aspen-gold-laundromat-angel-fire-colfax,Aspen Gold Laundromat,Angel Fire,Colfax,NM,Local business or service,True,Hosted profile,https://visitangelfirenm.com/listing/aspen-gold-laundromat/,https://visitangelfirenm.com/all-listings/; https://visitangelfirenm.com/all-listings/?_listing_directory_pagination=1; https://visitangelfirenm.com/listing/aspen-gold-laundromat/,Contact opportunity: Flyer/poster contact,Not indicated,Not indicated,Not indicated,Listed route: Existing directory profile,Not indicated,Not indicated,Not indicated,Not indicated,Not indicated,Not indicated,Not indicated
local_listing,travel-guide-aspen-springs-at-angel-fire-angel-fire-colfax,Aspen Springs at Angel Fire,Angel Fire,Colfax,NM,Lodging & stays,False,Hosted profile,https://angelfirechamber.org/business/aspen-springs-at-angel-fire/,https://angelfirechamber.org/business/aspen-springs-at-angel-fire/; https://angelfirechamber.org/business/category/accommodations-lodging/; https://angelfirechamber.org/business/category/hotels-motels-lodges/; https://angelfirechamber.org/business/category/vacation-rentals-short-and-long-term/,Not indicated,Not indicated,Not indicated,Not indicated,Listed route: Existing directory profile,Contact opportunity: Event calendar contact,Not indicated,Contact opportunity: Newsletter contact,Not indicated,Not indicated,Contact opportunity: Sponsorship contact,Contact opportunity: Cross-promotion contact
local_listing,yellowpages-lead-aspen-storage-angel-fire-colfax,Aspen Storage,Angel Fire,Colfax,NM,Professional services,False,Hosted profile,,https://www.yellowpages.com/angel-fire-nm/business-listings/1,Not indicated,Not indicated,Not indicated,Not indicated,Not indicated,Not indicated,Not indicated,Not indicated,Not indicated,Not indicated,Contact opportunity: Sponsorship contact,Contact opportunity: Cross-promotion contact
local_listing,travel-guide-bakery-and-cafe-angel-fire-colfax,The Bakery & Cafe,Angel Fire,Colfax,NM,Food & drink,True,Hosted profile,https://visitangelfirenm.com/listing/the-bakery-and-cafe/,https://visitangelfirenm.com/all-listings/?_listing_directory_pagination=6; https://visitangelfirenm.com/dining/?_listing_directory_pagination=2; https://visitangelfirenm.com/listing/the-bakery-and-cafe/,Contact opportunity: Flyer/poster contact,Not indicated,Not indicated,Contact opportunity: Front-desk referral contact,Listed route: Existing directory profile,Not indicated,Not indicated,Not indicated,Not indicated,Not indicated,Not indicated,Not indicated
local_listing,the-bakery-cafe-colfax-food-beverage,The Bakery & Cafe @ Angel Fire,Angel Fire,Colfax,NM,Food & drink,True,Direct website,https://thebakeryatangelfire.com/,https://angelfirechamber.org/business/category/dining/page/2/; https://angelfirechamber.org/business/category/restaurants/page/2/; https://angelfirechamber.org/business/the-bakery-cafe-angel-fire/,Contact opportunity: Flyer/poster contact,Contact opportunity: Brochure/rack-card contact,Not indicated,Contact opportunity: Front-desk referral contact,Listed route: Existing directory profile,Contact opportunity: Event calendar contact,Not indicated,Contact opportunity: Newsletter contact,Not indicated,Not indicated,Contact opportunity: Sponsorship contact,Contact opportunity: Cross-promotion contact
local_listing,yellowpages-lead-bakery-cafe-at-angel-fire-angel-fire-colfax,The Bakery & Cafe at Angel Fire,Angel Fire,Colfax,NM,Food & drink,False,Hosted profile,,https://www.yellowpages.com/angel-fire-nm/business-listings/1,Not indicated,Not indicated,Not indicated,Not indicated,Not indicated,Not indicated,Not indicated,Not indicated,Not indicated,Not indicated,Not indicated,Not indicated
local_listing,yellowpages-lead-barwick-s-flooring-store-angel-fire-colfax,Barwick's Flooring Store,Angel Fire,Colfax,NM,Local business or service,False,Hosted profile,,https://www.yellowpages.com/angel-fire-nm/business-listings/1,Not indicated,Not indicated,Not indicated,Not indicated,Not indicated,Not indicated,Not indicated,Not indicated,Not indicated,Not indicated,Not indicated,Not indicated
local_listing,yellowpages-lead-bestcare-pharmacy-angel-fire-colfax,Bestcare Pharmacy,Angel Fire,Colfax,NM,Health & wellness,False,Hosted profile,,https://www.yellowpages.com/angel-fire-nm/business-listings/1,Not indicated,Not indicated,Not indicated,Not indicated,Not indicated,Not indicated,Not indicated,Not indicated,Not indicated,Not indicated,Not indicated,Contact opportunity: Cross-promotion contact
local_listing,travel-guide-big-river-raft-trips-angel-fire-colfax,Big River Raft Trips,Angel Fire,Colfax,NM,Tourism & visitor info,True,Hosted profile,https://angelfirechamber.org/business/big-river-raft-trips/,https://angelfirechamber.org/business/big-river-raft-trips/; https://angelfirechamber.org/business/category/activities-recreation/; https://visitangelfirenm.com/all-listings/; https://visitangelfirenm.com/all-listings/?_listing_directory_pagination=1,Contact opportunity: Flyer/poster contact,Contact opportunity: Brochure/rack-card contact,Not indicated,Contact opportunity: Front-desk referral contact,Listed route: Existing directory profile,Contact opportunity: Event calendar contact,Not indicated,Contact opportunity: Newsletter contact,Not indicated,Not indicated,Contact opportunity: Sponsorship contact,Contact opportunity: Cross-promotion contact
local_listing,travel-guide-blue-dawg-furnishings-angel-fire-colfax,Blue Dawg Furnishings,Angel Fire,Colfax,NM,Retail & local goods,True,Hosted profile,https://visitangelfirenm.com/listing/blue-dawg-furnishings/,https://visitangelfirenm.com/all-listings/; https://visitangelfirenm.com/all-listings/?_listing_directory_pagination=1; https://visitangelfirenm.com/listing/blue-dawg-furnishings/; https://visitangelfirenm.com/shopping/; https://visitangelfirenm.com/shopping/?_listing_directory_pagination=1,Contact opportunity: Flyer/poster contact,Not indicated,Not indicated,Contact opportunity: Front-desk referral contact,Listed route: Existing directory profile,Not indicated,Not indicated,Not indicated,Not indicated,Not indicated,Not indicated,Not indicated
local_listing,yellowpages-lead-blue-mountain-real-estate-angel-fire-colfax,Blue Mountain Real Estate,Angel Fire,Colfax,NM,Professional services,False,Hosted profile,,https://www.yellowpages.com/angel-fire-nm/business-listings/1,Not indicated,Not indicated,Not indicated,Not indicated,Not indicated,Not indicated,Not indicated,Not indicated,Not indicated,Not indicated,Not indicated,Contact opportunity: Cross-promotion contact
local_listing,travel-guide-bluebird-mountain-sports-ski-tech-angel-fire-colfax,Bluebird Mountain Sports (Ski Tech),Angel Fire,Colfax,NM,Retail & local goods,True,Hosted profile,https://visitangelfirenm.com/listing/ski-tech-bluebird-mountain-sports/,https://visitangelfirenm.com/all-listings/?_listing_directory_pagination=5; https://visitangelfirenm.com/listing/ski-tech-bluebird-mountain-sports/; https://visitangelfirenm.com/shopping/?_listing_directory_pagination=2,Contact opportunity: Flyer/poster contact,Not indicated,Not indicated,Contact opportunity: Front-desk referral contact,Listed route: Existing directory profile,Not indicated,Not indicated,Not indicated,Not indicated,Not indicated,Not indicated,Not indicated
local_listing,yellowpages-lead-bob-s-yard-angel-fire-colfax,Bob's Yard,Angel Fire,Colfax,NM,Local business or service,False,Hosted profile,,https://www.yellowpages.com/angel-fire-nm/business-listings/1,Not indicated,Not indicated,Not indicated,Not indicated,Not indicated,Not indicated,Not indicated,Not indicated,Not indicated,Not indicated,Not indicated,Not indicated
local_listing,travel-guide-bobcat-pass-wilderness-adventures-angel-fire-colfax,Bobcat Pass Wilderness Adventures,Angel Fire,Colfax,NM,Outdoor recreation,False,Hosted profile,https://angelfirechamber.org/business/bobcat-pass-wilderness-adventures/,https://angelfirechamber.org/business/bobcat-pass-wilderness-adventures/; https://angelfirechamber.org/business/category/activities-recreation/,Not indicated,Not indicated,Not indicated,Not indicated,Listed route: Existing directory profile,Contact opportunity: Event calendar contact,Not indicated,Contact opportunity: Newsletter contact,Not indicated,Not indicated,Contact opportunity: Sponsorship contact,Contact opportunity: Cross-promotion contact
local_listing,yellowpages-lead-bond-electric-angel-fire-colfax,Bond Electric Inc.,Angel Fire,Colfax,NM,"Home, land & contracting",False,Hosted profile,,https://www.yellowpages.com/angel-fire-nm/business-listings/1,Not indicated,Not indicated,Not indicated,Not indicated,Not indicated,Not indicated,Not indicated,Not indicated,Not indicated,Not indicated,Contact opportunity: Sponsorship contact,Contact opportunity: Cross-promotion contact
local_listing,travel-guide-brenda-johnson-s-property-management-angel-fire-colfax,Brenda Johnson's Property Management,Angel Fire,Colfax,NM,Lodging & stays,False,Hosted profile,https://angelfirechamber.org/business/brenda-johnsons-property-management/,https://angelfirechamber.org/business/brenda-johnsons-property-management/; https://angelfirechamber.org/business/category/accommodations-lodging/; https://angelfirechamber.org/business/category/vacation-rentals-short-and-long-term/,Not indicated,Not indicated,Not indicated,Not indicated,Listed route: Existing directory profile,Contact opportunity: Event calendar contact,Not indicated,Contact opportunity: Newsletter contact,Not indicated,Not indicated,Contact opportunity: Sponsorship contact,Contact opportunity: Cross-promotion contact
local_listing,travel-guide-cabin-comforts-angel-fire-colfax,Cabin Comforts,Angel Fire,Colfax,NM,Local business or service,True,Hosted profile,https://visitangelfirenm.com/listing/cabin-comforts/,https://visitangelfirenm.com/all-listings/?_listing_directory_pagination=2; https://visitangelfirenm.com/listing/cabin-comforts/,Contact opportunity: Flyer/poster contact,Not indicated,Not indicated,Not indicated,Listed route: Existing directory profile,Not indicated,Not indicated,Not indicated,Not indicated,Not indicated,Not indicated,Not indicated
local_listing,travel-guide-capulin-camp-and-rv-park-angel-fire-colfax,Capulin Camp & RV Park,Angel Fire,Colfax,NM,Lodging & stays,True,Hosted profile,https://visitangelfirenm.com/listing/capulin-camp-rv-park/,https://visitangelfirenm.com/all-listings/?_listing_directory_pagination=2; https://visitangelfirenm.com/listing/capulin-camp-rv-park/,Contact opportunity: Flyer/poster contact,Contact opportunity: Brochure/rack-card contact,Not indicated,Contact opportunity: Front-desk referral contact,Listed route: Existing directory profile,Not indicated,Not indicated,Not indicated,Not indicated,Not indicated,Not indicated,Not indicated
local_listing,travel-guide-casa-de-artesanias-angel-fire-colfax,Casa de Artesanias,Angel Fire,Colfax,NM,Retail & local goods,False,Hosted profile,https://angelfirechamber.org/business/casa-de-artisianias-y-textiles/,https://angelfirechamber.org/business/casa-de-artisianias-y-textiles/; https://angelfirechamber.org/business/category/gift-shops/; https://angelfirechamber.org/business/category/specialty-shops,Not indicated,Not indicated,Not indicated,Not indicated,Listed route: Existing directory profile,Contact opportunity: Event calendar contact,Not indicated,Contact opportunity: Newsletter contact,Not indicated,Not indicated,Contact opportunity: Sponsorship contact,Contact opportunity: Cross-promotion contact
local_listing,travel-guide-chisum-group-berkshire-hathaway-homeservices-angel-fire-colfax,Chisum Group | Berkshire Hathaway HomeServices,Angel Fire,Colfax,NM,Local business or service,True,Hosted profile,https://visitangelfirenm.com/listing/chisum-group-berkshire-hathaway-homeservices-angel-fire-real-estate/,https://visitangelfirenm.com/all-listings/?_listing_directory_pagination=2; https://visitangelfirenm.com/listing/chisum-group-berkshire-hathaway-homeservices-angel-fire-real-estate/,Contact opportunity: Flyer/poster contact,Not indicated,Not indicated,Not indicated,Listed route: Existing directory profile,Not indicated,Not indicated,Not indicated,Not indicated,Not indicated,Not indicated,Not indicated
local_listing,yellowpages-lead-chris-s-plumbing-angel-fire-colfax,Chris's Plumbing,Angel Fire,Colfax,NM,"Home, land & contracting",False,Hosted profile,,https://www.yellowpages.com/angel-fire-nm/business-listings/1,Not indicated,Not indicated,Not indicated,Not indicated,Not indicated,Not indicated,Not indicated,Not indicated,Not indicated,Not indicated,Contact opportunity: Sponsorship contact,Contact opportunity: Cross-promotion contact
local_listing,travel-guide-cimarron-canyon-state-park-angel-fire-colfax,Cimarron Canyon State Park,Angel Fire,Colfax,NM,Outdoor recreation,True,Hosted profile,https://visitangelfirenm.com/listing/cimarron-canyon-state-park/,https://visitangelfirenm.com/all-listings/?_listing_directory_pagination=2; https://visitangelfirenm.com/listing/cimarron-canyon-state-park/,Contact opportunity: Flyer/poster contact,Not indicated,Not indicated,Not indicated,Listed route: Existing directory profile,Not indicated,Not indicated,Not indicated,Not indicated,Not indicated,Not indicated,Not indicated
local_listing,travel-guide-clean-af-angel-fire-colfax,Clean AF LLC,Angel Fire,Colfax,NM,Local business or service,True,Hosted profile,https://visitangelfirenm.com/listing/clean-af-llc/,https://visitangelfirenm.com/all-listings/?_listing_directory_pagination=2; https://visitangelfirenm.com/listing/clean-af-llc/,Contact opportunity: Flyer/poster contact,Not indicated,Not indicated,Not indicated,Listed route: Existing directory profile,Not indicated,Not indicated,Not indicated,Not indicated,Not indicated,Not indicated,Not indicated
local_listing,yellowpages-lead-coinstar-angel-fire-colfax,Coinstar,Angel Fire,Colfax,NM,Local business or service,False,Hosted profile,,https://www.yellowpages.com/angel-fire-nm/business-listings/1,Not indicated,Not indicated,Not indicated,Not indicated,Not indicated,Not indicated,Not indicated,Not indicated,Not indicated,Not indicated,Not indicated,Not indicated
local_listing,travel-guide-coldwell-banker-mountain-properties-angel-fire-colfax,Coldwell Banker Mountain Properties,Angel Fire,Colfax,NM,Local business or service,True,Hosted profile,https://visitangelfirenm.com/listing/coldwell-banker-mountain-properties/,https://visitangelfirenm.com/all-listings/?_listing_directory_pagination=2; https://visitangelfirenm.com/listing/coldwell-banker-mountain-properties/,Contact opportunity: Flyer/poster contact,Not indicated,Not indicated,Not indicated,Listed route: Existing directory profile,Not indicated,Not indicated,Not indicated,Not indicated,Not indicated,Not indicated,Not indicated
local_listing,travel-guide-community-center-park-angel-fire-colfax,Community Center Park,Angel Fire,Colfax,NM,Outdoor recreation,True,Hosted profile,https://visitangelfirenm.com/listing/community-center-park/,https://visitangelfirenm.com/all-listings/?_listing_directory_pagination=2; https://visitangelfirenm.com/listing/community-center-park/,Contact opportunity: Flyer/poster contact,Not indicated,Contact opportunity: Bulletin-board contact,Contact opportunity: Front-desk referral contact,Listed route: Existing directory profile,Contact opportunity: Event calendar contact,Not indicated,Not indicated,Not indicated,Not indicated,Not indicated,Not indicated
local_listing,cottam-s-of-angel-fire-colfax-retail,Cottam's of Angel Fire,Angel Fire,Colfax,NM,Retail & local goods,True,Hosted profile,https://visitangelfirenm.com/listing/cottams-of-angel-fire/,https://visitangelfirenm.com/all-listings/?_listing_directory_pagination=2; https://visitangelfirenm.com/listing/cottams-of-angel-fire/; https://visitangelfirenm.com/shopping/; https://visitangelfirenm.com/shopping/?_listing_directory_pagination=1; https://angelfirechamber.org/business/category/ski-snowboard-rentals/; https://angelfirechamber.org/business/category/sports-equipment-rentals/; https://angelfirechamber.org/business/cottams-of-angel-fire/,Contact opportunity: Flyer/poster contact,Not indicated,Not indicated,Contact opportunity: Front-desk referral contact,Listed route: Existing directory profile,Not indicated,Not indicated,Not indicated,Not indicated,Not indicated,Not indicated,Not indicated
local_listing,travel-guide-coyote-creek-state-park-angel-fire-colfax,Coyote Creek State Park,Angel Fire,Colfax,NM,Outdoor recreation,True,Hosted profile,https://visitangelfirenm.com/listing/coyote-creek-state-park/,https://visitangelfirenm.com/all-listings/?_listing_directory_pagination=2; https://visitangelfirenm.com/listing/coyote-creek-state-park/,Contact opportunity: Flyer/poster contact,Not indicated,Not indicated,Not indicated,Listed route: Existing directory profile,Not indicated,Not indicated,Not indicated,Not indicated,Not indicated,Not indicated,Not indicated
local_listing,travel-guide-dan-s-flooring-and-window-covering-angel-fire-colfax,Dan's Flooring & Window Covering Inc.,Angel Fire,Colfax,NM,Retail & local goods,False,Hosted profile,https://angelfirechamber.org/business/dons-flooring-window-covering-inc/,https://angelfirechamber.org/business/category/specialty-shops; https://angelfirechamber.org/business/dons-flooring-window-covering-inc/,Not indicated,Not indicated,Not indicated,Not indicated,Listed route: Existing directory profile,Contact opportunity: Event calendar contact,Not indicated,Contact opportunity: Newsletter contact,Not indicated,Not indicated,Contact opportunity: Sponsorship contact,Contact opportunity: Cross-promotion contact
local_listing,travel-guide-desert-sky-realty-and-investments-angel-fire-colfax,Desert Sky Realty & Investments,Angel Fire,Colfax,NM,Professional services,True,Hosted profile,https://visitangelfirenm.com/listing/desert-sky-realty-investments/,https://visitangelfirenm.com/all-listings/?_listing_directory_pagination=2; https://visitangelfirenm.com/listing/desert-sky-realty-investments/,Contact opportunity: Flyer/poster contact,Not indicated,Not indicated,Not indicated,Listed route: Existing directory profile,Not indicated,Not indicated,Not indicated,Not indicated,Not indicated,Not indicated,Not indicated
local_listing,yellowpages-lead-dish-network-angel-fire-colfax,Dish Network,Angel Fire,Colfax,NM,Local business or service,False,Hosted profile,,https://www.yellowpages.com/angel-fire-nm/business-listings/1,Not indicated,Not indicated,Not indicated,Not indicated,Not indicated,Not indicated,Not indicated,Not indicated,Not indicated,Not indicated,Not indicated,Contact opportunity: Cross-promotion contact
local_listing,travel-guide-dollar-general-angel-fire-colfax,Dollar General,Angel Fire,Colfax,NM,Retail & local goods,True,Hosted profile,https://visitangelfirenm.com/listing/dollar-general/,https://visitangelfirenm.com/all-listings/?_listing_directory_pagination=2; https://visitangelfirenm.com/listing/dollar-general/; https://visitangelfirenm.com/shopping/; https://visitangelfirenm.com/shopping/?_listing_directory_pagination=1,Contact opportunity: Flyer/poster contact,Not indicated,Not indicated,Contact opportunity: Front-desk referral contact,Listed route: Existing directory profile,Not indicated,Not indicated,Not indicated,Not indicated,Not indicated,Not indicated,Not indicated
local_listing,el-jefe-colfax-food-beverage,El Jefe,Angel Fire,Colfax,NM,Food & drink,True,Hosted profile,https://angelfirechamber.org/business/el-jefe/,https://angelfirechamber.org/business/category/dining/; https://angelfirechamber.org/business/category/restaurants/page/2/; https://angelfirechamber.org/business/el-jefe/; https://visitangelfirenm.com/all-listings/?_listing_directory_pagination=2; https://visitangelfirenm.com/dining/; https://visitangelfirenm.com/dining/?_listing_directory_pagination=1,Contact opportunity: Flyer/poster contact,Not indicated,Not indicated,Contact opportunity: Front-desk referral contact,Listed route: Existing directory profile,Not indicated,Not indicated,Not indicated,Not indicated,Not indicated,Not indicated,Not indicated
local_listing,elements-colfax-food-beverage,Elements,Angel Fire,Colfax,NM,Food & drink,True,Hosted profile,https://angelfirechamber.org/business/elements/,https://angelfirechamber.org/business/category/dining/page/2/; https://angelfirechamber.org/business/category/restaurants/page/2/; https://angelfirechamber.org/business/elements/; https://visitangelfirenm.com/all-listings/?_listing_directory_pagination=2; https://visitangelfirenm.com/dining/; https://visitangelfirenm.com/dining/?_listing_directory_pagination=1,Contact opportunity: Flyer/poster contact,Not indicated,Not indicated,Contact opportunity: Front-desk referral contact,Listed route: Existing directory profile,Not indicated,Not indicated,Not indicated,Not indicated,Not indicated,Not indicated,Not indicated
local_listing,yellowpages-lead-elements-at-angel-fire-resort-country-club-angel-fire-colfax,Elements at Angel Fire Resort Country Club,Angel Fire,Colfax,NM,Lodging & stays,False,Hosted profile,,https://www.yellowpages.com/angel-fire-nm/business-listings/1,Not indicated,Not indicated,Not indicated,Not indicated,Not indicated,Not indicated,Not indicated,Not indicated,Not indicated,Not indicated,Not indicated,Not indicated
local_listing,travel-guide-elevated-pour-angel-fire-colfax,Elevated Pour,Angel Fire,Colfax,NM,Food & drink,True,Hosted profile,https://visitangelfirenm.com/listing/elevated-pour/,https://visitangelfirenm.com/all-listings/?_listing_directory_pagination=2; https://visitangelfirenm.com/dining/; https://visitangelfirenm.com/dining/?_listing_directory_pagination=1; https://visitangelfirenm.com/listing/elevated-pour/,Contact opportunity: Flyer/poster contact,Not indicated,Not indicated,Contact opportunity: Front-desk referral contact,Listed route: Existing directory profile,Not indicated,Not indicated,Not indicated,Not indicated,Not indicated,Not indicated,Not indicated
local_listing,yellowpages-lead-elks-lodge-angel-fire-colfax,Elks Lodge,Angel Fire,Colfax,NM,Lodging & stays,False,Hosted profile,,https://www.yellowpages.com/angel-fire-nm/business-listings/1,Not indicated,Not indicated,Not indicated,Not indicated,Not indicated,Not indicated,Not indicated,Not indicated,Not indicated,Not indicated,Not indicated,Not indicated
local_listing,travel-guide-enchanted-circle-campground-angel-fire-colfax,Enchanted Circle Campground,Angel Fire,Colfax,NM,Lodging & stays,True,Hosted profile,https://visitangelfirenm.com/listing/enchanted-circle-campground/,https://visitangelfirenm.com/all-listings/?_listing_directory_pagination=2; https://visitangelfirenm.com/listing/enchanted-circle-campground/,Contact opportunity: Flyer/poster contact,Contact opportunity: Brochure/rack-card contact,Not indicated,Contact opportunity: Front-desk referral contact,Listed route: Existing directory profile,Not indicated,Not indicated,Not indicated,Not indicated,Not indicated,Not indicated,Not indicated
local_listing,travel-guide-enchanted-circle-campground-and-rv-park-angel-fire-colfax,Enchanted Circle Campground & RV Park,Angel Fire,Colfax,NM,Lodging & stays,True,Hosted profile,https://visitangelfirenm.com/listing/enchanted-circle-campground-rv-park/,https://visitangelfirenm.com/all-listings/?_listing_directory_pagination=2; https://visitangelfirenm.com/listing/enchanted-circle-campground-rv-park/,Contact opportunity: Flyer/poster contact,Contact opportunity: Brochure/rack-card contact,Not indicated,Contact opportunity: Front-desk referral contact,Listed route: Existing directory profile,Not indicated,Not indicated,Not indicated,Not indicated,Not indicated,Not indicated,Not indicated
local_listing,travel-guide-enchanted-circle-pottery-angel-fire-colfax,Enchanted Circle Pottery,Angel Fire,Colfax,NM,Retail & local goods,False,Hosted profile,https://angelfirechamber.org/business/enchanted-circle-pottery/,https://angelfirechamber.org/business/category/artists-galleries-studios/; https://angelfirechamber.org/business/category/specialty-shops; https://angelfirechamber.org/business/enchanted-circle-pottery/,Not indicated,Not indicated,Not indicated,Not indicated,Listed route: Existing directory profile,Contact opportunity: Event calendar contact,Not indicated,Contact opportunity: Newsletter contact,Not indicated,Not indicated,Contact opportunity: Sponsorship contact,Contact opportunity: Cross-promotion contact
local_listing,travel-guide-enchanted-outpost-magazine-angel-fire-colfax,Enchanted Outpost Magazine,Angel Fire,Colfax,NM,Media & news,True,Hosted profile,https://visitangelfirenm.com/listing/enchanted-outpost-magazine/,https://visitangelfirenm.com/all-listings/?_listing_directory_pagination=3; https://visitangelfirenm.com/listing/enchanted-outpost-magazine/,Contact opportunity: Flyer/poster contact,Not indicated,Not indicated,Not indicated,Listed route: Existing directory profile,Contact opportunity: Event calendar contact,Not indicated,Contact opportunity: Newsletter contact,Contact opportunity: Digital advertising contact,Contact opportunity: Pitch a story or announcement,Contact opportunity: Sponsorship contact,Contact opportunity: Cross-promotion contact
local_listing,travel-guide-family-dollar-angel-fire-colfax,Family Dollar,Angel Fire,Colfax,NM,Retail & local goods,True,Hosted profile,https://visitangelfirenm.com/listing/family-dollar/,https://visitangelfirenm.com/all-listings/?_listing_directory_pagination=3; https://visitangelfirenm.com/listing/family-dollar/; https://visitangelfirenm.com/shopping/; https://visitangelfirenm.com/shopping/?_listing_directory_pagination=1; https://www.yellowpages.com/angel-fire-nm/business-listings/1,Contact opportunity: Flyer/poster contact,Not indicated,Not indicated,Contact opportunity: Front-desk referral contact,Listed route: Existing directory profile,Not indicated,Not indicated,Not indicated,Not indicated,Not indicated,Contact opportunity: Sponsorship contact,Not indicated
local_listing,travel-guide-far-flung-adventures-angel-fire-colfax,Far Flung Adventures,Angel Fire,Colfax,NM,Outdoor recreation,False,Hosted profile,https://angelfirechamber.org/business/far-flung-adventures/,https://angelfirechamber.org/business/category/activities-recreation/; https://angelfirechamber.org/business/far-flung-adventures/,Not indicated,Not indicated,Not indicated,Not indicated,Listed route: Existing directory profile,Contact opportunity: Event calendar contact,Not indicated,Contact opportunity: Newsletter contact,Not indicated,Not indicated,Contact opportunity: Sponsorship contact,Contact opportunity: Cross-promotion contact
local_listing,travel-guide-four-seasons-of-angel-fire-angel-fire-colfax,Four Seasons of Angel Fire,Angel Fire,Colfax,NM,Local business or service,True,Hosted profile,https://visitangelfirenm.com/listing/four-seasons-of-angel-fire/,https://visitangelfirenm.com/all-listings/?_listing_directory_pagination=3; https://visitangelfirenm.com/listing/four-seasons-of-angel-fire/,Contact opportunity: Flyer/poster contact,Not indicated,Not indicated,Not indicated,Listed route: Existing directory profile,Not indicated,Not indicated,Not indicated,Not indicated,Not indicated,Not indicated,Not indicated
local_listing,travel-guide-frontier-park-angel-fire-colfax,Frontier Park,Angel Fire,Colfax,NM,Outdoor recreation,True,Hosted profile,https://visitangelfirenm.com/listing/frontier-park/,https://visitangelfirenm.com/all-listings/?_listing_directory_pagination=3; https://visitangelfirenm.com/listing/frontier-park/,Contact opportunity: Flyer/poster contact,Not indicated,Not indicated,Not indicated,Listed route: Existing directory profile,Not indicated,Not indicated,Not indicated,Not indicated,Not indicated,Not indicated,Not indicated
local_listing,travel-guide-girl-scouts-of-new-mexico-trails-angel-fire-colfax,Girl Scouts of New Mexico Trails,Angel Fire,Colfax,NM,Retail & local goods,True,Hosted profile,https://visitangelfirenm.com/listing/girl-scouts-of-new-mexico-trails/,https://visitangelfirenm.com/all-listings/?_listing_directory_pagination=3; https://visitangelfirenm.com/listing/girl-scouts-of-new-mexico-trails/; https://visitangelfirenm.com/shopping/; https://visitangelfirenm.com/shopping/?_listing_directory_pagination=1,Contact opportunity: Flyer/poster contact,Not indicated,Not indicated,Contact opportunity: Front-desk referral contact,Listed route: Existing directory profile,Not indicated,Not indicated,Not indicated,Not indicated,Not indicated,Not indicated,Not indicated
local_listing,travel-guide-golden-eagle-rv-park-and-resort-angel-fire-colfax,Golden Eagle RV Park & Resort,Angel Fire,Colfax,NM,Lodging & stays,False,Hosted profile,https://angelfirechamber.org/business/golden-eagle-rv-park-resort/,https://angelfirechamber.org/business/category/accommodations-lodging/; https://angelfirechamber.org/business/category/campgrounds-rv-parks/; https://angelfirechamber.org/business/golden-eagle-rv-park-resort/,Not indicated,Not indicated,Not indicated,Not indicated,Listed route: Existing directory profile,Contact opportunity: Event calendar contact,Not indicated,Contact opportunity: Newsletter contact,Not indicated,Not indicated,Contact opportunity: Sponsorship contact,Contact opportunity: Cross-promotion contact
local_listing,yellowpages-lead-goodnight-satellite-angel-fire-colfax,Goodnight Satellite,Angel Fire,Colfax,NM,Local business or service,False,Hosted profile,,https://www.yellowpages.com/angel-fire-nm/business-listings/1,Not indicated,Not indicated,Not indicated,Not indicated,Not indicated,Not indicated,Not indicated,Not indicated,Not indicated,Not indicated,Not indicated,Not indicated
local_listing,travel-guide-high-country-ski-rental-angel-fire-colfax,High Country Ski Rental,Angel Fire,Colfax,NM,Retail & local goods,True,Hosted profile,https://visitangelfirenm.com/listing/high-country-ski-rental/,https://visitangelfirenm.com/all-listings/?_listing_directory_pagination=3; https://visitangelfirenm.com/listing/high-country-ski-rental/; https://visitangelfirenm.com/shopping/; https://visitangelfirenm.com/shopping/?_listing_directory_pagination=1,Contact opportunity: Flyer/poster contact,Not indicated,Not indicated,Contact opportunity: Front-desk referral contact,Listed route: Existing directory profile,Not indicated,Not indicated,Not indicated,Not indicated,Not indicated,Not indicated,Not indicated
local_listing,yellowpages-lead-high-country-ski-rentals-angel-fire-colfax,High Country Ski Rentals,Angel Fire,Colfax,NM,Outdoor recreation,False,Hosted profile,,https://www.yellowpages.com/angel-fire-nm/business-listings/1,Not indicated,Not indicated,Not indicated,Not indicated,Not indicated,Not indicated,Not indicated,Not indicated,Not indicated,Not indicated,Not indicated,Not indicated
local_listing,travel-guide-indigo-market-angel-fire-colfax,The Indigo Market,Angel Fire,Colfax,NM,Retail & local goods,True,Hosted profile,https://visitangelfirenm.com/listing/the-indigo-market/,https://visitangelfirenm.com/all-listings/?_listing_directory_pagination=6; https://visitangelfirenm.com/listing/the-indigo-market/; https://visitangelfirenm.com/shopping/?_listing_directory_pagination=2,Contact opportunity: Flyer/poster contact,Not indicated,Not indicated,Contact opportunity: Front-desk referral contact,Listed route: Existing directory profile,Not indicated,Not indicated,Not indicated,Not indicated,Not indicated,Not indicated,Not indicated
local_listing,yellowpages-lead-interior-exterior-painting-by-jose-angel-fire-colfax,Interior & Exterior Painting by Jose,Angel Fire,Colfax,NM,Arts & culture,False,Hosted profile,,https://www.yellowpages.com/angel-fire-nm/business-listings/1,Not indicated,Not indicated,Not indicated,Not indicated,Not indicated,Not indicated,Not indicated,Not indicated,Not indicated,Not indicated,Not indicated,Not indicated
local_listing,travel-guide-j-and-a-s-cafe-roadrunner-angel-fire-colfax,J & A's Cafe @ the Roadrunner,Angel Fire,Colfax,NM,Food & drink,False,Hosted profile,https://angelfirechamber.org/business/j-a-fun-bakery-cafe/,https://angelfirechamber.org/business/category/dining/; https://angelfirechamber.org/business/category/food-cart/; https://angelfirechamber.org/business/category/restaurants/; https://angelfirechamber.org/business/j-a-fun-bakery-cafe/,Not indicated,Not indicated,Not indicated,Not indicated,Listed route: Existing directory profile,Contact opportunity: Event calendar contact,Not indicated,Contact opportunity: Newsletter contact,Not indicated,Not indicated,Contact opportunity: Sponsorship contact,Contact opportunity: Cross-promotion contact
local_listing,j-binford-bell-studio-and-gallery-colfax-artist-studio-gallery,J. Binford-Bell Studio & Gallery,Angel Fire,Colfax,NM,Arts & culture,False,Direct website,https://binford-bellstudio.blogspot.com,https://angelfirechamber.org/business/category/artists-galleries-studios/; https://angelfirechamber.org/business/j-binford-bell-studio-gallery/,Not indicated,Not indicated,Not indicated,Not indicated,Listed route: Existing directory profile,Contact opportunity: Event calendar contact,Not indicated,Contact opportunity: Newsletter contact,Not indicated,Not indicated,Contact opportunity: Sponsorship contact,Contact opportunity: Cross-promotion contact
local_listing,yellowpages-lead-jackson-del-custom-building-angel-fire-colfax,Jackson Del Custom Building,Angel Fire,Colfax,NM,Local business or service,False,Hosted profile,,https://www.yellowpages.com/angel-fire-nm/business-listings/1,Not indicated,Not indicated,Not indicated,Not indicated,Not indicated,Not indicated,Not indicated,Not indicated,Not indicated,Not indicated,Not indicated,Not indicated
local_listing,travel-guide-jc-critter-control-angel-fire-colfax,"JC Critter Control, LLC",Angel Fire,Colfax,NM,Local business or service,True,Hosted profile,https://visitangelfirenm.com/listing/jc-critter-control-llc/,https://visitangelfirenm.com/all-listings/?_listing_directory_pagination=3; https://visitangelfirenm.com/listing/jc-critter-control-llc/,Contact opportunity: Flyer/poster contact,Not indicated,Not indicated,Not indicated,Listed route: Existing directory profile,Not indicated,Not indicated,Not indicated,Not indicated,Not indicated,Not indicated,Not indicated
local_listing,travel-guide-jeanette-s-specialty-foods-and-catering-angel-fire-colfax,Jeanette's Specialty Foods & Catering,Angel Fire,Colfax,NM,Food & drink,True,Hosted profile,https://visitangelfirenm.com/listing/jeanettes-specialty-foods-catering/,https://visitangelfirenm.com/all-listings/?_listing_directory_pagination=3; https://visitangelfirenm.com/listing/jeanettes-specialty-foods-catering/,Contact opportunity: Flyer/poster contact,Not indicated,Not indicated,Contact opportunity: Front-desk referral contact,Listed route: Existing directory profile,Not indicated,Not indicated,Not indicated,Not indicated,Not indicated,Not indicated,Not indicated
local_listing,yellowpages-lead-john-r-sutton-general-building-angel-fire-colfax,John R Sutton General Building,Angel Fire,Colfax,NM,Local business or service,False,Hosted profile,,https://www.yellowpages.com/angel-fire-nm/business-listings/1,Not indicated,Not indicated,Not indicated,Not indicated,Not indicated,Not indicated,Not indicated,Not indicated,Not indicated,Not indicated,Not indicated,Not indicated
local_listing,yellowpages-lead-just-joe-coffee-angel-fire-colfax,Just Joe Coffee,Angel Fire,Colfax,NM,Food & drink,False,Hosted profile,,https://www.yellowpages.com/angel-fire-nm/business-listings/1,Not indicated,Not indicated,Not indicated,Not indicated,Not indicated,Not indicated,Not indicated,Not indicated,Not indicated,Not indicated,Not indicated,Not indicated
local_listing,travel-guide-kwk-events-angel-fire-colfax,KWK Events,Angel Fire,Colfax,NM,Events & venues,False,Hosted profile,https://angelfirechamber.org/business/kwk-events/,http://angelfirechamber.org/business/category/weddings-events-planning; https://angelfirechamber.org/business/kwk-events/,Not indicated,Not indicated,Not indicated,Not indicated,Listed route: Existing directory profile,Contact opportunity: Event calendar contact,Not indicated,Contact opportunity: Newsletter contact,Not indicated,Not indicated,Contact opportunity: Sponsorship contact,Contact opportunity: Cross-promotion contact
local_listing,travel-guide-laguna-vista-lodge-historic-restaurant-and-saloon-angel-fire-colfax,"Laguna Vista Lodge, Historic Restaurant & Saloon",Angel Fire,Colfax,NM,Lodging & stays,False,Hosted profile,https://angelfirechamber.org/business/laguna-vista/,https://angelfirechamber.org/business/category/accommodations-lodging/; https://angelfirechamber.org/business/category/hotels-motels-lodges/; https://angelfirechamber.org/business/laguna-vista/,Not indicated,Not indicated,Not indicated,Not indicated,Listed route: Existing directory profile,Contact opportunity: Event calendar contact,Not indicated,Contact opportunity: Newsletter contact,Not indicated,Not indicated,Contact opportunity: Sponsorship contact,Contact opportunity: Cross-promotion contact
local_listing,travel-guide-las-petacas-campground-angel-fire-colfax,Las Petacas Campground,Angel Fire,Colfax,NM,Lodging & stays,True,Hosted profile,https://visitangelfirenm.com/listing/las-petacas-campground/,https://visitangelfirenm.com/all-listings/?_listing_directory_pagination=3; https://visitangelfirenm.com/listing/las-petacas-campground/,Contact opportunity: Flyer/poster contact,Contact opportunity: Brochure/rack-card contact,Not indicated,Contact opportunity: Front-desk referral contact,Listed route: Existing directory profile,Not indicated,Not indicated,Not indicated,Not indicated,Not indicated,Not indicated,Not indicated
local_listing,travel-guide-legacy-silver-angel-fire-colfax,Legacy Silver Company,Angel Fire,Colfax,NM,Retail & local goods,True,Hosted profile,https://visitangelfirenm.com/listing/legacy-silver-company/,https://visitangelfirenm.com/all-listings/?_listing_directory_pagination=3; https://visitangelfirenm.com/listing/legacy-silver-company/; https://visitangelfirenm.com/shopping/; https://visitangelfirenm.com/shopping/?_listing_directory_pagination=1,Contact opportunity: Flyer/poster contact,Not indicated,Not indicated,Contact opportunity: Front-desk referral contact,Listed route: Existing directory profile,Not indicated,Not indicated,Not indicated,Not indicated,Not indicated,Not indicated,Not indicated
local_listing,travel-guide-legends-bar-and-grill-angel-fire-colfax,Legends Bar and Grill,Angel Fire,Colfax,NM,Food & drink,True,Hosted profile,https://visitangelfirenm.com/listing/legends-bar-and-grill/,https://visitangelfirenm.com/all-listings/?_listing_directory_pagination=3; https://visitangelfirenm.com/dining/; https://visitangelfirenm.com/dining/?_listing_directory_pagination=1; https://visitangelfirenm.com/listing/legends-bar-and-grill/,Contact opportunity: Flyer/poster contact,Not indicated,Not indicated,Contact opportunity: Front-desk referral contact,Listed route: Existing directory profile,Not indicated,Not indicated,Not indicated,Not indicated,Not indicated,Not indicated,Not indicated
local_listing,travel-guide-legends-grill-angel-fire-colfax,Legends Grill,Angel Fire,Colfax,NM,Food & drink,False,Hosted profile,https://angelfirechamber.org/business/legends-grill/,https://angelfirechamber.org/business/category/dining/; https://angelfirechamber.org/business/category/restaurants/page/2/; https://angelfirechamber.org/business/legends-grill/,Not indicated,Not indicated,Not indicated,Not indicated,Listed route: Existing directory profile,Contact opportunity: Event calendar contact,Not indicated,Contact opportunity: Newsletter contact,Not indicated,Not indicated,Contact opportunity: Sponsorship contact,Contact opportunity: Cross-promotion contact
local_listing,travel-guide-lift-cafe-angel-fire-colfax,The Lift Café,Angel Fire,Colfax,NM,Food & drink,True,Hosted profile,https://angelfirechamber.org/business/the-lift-cafe-market/; https://visitangelfirenm.com/listing/the-lift-cafe/,https://angelfirechamber.org/business/category/coffee-shop-bistro/; https://angelfirechamber.org/business/category/dining/; https://angelfirechamber.org/business/category/restaurants/; https://angelfirechamber.org/business/the-lift-cafe-market/; https://visitangelfirenm.com/all-listings/?_listing_directory_pagination=6; https://visitangelfirenm.com/dining/?_listing_directory_pagination=2; https://visitangelfirenm.com/listing/the-lift-cafe/,Contact opportunity: Flyer/poster contact,Contact opportunity: Brochure/rack-card contact,Not indicated,Contact opportunity: Front-desk referral contact,Listed route: Existing directory profile,Contact opportunity: Event calendar contact,Not indicated,Contact opportunity: Newsletter contact,Not indicated,Not indicated,Contact opportunity: Sponsorship contact,Contact opportunity: Cross-promotion contact
local_listing,travel-guide-lindsey-homes-angel-fire-colfax,Lindsey Homes,Angel Fire,Colfax,NM,Local business or service,True,Hosted profile,https://visitangelfirenm.com/listing/lindsey-homes/,https://visitangelfirenm.com/all-listings/?_listing_directory_pagination=3; https://visitangelfirenm.com/listing/lindsey-homes/,Contact opportunity: Flyer/poster contact,Not indicated,Not indicated,Not indicated,Listed route: Existing directory profile,Not indicated,Not indicated,Not indicated,Not indicated,Not indicated,Not indicated,Not indicated
local_listing,travel-guide-lindsey-living-angel-fire-colfax,Lindsey Living,Angel Fire,Colfax,NM,Retail & local goods,True,Hosted profile,,https://angelfirechamber.org/business/category/gift-shops/; https://angelfirechamber.org/business/category/home-furnishings-decor/; https://angelfirechamber.org/business/category/specialty-shops; https://visitangelfirenm.com/all-listings/?_listing_directory_pagination=3; https://visitangelfirenm.com/shopping/; https://visitangelfirenm.com/shopping/?_listing_directory_pagination=1,Contact opportunity: Flyer/poster contact,Contact opportunity: Brochure/rack-card contact,Not indicated,Contact opportunity: Front-desk referral contact,Listed route: Existing directory profile,Contact opportunity: Event calendar contact,Not indicated,Contact opportunity: Newsletter contact,Not indicated,Not indicated,Contact opportunity: Sponsorship contact,Contact opportunity: Cross-promotion contact
local_listing,travel-guide-lindsey-vacation-rentals-angel-fire-colfax,Lindsey Vacation Rentals,Angel Fire,Colfax,NM,Lodging & stays,True,Hosted profile,https://visitangelfirenm.com/listing/lindsey-vacation-rentals/,https://visitangelfirenm.com/all-listings/?_listing_directory_pagination=3; https://visitangelfirenm.com/listing/lindsey-vacation-rentals/,Contact opportunity: Flyer/poster contact,Not indicated,Not indicated,Contact opportunity: Front-desk referral contact,Listed route: Existing directory profile,Not indicated,Not indicated,Not indicated,Not indicated,Not indicated,Not indicated,Not indicated
local_listing,yellowpages-lead-line-of-sight-surveying-angel-fire-colfax,Line of Sight Surveying,Angel Fire,Colfax,NM,Local business or service,False,Hosted profile,,https://www.yellowpages.com/angel-fire-nm/business-listings/1,Not indicated,Not indicated,Not indicated,Not indicated,Not indicated,Not indicated,Not indicated,Not indicated,Not indicated,Not indicated,Not indicated,Contact opportunity: Cross-promotion contact
local_listing,lk-creative-angel-fire-colfax-freelance-graphic-design-online-resource,LK Creative,Angel Fire,Colfax,NM,Arts & culture,False,Hosted profile,https://www.startupspace.app/resource?page=62,https://www.startupspace.app/resource?page=62,Not indicated,Not indicated,Not indicated,Not indicated,Not indicated,Not indicated,Not indicated,Not indicated,Not indicated,Not indicated,Not indicated,Not indicated
local_listing,travel-guide-lodge-at-angel-fire-resort-angel-fire-colfax,The Lodge at Angel Fire Resort,Angel Fire,Colfax,NM,Lodging & stays,False,Hosted profile,https://angelfirechamber.org/business/the-lodge-at-angel-fire-resort/,https://angelfirechamber.org/business/category/accommodations-lodging/; https://angelfirechamber.org/business/category/hotels-motels-lodges/; https://angelfirechamber.org/business/the-lodge-at-angel-fire-resort/,Not indicated,Not indicated,Not indicated,Not indicated,Listed route: Existing directory profile,Contact opportunity: Event calendar contact,Not indicated,Contact opportunity: Newsletter contact,Not indicated,Not indicated,Contact opportunity: Sponsorship contact,Contact opportunity: Cross-promotion contact
local_listing,yellowpages-lead-longevity-chiropractic-center-angel-fire-colfax,Longevity Chiropractic Center,Angel Fire,Colfax,NM,Local business or service,False,Hosted profile,,https://www.yellowpages.com/angel-fire-nm/business-listings/1,Not indicated,Not indicated,Not indicated,Not indicated,Not indicated,Not indicated,Not indicated,Not indicated,Not indicated,Not indicated,Not indicated,Contact opportunity: Cross-promotion contact
local_listing,travel-guide-longhorn-lodge-angel-fire-colfax,Longhorn Lodge,Angel Fire,Colfax,NM,Lodging & stays,False,Hosted profile,https://angelfirechamber.org/business/longhorn-lodge/,https://angelfirechamber.org/business/category/accommodations-lodging/; https://angelfirechamber.org/business/category/vacation-rentals-short-and-long-term/; https://angelfirechamber.org/business/longhorn-lodge/,Not indicated,Not indicated,Not indicated,Not indicated,Listed route: Existing directory profile,Contact opportunity: Event calendar contact,Not indicated,Contact opportunity: Newsletter contact,Not indicated,Not indicated,Contact opportunity: Sponsorship contact,Contact opportunity: Cross-promotion contact
local_listing,travel-guide-los-rios-river-runners-angel-fire-colfax,Los Rios River Runners,Angel Fire,Colfax,NM,Local business or service,True,Hosted profile,https://visitangelfirenm.com/listing/los-rios-river-runners/,https://visitangelfirenm.com/all-listings/?_listing_directory_pagination=3; https://visitangelfirenm.com/listing/los-rios-river-runners/,Contact opportunity: Flyer/poster contact,Not indicated,Not indicated,Not indicated,Listed route: Existing directory profile,Not indicated,Not indicated,Not indicated,Not indicated,Not indicated,Not indicated,Not indicated
local_listing,lowe-s-market-colfax-retail-grocery,Lowe's Market,Angel Fire,Colfax,NM,Retail & local goods,True,Hosted profile,https://visitangelfirenm.com/listing/lowes-market/,https://visitangelfirenm.com/all-listings/?_listing_directory_pagination=3; https://visitangelfirenm.com/listing/lowes-market/; https://visitangelfirenm.com/shopping/; https://visitangelfirenm.com/shopping/?_listing_directory_pagination=1,Contact opportunity: Flyer/poster contact,Not indicated,Not indicated,Contact opportunity: Front-desk referral contact,Listed route: Existing directory profile,Not indicated,Not indicated,Not indicated,Not indicated,Not indicated,Not indicated,Not indicated
local_listing,travel-guide-maverick-campground-angel-fire-colfax,Maverick Campground,Angel Fire,Colfax,NM,Lodging & stays,True,Hosted profile,https://visitangelfirenm.com/listing/maverick-campground/,https://visitangelfirenm.com/all-listings/?_listing_directory_pagination=4; https://visitangelfirenm.com/listing/maverick-campground/,Contact opportunity: Flyer/poster contact,Contact opportunity: Brochure/rack-card contact,Not indicated,Contact opportunity: Front-desk referral contact,Listed route: Existing directory profile,Not indicated,Not indicated,Not indicated,Not indicated,Not indicated,Not indicated,Not indicated
local_listing,yellowpages-lead-mccash-strider-a-dds-angel-fire-colfax,"McCash, Strider A, DDS",Angel Fire,Colfax,NM,Local business or service,False,Hosted profile,,https://www.yellowpages.com/angel-fire-nm/business-listings/1,Not indicated,Not indicated,Not indicated,Not indicated,Not indicated,Not indicated,Not indicated,Not indicated,Not indicated,Not indicated,Not indicated,Not indicated
local_listing,mi-cocina-mexicana-colfax-food-beverage,Mi Cocina Mexicana,Angel Fire,Colfax,NM,Food & drink,True,Hosted profile,https://visitangelfirenm.com/listing/mi-cocina-mexicana/,https://visitangelfirenm.com/all-listings/?_listing_directory_pagination=4; https://visitangelfirenm.com/dining/; https://visitangelfirenm.com/dining/?_listing_directory_pagination=1; https://visitangelfirenm.com/listing/mi-cocina-mexicana/,Contact opportunity: Flyer/poster contact,Not indicated,Not indicated,Contact opportunity: Front-desk referral contact,Listed route: Existing directory profile,Not indicated,Not indicated,Not indicated,Not indicated,Not indicated,Not indicated,Not indicated
local_listing,travel-guide-mikuna-grill-angel-fire-colfax,Mikuna Grill,Angel Fire,Colfax,NM,Food & drink,True,Hosted profile,https://visitangelfirenm.com/listing/mikuna-grill/,https://visitangelfirenm.com/all-listings/?_listing_directory_pagination=4; https://visitangelfirenm.com/dining/; https://visitangelfirenm.com/dining/?_listing_directory_pagination=1; https://visitangelfirenm.com/listing/mikuna-grill/,Contact opportunity: Flyer/poster contact,Not indicated,Not indicated,Contact opportunity: Front-desk referral contact,Listed route: Existing directory profile,Not indicated,Not indicated,Not indicated,Not indicated,Not indicated,Not indicated,Not indicated
local_listing,travel-guide-mikuna-grill-is-temporarily-at-bakery-and-cafe-angel-fire-angel-fire-colfax,Mikuna Grill is temporarily at The Bakery & Cafe @Angel Fire,Angel Fire,Colfax,NM,Food & drink,False,Hosted profile,https://angelfirechamber.org/business/mikuna-grill/,https://angelfirechamber.org/business/category/dining/page/2/; https://angelfirechamber.org/business/category/restaurants/page/2/; https://angelfirechamber.org/business/mikuna-grill/,Not indicated,Not indicated,Not indicated,Not indicated,Listed route: Existing directory profile,Contact opportunity: Event calendar contact,Not indicated,Contact opportunity: Newsletter contact,Not indicated,Not indicated,Contact opportunity: Sponsorship contact,Contact opportunity: Cross-promotion contact
local_listing,travel-guide-monte-verde-lake-angel-fire-colfax,Monte Verde Lake,Angel Fire,Colfax,NM,Local business or service,True,Hosted profile,https://visitangelfirenm.com/listing/monte-verde-lake/,https://visitangelfirenm.com/all-listings/?_listing_directory_pagination=4; https://visitangelfirenm.com/listing/monte-verde-lake/,Contact opportunity: Flyer/poster contact,Not indicated,Not indicated,Not indicated,Listed route: Existing directory profile,Not indicated,Not indicated,Not indicated,Not indicated,Not indicated,Not indicated,Not indicated
local_listing,yellowpages-lead-monte-verde-lake-office-angel-fire-colfax,Monte Verde Lake Office,Angel Fire,Colfax,NM,Local business or service,False,Hosted profile,,https://www.yellowpages.com/angel-fire-nm/business-listings/1,Not indicated,Not indicated,Not indicated,Not indicated,Not indicated,Not indicated,Not indicated,Not indicated,Not indicated,Not indicated,Not indicated,Not indicated
local_listing,travel-guide-monte-verde-rv-park-and-campground-angel-fire-colfax,Monte Verde RV Park & Campground,Angel Fire,Colfax,NM,Lodging & stays,True,Hosted profile,https://angelfirechamber.org/business/monte-verde-rv-park-campground/,https://angelfirechamber.org/business/category/accommodations-lodging/; https://angelfirechamber.org/business/category/campgrounds-rv-parks/; https://angelfirechamber.org/business/monte-verde-rv-park-campground/; https://visitangelfirenm.com/all-listings/?_listing_directory_pagination=4; https://www.yellowpages.com/angel-fire-nm/business-listings/1,Contact opportunity: Flyer/poster contact,Contact opportunity: Brochure/rack-card contact,Not indicated,Contact opportunity: Front-desk referral contact,Listed route: Existing directory profile,Contact opportunity: Event calendar contact,Not indicated,Contact opportunity: Newsletter contact,Not indicated,Not indicated,Contact opportunity: Sponsorship contact,Contact opportunity: Cross-promotion contact
local_listing,yellowpages-lead-moreno-valley-healthcare-clinic-angel-fire-colfax,Moreno Valley Healthcare Clinic,Angel Fire,Colfax,NM,Health & wellness,False,Hosted profile,,https://www.yellowpages.com/angel-fire-nm/business-listings/1,Not indicated,Not indicated,Not indicated,Not indicated,Not indicated,Not indicated,Not indicated,Not indicated,Not indicated,Not indicated,Not indicated,Not indicated
local_listing,yellowpages-lead-moreno-valley-high-school-angel-fire-colfax,Moreno Valley High School,Angel Fire,Colfax,NM,Education & learning,False,Hosted profile,,https://www.yellowpages.com/angel-fire-nm/business-listings/1,Not indicated,Not indicated,Not indicated,Not indicated,Not indicated,Not indicated,Not indicated,Not indicated,Not indicated,Not indicated,Not indicated,Not indicated
local_listing,yellowpages-lead-moreno-valley-taos-pines-substation-angel-fire-colfax,Moreno Valley-Taos Pines Substation,Angel Fire,Colfax,NM,Local business or service,False,Hosted profile,,https://www.yellowpages.com/angel-fire-nm/business-listings/1,Not indicated,Not indicated,Not indicated,Not indicated,Not indicated,Not indicated,Not indicated,Not indicated,Not indicated,Not indicated,Not indicated,Not indicated
local_listing,yellowpages-lead-morning-star-express-angel-fire-colfax,Morning Star Express,Angel Fire,Colfax,NM,Local business or service,False,Hosted profile,,https://www.yellowpages.com/angel-fire-nm/business-listings/1,Not indicated,Not indicated,Not indicated,Not indicated,Not indicated,Not indicated,Not indicated,Not indicated,Not indicated,Not indicated,Not indicated,Not indicated
local_listing,travel-guide-morning-star-restaurant-angel-fire-colfax,Morning Star Restaurant,Angel Fire,Colfax,NM,Food & drink,True,Hosted profile,https://angelfirechamber.org/business/morning-star-restaurant/,https://angelfirechamber.org/business/category/dining/; https://angelfirechamber.org/business/category/restaurants/; https://angelfirechamber.org/business/morning-star-restaurant/; https://visitangelfirenm.com/all-listings/?_listing_directory_pagination=4; https://visitangelfirenm.com/dining/; https://visitangelfirenm.com/dining/?_listing_directory_pagination=1,Contact opportunity: Flyer/poster contact,Contact opportunity: Brochure/rack-card contact,Not indicated,Contact opportunity: Front-desk referral contact,Listed route: Existing directory profile,Contact opportunity: Event calendar contact,Not indicated,Contact opportunity: Newsletter contact,Not indicated,Not indicated,Contact opportunity: Sponsorship contact,Contact opportunity: Cross-promotion contact
local_listing,travel-guide-mountain-serenity-rentals-angel-fire-colfax,Mountain Serenity Rentals,Angel Fire,Colfax,NM,Local business or service,True,Hosted profile,https://visitangelfirenm.com/listing/mountain-serenity-rentals/,https://visitangelfirenm.com/all-listings/?_listing_directory_pagination=4; https://visitangelfirenm.com/listing/mountain-serenity-rentals/,Contact opportunity: Flyer/poster contact,Not indicated,Not indicated,Not indicated,Listed route: Existing directory profile,Not indicated,Not indicated,Not indicated,Not indicated,Not indicated,Not indicated,Not indicated
local_listing,yellowpages-lead-mountain-sports-angel-fire-colfax,Mountain Sports,Angel Fire,Colfax,NM,Local business or service,False,Hosted profile,,https://www.yellowpages.com/angel-fire-nm/business-listings/1,Not indicated,Not indicated,Not indicated,Not indicated,Not indicated,Not indicated,Not indicated,Not indicated,Not indicated,Not indicated,Not indicated,Not indicated
local_listing,mountain-sports-of-angel-fire-colfax-retail-outdoor,Mountain Sports of Angel Fire,Angel Fire,Colfax,NM,Retail & local goods,True,Hosted profile,https://angelfirechamber.org/business/mountain-sports-of-angel-fire/,https://angelfirechamber.org/business/category/ski-snowboard-rentals/; https://angelfirechamber.org/business/category/specialty-shops; https://angelfirechamber.org/business/category/sports-equipment-rentals/; https://angelfirechamber.org/business/mountain-sports-of-angel-fire/; https://visitangelfirenm.com/all-listings/?_listing_directory_pagination=4; https://visitangelfirenm.com/shopping/; https://visitangelfirenm.com/shopping/?_listing_directory_pagination=1,Contact opportunity: Flyer/poster contact,Not indicated,Not indicated,Contact opportunity: Front-desk referral contact,Listed route: Existing directory profile,Not indicated,Not indicated,Not indicated,Not indicated,Not indicated,Not indicated,Not indicated
local_listing,mountain-supply-true-value-colfax-retail-hardware,Mountain Supply True Value,Angel Fire,Colfax,NM,Retail & local goods,True,Hosted profile,https://visitangelfirenm.com/listing/mountain-supply-true-value/,https://visitangelfirenm.com/all-listings/?_listing_directory_pagination=4; https://visitangelfirenm.com/listing/mountain-supply-true-value/; https://visitangelfirenm.com/shopping/; https://visitangelfirenm.com/shopping/?_listing_directory_pagination=1; https://www.yellowpages.com/angel-fire-nm/business-listings/1,Contact opportunity: Flyer/poster contact,Not indicated,Not indicated,Contact opportunity: Front-desk referral contact,Listed route: Existing directory profile,Not indicated,Not indicated,Not indicated,Not indicated,Not indicated,Contact opportunity: Sponsorship contact,Not indicated
local_listing,travel-guide-mountain-view-event-center-angel-fire-colfax,Mountain View Event Center,Angel Fire,Colfax,NM,Events & venues,True,Hosted profile,https://visitangelfirenm.com/listing/mountain-view-event-center/,https://visitangelfirenm.com/all-listings/?_listing_directory_pagination=4; https://visitangelfirenm.com/listing/mountain-view-event-center/,Contact opportunity: Flyer/poster contact,Not indicated,Not indicated,Not indicated,Listed route: Existing directory profile,Contact opportunity: Event calendar contact,Not indicated,Not indicated,Not indicated,Not indicated,Contact opportunity: Sponsorship contact,Contact opportunity: Cross-promotion contact
local_listing,travel-guide-music-from-angel-fire-angel-fire-colfax,Music from Angel Fire,Angel Fire,Colfax,NM,Tourism & visitor info,True,Hosted profile,https://angelfirechamber.org/business/music-from-angel-fire/,https://angelfirechamber.org/business/category/entertainment-music/; https://angelfirechamber.org/business/music-from-angel-fire/; https://visitangelfirenm.com/all-listings/?_listing_directory_pagination=4,Contact opportunity: Flyer/poster contact,Contact opportunity: Brochure/rack-card contact,Not indicated,Contact opportunity: Front-desk referral contact,Listed route: Existing directory profile,Contact opportunity: Event calendar contact,Not indicated,Contact opportunity: Newsletter contact,Not indicated,Not indicated,Contact opportunity: Sponsorship contact,Contact opportunity: Cross-promotion contact
local_listing,yellowpages-lead-napa-auto-parts-professional-auto-parts-service-repair-angel-fire-colfax,Napa Auto Parts - Professional Auto Parts Service & Repair,Angel Fire,Colfax,NM,Auto & transportation,False,Hosted profile,,https://www.yellowpages.com/angel-fire-nm/business-listings/1,Not indicated,Not indicated,Not indicated,Not indicated,Not indicated,Not indicated,Not indicated,Not indicated,Not indicated,Not indicated,Contact opportunity: Sponsorship contact,Not indicated
local_listing,travel-guide-new-mexico-river-adventures-angel-fire-colfax,New Mexico River Adventures,Angel Fire,Colfax,NM,Outdoor recreation,False,Hosted profile,https://angelfirechamber.org/business/new-mexico-river-adventures/,https://angelfirechamber.org/business/category/activities-recreation/; https://angelfirechamber.org/business/new-mexico-river-adventures/,Not indicated,Not indicated,Not indicated,Not indicated,Listed route: Existing directory profile,Contact opportunity: Event calendar contact,Not indicated,Contact opportunity: Newsletter contact,Not indicated,Not indicated,Contact opportunity: Sponsorship contact,Contact opportunity: Cross-promotion contact
local_listing,travel-guide-north-country-real-estate-angel-fire-colfax,North Country Real Estate,Angel Fire,Colfax,NM,Professional services,True,Hosted profile,https://visitangelfirenm.com/listing/north-country-real-estate/,https://visitangelfirenm.com/all-listings/?_listing_directory_pagination=4; https://visitangelfirenm.com/listing/north-country-real-estate/,Contact opportunity: Flyer/poster contact,Not indicated,Not indicated,Not indicated,Listed route: Existing directory profile,Not indicated,Not indicated,Not indicated,Not indicated,Not indicated,Not indicated,Not indicated
local_listing,yellowpages-lead-northeastern-construction-angel-fire-colfax,Northeastern Construction,Angel Fire,Colfax,NM,"Home, land & contracting",False,Hosted profile,,https://www.yellowpages.com/angel-fire-nm/business-listings/1,Not indicated,Not indicated,Not indicated,Not indicated,Not indicated,Not indicated,Not indicated,Not indicated,Not indicated,Not indicated,Contact opportunity: Sponsorship contact,Contact opportunity: Cross-promotion contact
local_listing,yellowpages-lead-northern-new-mexico-gas-company-angel-fire-colfax,Northern New Mexico Gas Company,Angel Fire,Colfax,NM,Auto & transportation,False,Hosted profile,,https://www.yellowpages.com/angel-fire-nm/business-listings/1,Not indicated,Not indicated,Not indicated,Not indicated,Not indicated,Not indicated,Not indicated,Not indicated,Not indicated,Not indicated,Not indicated,Contact opportunity: Cross-promotion contact
local_listing,travel-guide-nuckolls-brewing-angel-fire-colfax,Nuckolls Brewing Co.,Angel Fire,Colfax,NM,Food & drink,False,Hosted profile,https://angelfirechamber.org/business/nuckolls-brewing-company/,https://angelfirechamber.org/business/category/breweries/; https://angelfirechamber.org/business/category/restaurants/; https://angelfirechamber.org/business/nuckolls-brewing-company/,Not indicated,Not indicated,Not indicated,Not indicated,Listed route: Existing directory profile,Contact opportunity: Event calendar contact,Not indicated,Contact opportunity: Newsletter contact,Not indicated,Not indicated,Contact opportunity: Sponsorship contact,Contact opportunity: Cross-promotion contact
local_listing,travel-guide-off-grid-grow-dispensary-angel-fire-colfax,Off Grid Grow Co. Dispensary,Angel Fire,Colfax,NM,Retail & local goods,True,Hosted profile,https://visitangelfirenm.com/listing/off-grid-grow-co-dispensary/,https://visitangelfirenm.com/all-listings/?_listing_directory_pagination=4; https://visitangelfirenm.com/listing/off-grid-grow-co-dispensary/; https://visitangelfirenm.com/shopping/; https://visitangelfirenm.com/shopping/?_listing_directory_pagination=1,Contact opportunity: Flyer/poster contact,Not indicated,Not indicated,Contact opportunity: Front-desk referral contact,Listed route: Existing directory profile,Not indicated,Not indicated,Not indicated,Not indicated,Not indicated,Not indicated,Not indicated
local_listing,travel-guide-olympic-park-angel-fire-colfax,Olympic Park,Angel Fire,Colfax,NM,Outdoor recreation,True,Hosted profile,https://visitangelfirenm.com/listing/olympic-park/,https://visitangelfirenm.com/all-listings/?_listing_directory_pagination=4; https://visitangelfirenm.com/listing/olympic-park/,Contact opportunity: Flyer/poster contact,Not indicated,Not indicated,Not indicated,Listed route: Existing directory profile,Not indicated,Not indicated,Not indicated,Not indicated,Not indicated,Not indicated,Not indicated
local_listing,travel-guide-one-people-s-kitchen-angel-fire-colfax,One People's Kitchen,Angel Fire,Colfax,NM,Food & drink,True,Hosted profile,https://visitangelfirenm.com/listing/one-peoples-kitchen/,https://visitangelfirenm.com/all-listings/?_listing_directory_pagination=4; https://visitangelfirenm.com/dining/; https://visitangelfirenm.com/dining/?_listing_directory_pagination=1; https://visitangelfirenm.com/listing/one-peoples-kitchen/,Contact opportunity: Flyer/poster contact,Not indicated,Not indicated,Contact opportunity: Front-desk referral contact,Listed route: Existing directory profile,Not indicated,Not indicated,Not indicated,Not indicated,Not indicated,Not indicated,Not indicated
local_listing,travel-guide-par-and-grill-angel-fire-colfax,Par & Grill,Angel Fire,Colfax,NM,Food & drink,True,Hosted profile,https://angelfirechamber.org/business/par-grill/,https://angelfirechamber.org/business/category/dining/; https://angelfirechamber.org/business/category/restaurants/; https://angelfirechamber.org/business/par-grill/; https://visitangelfirenm.com/all-listings/?_listing_directory_pagination=4; https://visitangelfirenm.com/dining/; https://visitangelfirenm.com/dining/?_listing_directory_pagination=1,Contact opportunity: Flyer/poster contact,Contact opportunity: Brochure/rack-card contact,Not indicated,Contact opportunity: Front-desk referral contact,Listed route: Existing directory profile,Contact opportunity: Event calendar contact,Not indicated,Contact opportunity: Newsletter contact,Not indicated,Not indicated,Contact opportunity: Sponsorship contact,Contact opportunity: Cross-promotion contact
local_listing,yellowpages-lead-phillips-66-angel-fire-colfax,Phillips 66,Angel Fire,Colfax,NM,Local business or service,False,Hosted profile,,https://www.yellowpages.com/angel-fire-nm/business-listings/1,Not indicated,Not indicated,Not indicated,Not indicated,Not indicated,Not indicated,Not indicated,Not indicated,Not indicated,Not indicated,Contact opportunity: Sponsorship contact,Not indicated
local_listing,yellowpages-lead-piedra-lumbre-excavation-angel-fire-colfax,Piedra Lumbre Excavation Inc,Angel Fire,Colfax,NM,"Home, land & contracting",False,Hosted profile,,https://www.yellowpages.com/angel-fire-nm/business-listings/1,Not indicated,Not indicated,Not indicated,Not indicated,Not indicated,Not indicated,Not indicated,Not indicated,Not indicated,Not indicated,Not indicated,Not indicated
local_listing,travel-guide-pine-and-peak-home-decor-angel-fire-colfax,Pine & Peak Home Decor,Angel Fire,Colfax,NM,Retail & local goods,True,Hosted profile,https://visitangelfirenm.com/listing/pine-peak-home-decor/,https://visitangelfirenm.com/all-listings/?_listing_directory_pagination=5; https://visitangelfirenm.com/listing/pine-peak-home-decor/; https://visitangelfirenm.com/shopping/; https://visitangelfirenm.com/shopping/?_listing_directory_pagination=1,Contact opportunity: Flyer/poster contact,Not indicated,Not indicated,Contact opportunity: Front-desk referral contact,Listed route: Existing directory profile,Not indicated,Not indicated,Not indicated,Not indicated,Not indicated,Not indicated,Not indicated
local_listing,travel-guide-pizza-stop-angel-fire-colfax,Pizza Stop,Angel Fire,Colfax,NM,Food & drink,True,Hosted profile,https://visitangelfirenm.com/listing/pizza-stop/,https://visitangelfirenm.com/all-listings/?_listing_directory_pagination=5; https://visitangelfirenm.com/dining/; https://visitangelfirenm.com/dining/?_listing_directory_pagination=1; https://visitangelfirenm.com/listing/pizza-stop/; https://www.yellowpages.com/angel-fire-nm/business-listings/1,Contact opportunity: Flyer/poster contact,Not indicated,Not indicated,Contact opportunity: Front-desk referral contact,Listed route: Existing directory profile,Not indicated,Not indicated,Not indicated,Not indicated,Not indicated,Not indicated,Not indicated
local_listing,travel-guide-ponce-de-leon-creations-angel-fire-colfax,Ponce de Leon Creations,Angel Fire,Colfax,NM,Arts & culture,True,Hosted profile,https://angelfirechamber.org/business/ponce-de-leon-creations/,https://angelfirechamber.org/business/category/gift-shops/; https://angelfirechamber.org/business/category/handcrafted-jewelry; https://angelfirechamber.org/business/category/specialty-shops; https://angelfirechamber.org/business/ponce-de-leon-creations/; https://visitangelfirenm.com/all-listings/?_listing_directory_pagination=5; https://visitangelfirenm.com/shopping/; https://visitangelfirenm.com/shopping/?_listing_directory_pagination=1,Contact opportunity: Flyer/poster contact,Contact opportunity: Brochure/rack-card contact,Not indicated,Contact opportunity: Front-desk referral contact,Listed route: Existing directory profile,Contact opportunity: Event calendar contact,Not indicated,Contact opportunity: Newsletter contact,Not indicated,Not indicated,Contact opportunity: Sponsorship contact,Contact opportunity: Cross-promotion contact
local_listing,yellowpages-lead-pretty-petals-by-shay-angel-fire-colfax,Pretty Petals By Shay,Angel Fire,Colfax,NM,Local business or service,False,Hosted profile,,https://www.yellowpages.com/angel-fire-nm/business-listings/1,Not indicated,Not indicated,Not indicated,Not indicated,Not indicated,Not indicated,Not indicated,Not indicated,Not indicated,Not indicated,Not indicated,Not indicated
local_listing,yellowpages-lead-prodpendingtest4-angel-fire-colfax,prodPendingTest4,Angel Fire,Colfax,NM,Local business or service,False,Hosted profile,,https://www.yellowpages.com/angel-fire-nm/business-listings/1,Not indicated,Not indicated,Not indicated,Not indicated,Not indicated,Not indicated,Not indicated,Not indicated,Not indicated,Not indicated,Not indicated,Not indicated
local_listing,yellowpages-lead-professional-auto-parts-service-repair-angel-fire-colfax,Professional Auto Parts Service & Repair,Angel Fire,Colfax,NM,Auto & transportation,False,Hosted profile,,https://www.yellowpages.com/angel-fire-nm/business-listings/1,Not indicated,Not indicated,Not indicated,Not indicated,Not indicated,Not indicated,Not indicated,Not indicated,Not indicated,Not indicated,Not indicated,Not indicated
local_listing,travel-guide-pub-and-grub-angel-fire-colfax,Pub and Grub,Angel Fire,Colfax,NM,Food & drink,True,Hosted profile,https://visitangelfirenm.com/listing/pub-and-grub/,https://visitangelfirenm.com/all-listings/?_listing_directory_pagination=5; https://visitangelfirenm.com/dining/; https://visitangelfirenm.com/dining/?_listing_directory_pagination=1; https://visitangelfirenm.com/listing/pub-and-grub/,Contact opportunity: Flyer/poster contact,Not indicated,Not indicated,Contact opportunity: Front-desk referral contact,Listed route: Existing directory profile,Not indicated,Not indicated,Not indicated,Not indicated,Not indicated,Not indicated,Not indicated
local_listing,travel-guide-pub-n-grub-angel-fire-colfax,Pub n'grub,Angel Fire,Colfax,NM,Food & drink,False,Hosted profile,https://angelfirechamber.org/business/pub-ngrub/,https://angelfirechamber.org/business/category/dining/; https://angelfirechamber.org/business/category/restaurants/; https://angelfirechamber.org/business/pub-ngrub/,Not indicated,Not indicated,Not indicated,Not indicated,Listed route: Existing directory profile,Contact opportunity: Event calendar contact,Not indicated,Contact opportunity: Newsletter contact,Not indicated,Not indicated,Contact opportunity: Sponsorship contact,Contact opportunity: Cross-promotion contact
local_listing,travel-guide-purple-sage-studio-angel-fire-colfax,Purple Sage Studio,Angel Fire,Colfax,NM,Retail & local goods,True,Hosted profile,https://visitangelfirenm.com/listing/purple-sage-studio/,https://visitangelfirenm.com/all-listings/?_listing_directory_pagination=5; https://visitangelfirenm.com/listing/purple-sage-studio/; https://visitangelfirenm.com/shopping/?_listing_directory_pagination=2,Contact opportunity: Flyer/poster contact,Not indicated,Not indicated,Contact opportunity: Front-desk referral contact,Listed route: Existing directory profile,Not indicated,Not indicated,Not indicated,Not indicated,Not indicated,Not indicated,Not indicated
local_listing,yellowpages-lead-rbs-true-value-angel-fire-colfax,Rbs True Value,Angel Fire,Colfax,NM,Local business or service,False,Hosted profile,,https://www.yellowpages.com/angel-fire-nm/business-listings/1,Not indicated,Not indicated,Not indicated,Not indicated,Not indicated,Not indicated,Not indicated,Not indicated,Not indicated,Not indicated,Contact opportunity: Sponsorship contact,Not indicated
local_listing,travel-guide-re-max-mountain-realty-angel-fire-colfax,RE/MAX Mountain Realty,Angel Fire,Colfax,NM,Professional services,True,Hosted profile,https://visitangelfirenm.com/listing/re-max-mountain-realty/,https://visitangelfirenm.com/all-listings/?_listing_directory_pagination=5; https://visitangelfirenm.com/listing/re-max-mountain-realty/,Contact opportunity: Flyer/poster contact,Not indicated,Not indicated,Not indicated,Listed route: Existing directory profile,Not indicated,Not indicated,Not indicated,Not indicated,Not indicated,Not indicated,Not indicated
local_listing,travel-guide-resort-properties-of-angel-fire-angel-fire-colfax,Resort Properties of Angel Fire,Angel Fire,Colfax,NM,Lodging & stays,True,Hosted profile,https://angelfirechamber.org/business/resort-properties-of-angel-fire/,https://angelfirechamber.org/business/category/accommodations-lodging/; https://angelfirechamber.org/business/category/vacation-rentals-short-and-long-term/; https://angelfirechamber.org/business/resort-properties-of-angel-fire/; https://visitangelfirenm.com/all-listings/?_listing_directory_pagination=5,Contact opportunity: Flyer/poster contact,Contact opportunity: Brochure/rack-card contact,Not indicated,Contact opportunity: Front-desk referral contact,Listed route: Existing directory profile,Contact opportunity: Event calendar contact,Not indicated,Contact opportunity: Newsletter contact,Not indicated,Not indicated,Contact opportunity: Sponsorship contact,Contact opportunity: Cross-promotion contact
local_listing,travel-guide-ridgewalk-treehouse-angel-fire-colfax,RidgeWalk Treehouse,Angel Fire,Colfax,NM,Local business or service,True,Hosted profile,https://visitangelfirenm.com/listing/ridgewalk-treehouse/,https://visitangelfirenm.com/all-listings/?_listing_directory_pagination=5; https://visitangelfirenm.com/listing/ridgewalk-treehouse/; https://www.yellowpages.com/angel-fire-nm/business-listings/1,Contact opportunity: Flyer/poster contact,Not indicated,Not indicated,Not indicated,Listed route: Existing directory profile,Not indicated,Not indicated,Not indicated,Not indicated,Not indicated,Not indicated,Not indicated
local_listing,travel-guide-rio-grande-balloons-angel-fire-colfax,Rio Grande Balloons,Angel Fire,Colfax,NM,Local business or service,True,Hosted profile,https://visitangelfirenm.com/listing/rio-grande-balloons/,https://visitangelfirenm.com/all-listings/?_listing_directory_pagination=5; https://visitangelfirenm.com/listing/rio-grande-balloons/,Contact opportunity: Flyer/poster contact,Not indicated,Not indicated,Not indicated,Listed route: Existing directory profile,Not indicated,Not indicated,Not indicated,Not indicated,Not indicated,Not indicated,Not indicated
local_listing,travel-guide-roadrunner-tours-angel-fire-colfax,Roadrunner Tours,Angel Fire,Colfax,NM,Tourism & visitor info,True,Hosted profile,https://angelfirechamber.org/business/road-runner-tours-ltd/,https://angelfirechamber.org/business/category/activities-recreation/; https://angelfirechamber.org/business/road-runner-tours-ltd/; https://visitangelfirenm.com/all-listings/?_listing_directory_pagination=5,Contact opportunity: Flyer/poster contact,Contact opportunity: Brochure/rack-card contact,Not indicated,Contact opportunity: Front-desk referral contact,Listed route: Existing directory profile,Contact opportunity: Event calendar contact,Not indicated,Contact opportunity: Newsletter contact,Not indicated,Not indicated,Contact opportunity: Sponsorship contact,Contact opportunity: Cross-promotion contact
local_listing,yellowpages-lead-robles-auto-glass-angel-fire-colfax,Robles Auto Glass,Angel Fire,Colfax,NM,Auto & transportation,False,Hosted profile,,https://www.yellowpages.com/angel-fire-nm/business-listings/1,Not indicated,Not indicated,Not indicated,Not indicated,Not indicated,Not indicated,Not indicated,Not indicated,Not indicated,Not indicated,Not indicated,Contact opportunity: Cross-promotion contact
local_listing,yellowpages-lead-rockies-angel-fire-colfax,Rockies,Angel Fire,Colfax,NM,Local business or service,False,Hosted profile,,https://www.yellowpages.com/angel-fire-nm/business-listings/1,Not indicated,Not indicated,Not indicated,Not indicated,Not indicated,Not indicated,Not indicated,Not indicated,Not indicated,Not indicated,Not indicated,Not indicated
local_listing,travel-guide-rockies-market-angel-fire-colfax,Rockies Market,Angel Fire,Colfax,NM,Retail & local goods,True,Hosted profile,https://visitangelfirenm.com/listing/rockies-market/,https://visitangelfirenm.com/all-listings/?_listing_directory_pagination=5; https://visitangelfirenm.com/listing/rockies-market/,Contact opportunity: Flyer/poster contact,Not indicated,Not indicated,Contact opportunity: Front-desk referral contact,Listed route: Existing directory profile,Not indicated,Not indicated,Not indicated,Not indicated,Not indicated,Not indicated,Not indicated
local_listing,yellowpages-lead-rustic-chalet-angel-fire-colfax,Rustic Chalet,Angel Fire,Colfax,NM,Local business or service,False,Hosted profile,,https://www.yellowpages.com/angel-fire-nm/business-listings/1,Not indicated,Not indicated,Not indicated,Not indicated,Not indicated,Not indicated,Not indicated,Not indicated,Not indicated,Not indicated,Not indicated,Not indicated
local_listing,yellowpages-lead-samuels-construction-angel-fire-colfax,Samuels Construction Co,Angel Fire,Colfax,NM,"Home, land & contracting",False,Hosted profile,,https://www.yellowpages.com/angel-fire-nm/business-listings/1,Not indicated,Not indicated,Not indicated,Not indicated,Not indicated,Not indicated,Not indicated,Not indicated,Not indicated,Not indicated,Contact opportunity: Sponsorship contact,Contact opportunity: Cross-promotion contact
local_listing,travel-guide-santa-fe-party-rentals-angel-fire-colfax,Santa Fe Party Rentals,Angel Fire,Colfax,NM,Local business or service,True,Hosted profile,https://visitangelfirenm.com/listing/santa-fe-party-rentals/,https://visitangelfirenm.com/all-listings/?_listing_directory_pagination=5; https://visitangelfirenm.com/listing/santa-fe-party-rentals/,Contact opportunity: Flyer/poster contact,Not indicated,Not indicated,Not indicated,Listed route: Existing directory profile,Not indicated,Not indicated,Not indicated,Not indicated,Not indicated,Not indicated,Not indicated
local_listing,yellowpages-lead-security-mini-storage-angel-fire-colfax,Security Mini Storage,Angel Fire,Colfax,NM,Professional services,False,Hosted profile,,https://www.yellowpages.com/angel-fire-nm/business-listings/1,Not indicated,Not indicated,Not indicated,Not indicated,Not indicated,Not indicated,Not indicated,Not indicated,Not indicated,Not indicated,Contact opportunity: Sponsorship contact,Contact opportunity: Cross-promotion contact
local_listing,yellowpages-lead-shell-angel-fire-colfax,Shell,Angel Fire,Colfax,NM,Local business or service,False,Hosted profile,,https://www.yellowpages.com/angel-fire-nm/business-listings/1,Not indicated,Not indicated,Not indicated,Not indicated,Not indicated,Not indicated,Not indicated,Not indicated,Not indicated,Not indicated,Contact opportunity: Sponsorship contact,Not indicated
local_listing,travel-guide-shuter-library-of-angel-fire-angel-fire-colfax,The Shuter Library of Angel Fire,Angel Fire,Colfax,NM,Education & learning,True,Hosted profile,https://visitangelfirenm.com/listing/the-shuter-library-of-angel-fire/,https://visitangelfirenm.com/all-listings/?_listing_directory_pagination=6; https://visitangelfirenm.com/listing/the-shuter-library-of-angel-fire/,Contact opportunity: Flyer/poster contact,Not indicated,Contact opportunity: Bulletin-board contact,Contact opportunity: Front-desk referral contact,Listed route: Existing directory profile,Contact opportunity: Event calendar contact,Not indicated,Contact opportunity: Newsletter contact,Not indicated,Not indicated,Not indicated,Not indicated
local_listing,travel-guide-sierra-bonita-cabins-and-rv-park-angel-fire-colfax,Sierra Bonita Cabins & RV Park,Angel Fire,Colfax,NM,Lodging & stays,True,Hosted profile,https://visitangelfirenm.com/listing/sierra-bonita-cabins-rv-park/,https://visitangelfirenm.com/all-listings/?_listing_directory_pagination=5; https://visitangelfirenm.com/listing/sierra-bonita-cabins-rv-park/,Contact opportunity: Flyer/poster contact,Contact opportunity: Brochure/rack-card contact,Not indicated,Contact opportunity: Front-desk referral contact,Listed route: Existing directory profile,Not indicated,Not indicated,Not indicated,Not indicated,Not indicated,Not indicated,Not indicated
local_listing,travel-guide-slope-side-sports-angel-fire-colfax,Slope Side Sports,Angel Fire,Colfax,NM,Retail & local goods,True,Hosted profile,https://visitangelfirenm.com/listing/slope-side-sports/,https://visitangelfirenm.com/all-listings/?_listing_directory_pagination=5; https://visitangelfirenm.com/listing/slope-side-sports/; https://visitangelfirenm.com/shopping/?_listing_directory_pagination=2,Contact opportunity: Flyer/poster contact,Not indicated,Not indicated,Contact opportunity: Front-desk referral contact,Listed route: Existing directory profile,Not indicated,Not indicated,Not indicated,Not indicated,Not indicated,Not indicated,Not indicated
local_listing,travel-guide-smoke-rings-bbq-angel-fire-colfax,Smoke Rings BBQ,Angel Fire,Colfax,NM,Food & drink,True,Hosted profile,https://visitangelfirenm.com/listing/smoke-rings-bbq/,https://visitangelfirenm.com/all-listings/?_listing_directory_pagination=5; https://visitangelfirenm.com/listing/smoke-rings-bbq/,Contact opportunity: Flyer/poster contact,Not indicated,Not indicated,Contact opportunity: Front-desk referral contact,Listed route: Existing directory profile,Not indicated,Not indicated,Not indicated,Not indicated,Not indicated,Not indicated,Not indicated
local_listing,travel-guide-snowball-lodge-angel-fire-colfax,"Snowball Lodge, LLC",Angel Fire,Colfax,NM,Lodging & stays,False,Hosted profile,https://angelfirechamber.org/business/snowball-lodge-llc/,https://angelfirechamber.org/business/category/accommodations-lodging/; https://angelfirechamber.org/business/category/hotels-motels-lodges/; https://angelfirechamber.org/business/category/vacation-rentals-short-and-long-term/; https://angelfirechamber.org/business/snowball-lodge-llc/,Not indicated,Not indicated,Not indicated,Not indicated,Listed route: Existing directory profile,Contact opportunity: Event calendar contact,Not indicated,Contact opportunity: Newsletter contact,Not indicated,Not indicated,Contact opportunity: Sponsorship contact,Contact opportunity: Cross-promotion contact
local_listing,travel-guide-snowblaze-ski-shop-angel-fire-colfax,Snowblaze Ski Shop,Angel Fire,Colfax,NM,Retail & local goods,True,Hosted profile,https://visitangelfirenm.com/listing/snowblaze-ski-shop/,https://visitangelfirenm.com/all-listings/?_listing_directory_pagination=6; https://visitangelfirenm.com/listing/snowblaze-ski-shop/; https://visitangelfirenm.com/shopping/?_listing_directory_pagination=2,Contact opportunity: Flyer/poster contact,Not indicated,Not indicated,Contact opportunity: Front-desk referral contact,Listed route: Existing directory profile,Not indicated,Not indicated,Not indicated,Not indicated,Not indicated,Not indicated,Not indicated
local_listing,travel-guide-southern-exposure-photography-angel-fire-colfax,Southern Exposure Photography,Angel Fire,Colfax,NM,Arts & culture,False,Hosted profile,https://visitangelfirenm.com/listing/southern-exposure-photography/,https://visitangelfirenm.com/all-listings/?_listing_directory_pagination=6; https://visitangelfirenm.com/listing/southern-exposure-photography/,Not indicated,Not indicated,Not indicated,Not indicated,Listed route: Existing directory profile,Not indicated,Not indicated,Not indicated,Not indicated,Not indicated,Not indicated,Not indicated
local_listing,yellowpages-lead-sticks-stones-custom-builder-angel-fire-colfax,Sticks & Stones Custom Builder,Angel Fire,Colfax,NM,"Home, land & contracting",False,Hosted profile,,https://www.yellowpages.com/angel-fire-nm/business-listings/1,Not indicated,Not indicated,Not indicated,Not indicated,Not indicated,Not indicated,Not indicated,Not indicated,Not indicated,Not indicated,Not indicated,Not indicated
local_listing,yellowpages-lead-suburban-propane-angel-fire-colfax,Suburban Propane,Angel Fire,Colfax,NM,Local business or service,False,Hosted profile,,https://www.yellowpages.com/angel-fire-nm/business-listings/1,Not indicated,Not indicated,Not indicated,Not indicated,Not indicated,Not indicated,Not indicated,Not indicated,Not indicated,Not indicated,Contact opportunity: Sponsorship contact,Contact opportunity: Cross-promotion contact
local_listing,travel-guide-subway-angel-fire-colfax,Subway,Angel Fire,Colfax,NM,Food & drink,False,Direct website,https://angelfirechamber.org/business/subway/,https://angelfirechamber.org/business/category/dining/; https://angelfirechamber.org/business/category/restaurants/; https://angelfirechamber.org/business/subway/; https://order.subway.com/en-us/restaurant/11611/menu/?utm_source=yxt-goog&utm_medium=local&utm_term=acq&utm_content=11611&utm_campaign=evergreen-2020&y_source=1_MTQ5MTI4NzUtNzE1LWxvY2F0aW9uLmdvb2dsZV93ZWJzaXRlX292ZXJyaWRl; https://www.exploreraton.com/eat,Not indicated,Not indicated,Not indicated,Not indicated,Listed route: Existing directory profile,Contact opportunity: Event calendar contact,Not indicated,Contact opportunity: Newsletter contact,Not indicated,Not indicated,Contact opportunity: Sponsorship contact,Contact opportunity: Cross-promotion contact
local_listing,travel-guide-subway-lowe-s-pay-and-save-angel-fire-colfax,Subway - Lowe's Pay & Save,Angel Fire,Colfax,NM,Food & drink,True,Hosted profile,https://visitangelfirenm.com/listing/subway-lowes-pay-save/,https://visitangelfirenm.com/all-listings/?_listing_directory_pagination=6; https://visitangelfirenm.com/dining/; https://visitangelfirenm.com/dining/?_listing_directory_pagination=1; https://visitangelfirenm.com/listing/subway-lowes-pay-save/,Contact opportunity: Flyer/poster contact,Not indicated,Not indicated,Contact opportunity: Front-desk referral contact,Listed route: Existing directory profile,Not indicated,Not indicated,Not indicated,Not indicated,Not indicated,Not indicated,Not indicated
local_listing,travel-guide-summit-haus-angel-fire-colfax,Summit Haus,Angel Fire,Colfax,NM,Food & drink,True,Hosted profile,https://angelfirechamber.org/business/summit-haus/,https://angelfirechamber.org/business/category/dining/; https://angelfirechamber.org/business/category/restaurants/; https://angelfirechamber.org/business/summit-haus/; https://visitangelfirenm.com/all-listings/?_listing_directory_pagination=6; https://visitangelfirenm.com/dining/; https://visitangelfirenm.com/dining/?_listing_directory_pagination=1,Contact opportunity: Flyer/poster contact,Contact opportunity: Brochure/rack-card contact,Not indicated,Contact opportunity: Front-desk referral contact,Listed route: Existing directory profile,Contact opportunity: Event calendar contact,Not indicated,Contact opportunity: Newsletter contact,Not indicated,Not indicated,Contact opportunity: Sponsorship contact,Contact opportunity: Cross-promotion contact
local_listing,yellowpages-lead-sunset-grille-angel-fire-colfax,Sunset Grille,Angel Fire,Colfax,NM,Local business or service,False,Hosted profile,,https://www.yellowpages.com/angel-fire-nm/business-listings/1,Not indicated,Not indicated,Not indicated,Not indicated,Not indicated,Not indicated,Not indicated,Not indicated,Not indicated,Not indicated,Not indicated,Not indicated
local_listing,yellowpages-lead-survey-consultants-angel-fire-colfax,Survey Consultants Inc,Angel Fire,Colfax,NM,Local business or service,False,Hosted profile,,https://www.yellowpages.com/angel-fire-nm/business-listings/1,Not indicated,Not indicated,Not indicated,Not indicated,Not indicated,Not indicated,Not indicated,Not indicated,Not indicated,Not indicated,Not indicated,Contact opportunity: Cross-promotion contact
local_listing,travel-guide-sweet-shirt-angel-fire-colfax,Sweet Shirt Co,Angel Fire,Colfax,NM,Retail & local goods,True,Hosted profile,https://visitangelfirenm.com/listing/sweet-shirt-co/,https://visitangelfirenm.com/all-listings/?_listing_directory_pagination=6; https://visitangelfirenm.com/listing/sweet-shirt-co/; https://visitangelfirenm.com/shopping/?_listing_directory_pagination=2; https://www.yellowpages.com/angel-fire-nm/business-listings/1,Contact opportunity: Flyer/poster contact,Not indicated,Not indicated,Contact opportunity: Front-desk referral contact,Listed route: Existing directory profile,Not indicated,Not indicated,Not indicated,Not indicated,Not indicated,Not indicated,Not indicated
local_listing,travel-guide-taos-community-foundation-angel-fire-colfax,Taos Community Foundation,Angel Fire,Colfax,NM,Funding & support,True,Hosted profile,https://visitangelfirenm.com/listing/taos-community-foundation/,https://visitangelfirenm.com/all-listings/?_listing_directory_pagination=6; https://visitangelfirenm.com/listing/taos-community-foundation/,Contact opportunity: Flyer/poster contact,Not indicated,Contact opportunity: Bulletin-board contact,Not indicated,Listed route: Existing directory profile,Not indicated,Not indicated,Contact opportunity: Newsletter contact,Not indicated,Not indicated,Not indicated,Contact opportunity: Cross-promotion contact
local_listing,travel-guide-taos-lifestyle-angel-fire-colfax,Taos Lifestyle,Angel Fire,Colfax,NM,Retail & local goods,False,Hosted profile,https://angelfirechamber.org/business/taos-lifestyle/,https://angelfirechamber.org/business/category/home-furnishings-decor/; https://angelfirechamber.org/business/category/specialty-shops; https://angelfirechamber.org/business/taos-lifestyle/,Not indicated,Not indicated,Not indicated,Not indicated,Listed route: Existing directory profile,Contact opportunity: Event calendar contact,Not indicated,Contact opportunity: Newsletter contact,Not indicated,Not indicated,Contact opportunity: Sponsorship contact,Contact opportunity: Cross-promotion contact
local_listing,travel-guide-taos-mountain-cabinets-and-doors-angel-fire-colfax,Taos Mountain Cabinets and Doors,Angel Fire,Colfax,NM,Retail & local goods,False,Hosted profile,https://angelfirechamber.org/business/taos-mountain-cabinets-and-doors/,https://angelfirechamber.org/business/category/specialty-shops; https://angelfirechamber.org/business/taos-mountain-cabinets-and-doors/,Not indicated,Not indicated,Not indicated,Not indicated,Listed route: Existing directory profile,Contact opportunity: Event calendar contact,Not indicated,Contact opportunity: Newsletter contact,Not indicated,Not indicated,Contact opportunity: Sponsorship contact,Contact opportunity: Cross-promotion contact
local_listing,taos-org-angel-fire-art-galleries-directory-angel-fire-colfax-regional-visitor-art-gal,Taos.org Angel Fire Art Galleries Directory,Angel Fire,Colfax,NM,Arts & culture,False,Hosted profile,https://taos.org/places/category/art-galleries/angel-fire/,https://taos.org/places/category/art-galleries/angel-fire/,Not indicated,Not indicated,Not indicated,Not indicated,Not indicated,Not indicated,Not indicated,Not indicated,Not indicated,Not indicated,Not indicated,Contact opportunity: Cross-promotion contact
local_listing,travel-guide-taty-at-bump-angel-fire-colfax,Taty at the Bump,Angel Fire,Colfax,NM,Food & drink,True,Hosted profile,https://visitangelfirenm.com/listing/taty-at-the-bump/,https://visitangelfirenm.com/all-listings/?_listing_directory_pagination=6; https://visitangelfirenm.com/dining/; https://visitangelfirenm.com/dining/?_listing_directory_pagination=1; https://visitangelfirenm.com/listing/taty-at-the-bump/; https://visitangelfirenm.com/shopping/?_listing_directory_pagination=2,Contact opportunity: Flyer/poster contact,Not indicated,Not indicated,Contact opportunity: Front-desk referral contact,Listed route: Existing directory profile,Not indicated,Not indicated,Not indicated,Not indicated,Not indicated,Not indicated,Not indicated
local_listing,taty-at-the-bump-colfax-food-beverage,Taty @ the Bump,Angel Fire,Colfax,NM,Food & drink,False,Hosted profile,https://www.facebook.com/taty.bistro,https://angelfirechamber.org/business/category/artists-galleries-studios/; https://angelfirechamber.org/business/category/coffee-shop-bistro/; https://angelfirechamber.org/business/category/restaurants/; https://angelfirechamber.org/business/category/specialty-shops; https://angelfirechamber.org/business/taty-the-bump/,Not indicated,Not indicated,Not indicated,Not indicated,Listed route: Existing directory profile,Contact opportunity: Event calendar contact,Contact opportunity: Social-sharing contact,Contact opportunity: Newsletter contact,Not indicated,Not indicated,Contact opportunity: Sponsorship contact,Contact opportunity: Cross-promotion contact
local_listing,yellowpages-lead-tele-gard-protection-systems-angel-fire-colfax,Tele-Gard Protection Systems,Angel Fire,Colfax,NM,Local business or service,False,Hosted profile,,https://www.yellowpages.com/angel-fire-nm/business-listings/1,Not indicated,Not indicated,Not indicated,Not indicated,Not indicated,Not indicated,Not indicated,Not indicated,Not indicated,Not indicated,Not indicated,Not indicated
local_listing,travel-guide-thai-angel-angel-fire-colfax,Thai Angel,Angel Fire,Colfax,NM,Local business or service,True,Hosted profile,https://visitangelfirenm.com/listing/thai-angel/,https://visitangelfirenm.com/all-listings/?_listing_directory_pagination=6; https://visitangelfirenm.com/listing/thai-angel/,Contact opportunity: Flyer/poster contact,Not indicated,Not indicated,Not indicated,Listed route: Existing directory profile,Not indicated,Not indicated,Not indicated,Not indicated,Not indicated,Not indicated,Not indicated
local_listing,travel-guide-tolby-campground-cimarron-valley-angel-fire-colfax,"Tolby Campground, Cimarron Valley",Angel Fire,Colfax,NM,Lodging & stays,True,Hosted profile,https://visitangelfirenm.com/listing/tolby-campground-cimarron-valley/,https://visitangelfirenm.com/all-listings/?_listing_directory_pagination=6; https://visitangelfirenm.com/listing/tolby-campground-cimarron-valley/,Contact opportunity: Flyer/poster contact,Contact opportunity: Brochure/rack-card contact,Not indicated,Contact opportunity: Front-desk referral contact,Listed route: Existing directory profile,Not indicated,Not indicated,Not indicated,Not indicated,Not indicated,Not indicated,Not indicated
local_listing,travel-guide-trailhead-angel-fire-colfax,The Trailhead,Angel Fire,Colfax,NM,Retail & local goods,False,Hosted profile,https://angelfirechamber.org/business/the-trailhead-ski-shop/,https://angelfirechamber.org/business/category/ski-snowboard-rentals/; https://angelfirechamber.org/business/category/specialty-shops; https://angelfirechamber.org/business/category/sports-equipment-rentals/; https://angelfirechamber.org/business/the-trailhead-ski-shop/,Not indicated,Not indicated,Not indicated,Not indicated,Listed route: Existing directory profile,Contact opportunity: Event calendar contact,Not indicated,Contact opportunity: Newsletter contact,Not indicated,Not indicated,Contact opportunity: Sponsorship contact,Contact opportunity: Cross-promotion contact
local_listing,travel-guide-trailhead-ski-shop-angel-fire-colfax,Trailhead Ski Shop,Angel Fire,Colfax,NM,Retail & local goods,True,Hosted profile,https://visitangelfirenm.com/listing/trailhead-ski-shop/,https://visitangelfirenm.com/all-listings/?_listing_directory_pagination=6; https://visitangelfirenm.com/listing/trailhead-ski-shop/; https://visitangelfirenm.com/shopping/?_listing_directory_pagination=2,Contact opportunity: Flyer/poster contact,Not indicated,Not indicated,Contact opportunity: Front-desk referral contact,Listed route: Existing directory profile,Not indicated,Not indicated,Not indicated,Not indicated,Not indicated,Not indicated,Not indicated
local_listing,yellowpages-lead-united-church-of-angel-fire-angel-fire-colfax,United Church of Angel Fire,Angel Fire,Colfax,NM,Nonprofit & community,False,Hosted profile,,https://www.yellowpages.com/angel-fire-nm/business-listings/1,Not indicated,Not indicated,Not indicated,Not indicated,Not indicated,Not indicated,Not indicated,Contact opportunity: Newsletter contact,Not indicated,Not indicated,Not indicated,Not indicated
local_listing,yellowpages-lead-united-states-postal-service-angel-fire-colfax,United States Postal Service,Angel Fire,Colfax,NM,Local business or service,False,Hosted profile,,https://www.yellowpages.com/angel-fire-nm/business-listings/1,Not indicated,Not indicated,Not indicated,Not indicated,Not indicated,Not indicated,Not indicated,Not indicated,Not indicated,Not indicated,Not indicated,Contact opportunity: Cross-promotion contact
local_listing,travel-guide-vacasa-new-mexico-angel-fire-colfax,Vacasa New Mexico LLC,Angel Fire,Colfax,NM,Local business or service,False,Hosted profile,https://visitangelfirenm.com/listing/vacasa-new-mexico-llc/,https://visitangelfirenm.com/all-listings/?_listing_directory_pagination=6; https://visitangelfirenm.com/listing/vacasa-new-mexico-llc/,Not indicated,Not indicated,Not indicated,Not indicated,Listed route: Existing directory profile,Not indicated,Not indicated,Not indicated,Not indicated,Not indicated,Not indicated,Not indicated
local_listing,yellowpages-lead-valero-angel-fire-colfax,Valero,Angel Fire,Colfax,NM,Local business or service,False,Hosted profile,,https://www.yellowpages.com/angel-fire-nm/business-listings/1,Not indicated,Not indicated,Not indicated,Not indicated,Not indicated,Not indicated,Not indicated,Not indicated,Not indicated,Not indicated,Not indicated,Not indicated
local_listing,yellowpages-lead-valley-market-angel-fire-colfax,Valley Market,Angel Fire,Colfax,NM,Retail & local goods,False,Hosted profile,,https://www.yellowpages.com/angel-fire-nm/business-listings/1,Not indicated,Not indicated,Not indicated,Not indicated,Not indicated,Not indicated,Not indicated,Not indicated,Not indicated,Not indicated,Not indicated,Not indicated
local_listing,travel-guide-vietnam-veterans-memorial-angel-fire-colfax,Vietnam Veterans Memorial,Angel Fire,Colfax,NM,Retail & local goods,True,Hosted profile,https://visitangelfirenm.com/listing/the-vietnam-veterans-memorial/,https://visitangelfirenm.com/all-listings/?_listing_directory_pagination=6; https://visitangelfirenm.com/listing/the-vietnam-veterans-memorial/; https://visitangelfirenm.com/shopping/?_listing_directory_pagination=2,Contact opportunity: Flyer/poster contact,Not indicated,Not indicated,Contact opportunity: Front-desk referral contact,Listed route: Existing directory profile,Not indicated,Not indicated,Not indicated,Not indicated,Not indicated,Not indicated,Not indicated
local_listing,yellowpages-lead-village-church-angel-fire-colfax,Village Church,Angel Fire,Colfax,NM,Nonprofit & community,False,Hosted profile,,https://www.yellowpages.com/angel-fire-nm/business-listings/1,Not indicated,Not indicated,Not indicated,Not indicated,Not indicated,Not indicated,Not indicated,Contact opportunity: Newsletter contact,Not indicated,Not indicated,Not indicated,Not indicated
local_listing,travel-guide-village-haus-angel-fire-colfax,The Village Haus,Angel Fire,Colfax,NM,Food & drink,True,Hosted profile,https://angelfirechamber.org/business/the-village-haus/,https://angelfirechamber.org/business/category/dining/; https://angelfirechamber.org/business/category/restaurants/; https://angelfirechamber.org/business/the-village-haus/; https://visitangelfirenm.com/all-listings/?_listing_directory_pagination=7; https://visitangelfirenm.com/dining/?_listing_directory_pagination=2; https://www.yellowpages.com/angel-fire-nm/business-listings/1,Contact opportunity: Flyer/poster contact,Contact opportunity: Brochure/rack-card contact,Not indicated,Contact opportunity: Front-desk referral contact,Listed route: Existing directory profile,Contact opportunity: Event calendar contact,Not indicated,Contact opportunity: Newsletter contact,Not indicated,Not indicated,Contact opportunity: Sponsorship contact,Contact opportunity: Cross-promotion contact
local_listing,travel-guide-village-ski-shop-angel-fire-colfax,Village Ski Shop,Angel Fire,Colfax,NM,Retail & local goods,True,Hosted profile,https://visitangelfirenm.com/listing/village-ski-shop/,https://visitangelfirenm.com/all-listings/?_listing_directory_pagination=7; https://visitangelfirenm.com/listing/village-ski-shop/; https://visitangelfirenm.com/shopping/?_listing_directory_pagination=2,Contact opportunity: Flyer/poster contact,Not indicated,Not indicated,Contact opportunity: Front-desk referral contact,Listed route: Existing directory profile,Not indicated,Not indicated,Not indicated,Not indicated,Not indicated,Not indicated,Not indicated
local_listing,travel-guide-village-ski-shop-and-ski-rentals-angel-fire-colfax,Village Ski Shop & Ski Rentals,Angel Fire,Colfax,NM,Outdoor recreation,False,Hosted profile,https://angelfirechamber.org/business/village-ski-shop-ski-rentals/,https://angelfirechamber.org/business/category/ski-snowboard-rentals/; https://angelfirechamber.org/business/category/sports-equipment-rentals/; https://angelfirechamber.org/business/village-ski-shop-ski-rentals/,Not indicated,Not indicated,Not indicated,Not indicated,Listed route: Existing directory profile,Contact opportunity: Event calendar contact,Not indicated,Contact opportunity: Newsletter contact,Not indicated,Not indicated,Contact opportunity: Sponsorship contact,Contact opportunity: Cross-promotion contact
local_listing,visit-angel-fire-catering-and-event-service-directory-angel-fire-colfax-catering-and-e,Visit Angel Fire Catering and Event-Service Directory,Angel Fire,Colfax,NM,Food & drink,False,Direct website,https://visitangelfirenm.com/catering/,https://visitangelfirenm.com/catering/,Not indicated,Not indicated,Not indicated,Not indicated,Not indicated,Contact opportunity: Event calendar contact,Not indicated,Not indicated,Not indicated,Not indicated,Contact opportunity: Sponsorship contact,Contact opportunity: Cross-promotion contact
local_listing,travel-guide-weezie-s-wild-rides-angel-fire-colfax,Weezie's Wild Rides,Angel Fire,Colfax,NM,Local business or service,True,Hosted profile,https://visitangelfirenm.com/listing/weezies-wild-rides/,https://visitangelfirenm.com/all-listings/?_listing_directory_pagination=7; https://visitangelfirenm.com/listing/weezies-wild-rides/,Contact opportunity: Flyer/poster contact,Not indicated,Not indicated,Not indicated,Listed route: Existing directory profile,Not indicated,Not indicated,Not indicated,Not indicated,Not indicated,Not indicated,Not indicated
local_listing,travel-guide-wende-woolley-photography-angel-fire-colfax,Wende Woolley Photography,Angel Fire,Colfax,NM,Arts & culture,False,Hosted profile,https://angelfirechamber.org/business/wende-woolley-photography/,https://angelfirechamber.org/business/category/photography/; https://angelfirechamber.org/business/wende-woolley-photography/,Not indicated,Not indicated,Not indicated,Not indicated,Listed route: Existing directory profile,Contact opportunity: Event calendar contact,Not indicated,Contact opportunity: Newsletter contact,Not indicated,Not indicated,Contact opportunity: Sponsorship contact,Contact opportunity: Cross-promotion contact
local_listing,yellowpages-lead-western-union-angel-fire-colfax,Western Union,Angel Fire,Colfax,NM,Local business or service,False,Hosted profile,,https://www.yellowpages.com/angel-fire-nm/business-listings/1,Not indicated,Not indicated,Not indicated,Not indicated,Not indicated,Not indicated,Not indicated,Not indicated,Not indicated,Not indicated,Not indicated,Not indicated
local_listing,travel-guide-whatville-angel-fire-colfax,Whatville,Angel Fire,Colfax,NM,Local business or service,True,Hosted profile,https://visitangelfirenm.com/listing/whatville/,https://visitangelfirenm.com/all-listings/?_listing_directory_pagination=7; https://visitangelfirenm.com/listing/whatville/,Contact opportunity: Flyer/poster contact,Not indicated,Not indicated,Not indicated,Listed route: Existing directory profile,Not indicated,Not indicated,Not indicated,Not indicated,Not indicated,Not indicated,Not indicated
local_listing,travel-guide-winter-sports-angel-fire-colfax,Winter Sports,Angel Fire,Colfax,NM,Retail & local goods,True,Hosted profile,https://angelfirechamber.org/business/winter-sports/,https://angelfirechamber.org/business/category/ski-snowboard-rentals/; https://angelfirechamber.org/business/category/sports-equipment-rentals/; https://angelfirechamber.org/business/winter-sports/; https://visitangelfirenm.com/all-listings/?_listing_directory_pagination=7; https://visitangelfirenm.com/shopping/?_listing_directory_pagination=2,Contact opportunity: Flyer/poster contact,Contact opportunity: Brochure/rack-card contact,Not indicated,Contact opportunity: Front-desk referral contact,Listed route: Existing directory profile,Contact opportunity: Event calendar contact,Not indicated,Contact opportunity: Newsletter contact,Not indicated,Not indicated,Contact opportunity: Sponsorship contact,Contact opportunity: Cross-promotion contact
local_listing,yellowpages-lead-wishes-toy-store-angel-fire-colfax,Wishes The Toy Store,Angel Fire,Colfax,NM,Local business or service,False,Hosted profile,,https://www.yellowpages.com/angel-fire-nm/business-listings/1,Not indicated,Not indicated,Not indicated,Not indicated,Not indicated,Not indicated,Not indicated,Not indicated,Not indicated,Not indicated,Not indicated,Contact opportunity: Cross-promotion contact
local_listing,yellowpages-lead-working-bird-angel-fire-colfax,The Working Bird,Angel Fire,Colfax,NM,Local business or service,False,Hosted profile,,https://www.yellowpages.com/angel-fire-nm/business-listings/1,Not indicated,Not indicated,Not indicated,Not indicated,Not indicated,Not indicated,Not indicated,Not indicated,Not indicated,Not indicated,Not indicated,Not indicated
local_listing,yellowpages-lead-z-mechanical-angel-fire-colfax,Z Mechanical LLC.,Angel Fire,Colfax,NM,Local business or service,False,Hosted profile,,https://www.yellowpages.com/angel-fire-nm/business-listings/1,Not indicated,Not indicated,Not indicated,Not indicated,Not indicated,Not indicated,Not indicated,Not indicated,Not indicated,Not indicated,Not indicated,Contact opportunity: Cross-promotion contact
local_listing,travel-guide-zeb-s-restaurant-and-bar-angel-fire-colfax,Zeb's Restaurant and Bar,Angel Fire,Colfax,NM,Food & drink,True,Hosted profile,https://visitangelfirenm.com/listing/zebs-restaurant-and-bar/,https://visitangelfirenm.com/all-listings/?_listing_directory_pagination=7; https://visitangelfirenm.com/dining/?_listing_directory_pagination=2; https://visitangelfirenm.com/listing/zebs-restaurant-and-bar/; https://www.yellowpages.com/angel-fire-nm/business-listings/1,Contact opportunity: Flyer/poster contact,Not indicated,Not indicated,Contact opportunity: Front-desk referral contact,Listed route: Existing directory profile,Not indicated,Not indicated,Not indicated,Not indicated,Not indicated,Not indicated,Not indicated
local_listing,travel-guide-zia-bar-angel-fire-colfax,Zia Bar,Angel Fire,Colfax,NM,Food & drink,True,Hosted profile,https://visitangelfirenm.com/listing/zia-bar/,https://visitangelfirenm.com/all-listings/?_listing_directory_pagination=7; https://visitangelfirenm.com/dining/?_listing_directory_pagination=2; https://visitangelfirenm.com/listing/zia-bar/,Contact opportunity: Flyer/poster contact,Not indicated,Not indicated,Contact opportunity: Front-desk referral contact,Listed route: Existing directory profile,Not indicated,Not indicated,Not indicated,Not indicated,Not indicated,Not indicated,Not indicated
local_listing,casa-del-gavilan-historic-inn-colfax-lodging,Casa del Gavilan Historic Inn,Cimarron,Colfax,NM,Lodging & stays,False,Direct website,https://casadelgavilan.com,https://casadelgavilan.com,Not indicated,Not indicated,Not indicated,Not indicated,Not indicated,Not indicated,Not indicated,Not indicated,Not indicated,Not indicated,Not indicated,Not indicated
local_listing,yellowpages-lead-cimarron-high-school-cimarron-colfax,Cimarron High School,Cimarron,Colfax,NM,Education & learning,False,Hosted profile,,https://www.yellowpages.com/cimarron-nm,Not indicated,Not indicated,Not indicated,Not indicated,Not indicated,Not indicated,Not indicated,Not indicated,Not indicated,Not indicated,Not indicated,Not indicated
local_listing,yellowpages-lead-cimarron-mercantile-cimarron-colfax,Cimarron Mercantile,Cimarron,Colfax,NM,Retail & local goods,False,Hosted profile,,https://www.yellowpages.com/cimarron-nm,Not indicated,Not indicated,Not indicated,Not indicated,Not indicated,Not indicated,Not indicated,Not indicated,Not indicated,Not indicated,Not indicated,Not indicated
local_listing,yellowpages-lead-cimarron-municipal-court-cimarron-colfax,Cimarron Municipal Court,Cimarron,Colfax,NM,Public offices,False,Hosted profile,,https://www.yellowpages.com/cimarron-nm,Not indicated,Not indicated,Not indicated,Not indicated,Not indicated,Not indicated,Not indicated,Not indicated,Not indicated,Not indicated,Not indicated,Not indicated
local_listing,yellowpages-lead-cimarron-police-department-cimarron-colfax,Cimarron Police Department,Cimarron,Colfax,NM,Local business or service,False,Hosted profile,,https://www.yellowpages.com/cimarron-nm,Not indicated,Not indicated,Not indicated,Not indicated,Not indicated,Not indicated,Not indicated,Not indicated,Not indicated,Not indicated,Not indicated,Not indicated
local_listing,yellowpages-lead-express-st-james-hotel-cimarron-colfax,Express St James Hotel,Cimarron,Colfax,NM,Lodging & stays,False,Hosted profile,,https://www.yellowpages.com/cimarron-nm,Not indicated,Not indicated,Not indicated,Not indicated,Not indicated,Not indicated,Not indicated,Not indicated,Not indicated,Not indicated,Not indicated,Not indicated
local_listing,yellowpages-lead-hikers-coffee-cimarron-colfax,Hikers Coffee Co,Cimarron,Colfax,NM,Food & drink,False,Hosted profile,,https://www.yellowpages.com/cimarron-nm,Not indicated,Not indicated,Not indicated,Not indicated,Not indicated,Not indicated,Not indicated,Not indicated,Not indicated,Not indicated,Not indicated,Not indicated
local_listing,yellowpages-lead-jesusita-s-salsa-fresca-cimarron-colfax,Jesusita's Salsa Fresca,Cimarron,Colfax,NM,Local business or service,False,Hosted profile,,https://www.yellowpages.com/cimarron-nm,Not indicated,Not indicated,Not indicated,Not indicated,Not indicated,Not indicated,Not indicated,Not indicated,Not indicated,Not indicated,Not indicated,Not indicated
local_listing,old-mill-museum-colfax-arts-culture,Old Mill Museum,Cimarron,Colfax,NM,Arts & culture,False,No online link,,,Not indicated,Not indicated,Not indicated,Not indicated,Not indicated,Not indicated,Not indicated,Not indicated,Not indicated,Not indicated,Not indicated,Not indicated
local_listing,yellowpages-lead-poppa-thom-s-kit-carson-rstrnt-cimarron-colfax,Poppa Thom's Kit Carson RSTRNT,Cimarron,Colfax,NM,Local business or service,False,Hosted profile,,https://www.yellowpages.com/cimarron-nm,Not indicated,Not indicated,Not indicated,Not indicated,Not indicated,Not indicated,Not indicated,Not indicated,Not indicated,Not indicated,Not indicated,Not indicated
local_listing,yellowpages-lead-russell-s-corporate-office-cimarron-colfax,Russell's Inc Corporate Office,Cimarron,Colfax,NM,Local business or service,False,Hosted profile,,https://www.yellowpages.com/cimarron-nm,Not indicated,Not indicated,Not indicated,Not indicated,Not indicated,Not indicated,Not indicated,Not indicated,Not indicated,Not indicated,Not indicated,Not indicated
local_listing,yellowpages-lead-saint-james-hotel-restaurant-cimarron-colfax,Saint James Hotel & Restaurant,Cimarron,Colfax,NM,Lodging & stays,False,Hosted profile,,https://www.yellowpages.com/cimarron-nm,Not indicated,Not indicated,Not indicated,Not indicated,Not indicated,Not indicated,Not indicated,Not indicated,Not indicated,Not indicated,Not indicated,Not indicated
local_listing,st-james-hotel-colfax-lodging-food,St. James Hotel,Cimarron,Colfax,NM,Lodging & stays,False,Direct website,https://exstjames.com,https://exstjames.com,Not indicated,Not indicated,Not indicated,Not indicated,Not indicated,Not indicated,Not indicated,Not indicated,Not indicated,Not indicated,Not indicated,Not indicated
local_listing,yellowpages-lead-united-states-postal-service-cimarron-colfax,United States Postal Service,Cimarron,Colfax,NM,Local business or service,False,Hosted profile,,https://www.yellowpages.com/cimarron-nm,Not indicated,Not indicated,Not indicated,Not indicated,Not indicated,Not indicated,Not indicated,Not indicated,Not indicated,Not indicated,Not indicated,Contact opportunity: Cross-promotion contact
local_listing,america-west-ranches-homes-land-colfax-real-estate,"America West Ranches, Homes & Land",Eagle Nest,Colfax,NM,Professional services,True,Hosted profile,,https://www.eaglenest.org/water_waste_water/businessdirectory,Not indicated,Not indicated,Not indicated,Not indicated,Not indicated,Not indicated,Not indicated,Not indicated,Not indicated,Not indicated,Not indicated,Not indicated
local_listing,angel-nest-rv-retreat-colfax-lodging,Angel Nest RV Retreat,Eagle Nest,Colfax,NM,Lodging & stays,False,Contact only,,,Not indicated,Not indicated,Not indicated,Not indicated,Not indicated,Not indicated,Not indicated,Not indicated,Not indicated,Not indicated,Not indicated,Not indicated
local_listing,angel-s-attic-colfax-retail,Angel's Attic,Eagle Nest,Colfax,NM,Retail & local goods,True,Contact only,,,Contact opportunity: Flyer/poster contact,Not indicated,Not indicated,Contact opportunity: Front-desk referral contact,Not indicated,Not indicated,Not indicated,Not indicated,Not indicated,Not indicated,Not indicated,Not indicated
local_listing,travel-guide-baird-s-woodshop-eagle-nest-colfax,Baird's Woodshop,Eagle Nest,Colfax,NM,"Home, land & contracting",True,Hosted profile,,https://www.eaglenest.org/water_waste_water/businessdirectory,Not indicated,Not indicated,Not indicated,Contact opportunity: Front-desk referral contact,Listed route: Existing directory profile,Not indicated,Not indicated,Not indicated,Not indicated,Not indicated,Not indicated,Not indicated
local_listing,yellowpages-lead-calamity-jane-s-eagle-nest-colfax,Calamity Jane's,Eagle Nest,Colfax,NM,Local business or service,False,Hosted profile,,https://www.yellowpages.com/eagle-nest-nm,Not indicated,Not indicated,Not indicated,Not indicated,Not indicated,Not indicated,Not indicated,Not indicated,Not indicated,Not indicated,Not indicated,Not indicated
local_listing,travel-guide-cowboys-corner-eagle-nest-colfax,Cowboys Corner,Eagle Nest,Colfax,NM,Local business or service,True,Hosted profile,,https://www.eaglenest.org/water_waste_water/businessdirectory,Not indicated,Not indicated,Not indicated,Not indicated,Listed route: Existing directory profile,Not indicated,Not indicated,Not indicated,Not indicated,Not indicated,Not indicated,Not indicated
local_listing,d-b-mercantile-sweet-shop-colfax-retail-sweets,D&B Mercantile & Sweet Shop,Eagle Nest,Colfax,NM,Retail & local goods,True,Contact only,,,Contact opportunity: Flyer/poster contact,Not indicated,Not indicated,Contact opportunity: Front-desk referral contact,Not indicated,Not indicated,Not indicated,Not indicated,Not indicated,Not indicated,Not indicated,Not indicated
local_listing,dos-amigos-fly-shop-tackle-colfax-recreation-services,Dos Amigos Fly Shop & Tackle,Eagle Nest,Colfax,NM,Outdoor recreation,True,Contact only,,,Contact opportunity: Flyer/poster contact,Not indicated,Not indicated,Contact opportunity: Front-desk referral contact,Not indicated,Not indicated,Not indicated,Not indicated,Not indicated,Not indicated,Not indicated,Not indicated
local_listing,eagle-nest-cabins-marina-colfax-lodging-recreation,Eagle Nest Cabins & Marina,Eagle Nest,Colfax,NM,Lodging & stays,True,Hosted profile,,https://www.eaglenest.org/water_waste_water/businessdirectory,Contact opportunity: Flyer/poster contact,Contact opportunity: Brochure/rack-card contact,Not indicated,Contact opportunity: Front-desk referral contact,Not indicated,Not indicated,Not indicated,Not indicated,Not indicated,Not indicated,Not indicated,Not indicated
local_listing,eagle-nest-fly-shack-lodge-colfax-lodging-recreation,Eagle Nest Fly Shack & Lodge,Eagle Nest,Colfax,NM,Lodging & stays,True,Contact only,,,Contact opportunity: Flyer/poster contact,Contact opportunity: Brochure/rack-card contact,Not indicated,Contact opportunity: Front-desk referral contact,Not indicated,Not indicated,Not indicated,Not indicated,Not indicated,Not indicated,Not indicated,Not indicated
local_listing,eagle-nest-mercantile-colfax-retail,Eagle Nest Mercantile,Eagle Nest,Colfax,NM,Arts & culture,True,Direct website,https://www.eaglenestmercantile.com,https://angelfirechamber.org/business/category/artists-galleries-studios/; https://angelfirechamber.org/business/category/gift-shops/; https://angelfirechamber.org/business/eagle-nest-mercantile/,Contact opportunity: Flyer/poster contact,Contact opportunity: Brochure/rack-card contact,Not indicated,Contact opportunity: Front-desk referral contact,Listed route: Existing directory profile,Contact opportunity: Event calendar contact,Not indicated,Contact opportunity: Newsletter contact,Not indicated,Not indicated,Contact opportunity: Sponsorship contact,Contact opportunity: Cross-promotion contact
local_listing,travel-guide-eagle-nest-trailer-court-eagle-nest-colfax,Eagle Nest Trailer Court,Eagle Nest,Colfax,NM,Outdoor recreation,True,Hosted profile,,https://www.eaglenest.org/water_waste_water/businessdirectory,Contact opportunity: Flyer/poster contact,Not indicated,Not indicated,Not indicated,Listed route: Existing directory profile,Not indicated,Not indicated,Not indicated,Not indicated,Not indicated,Not indicated,Not indicated
local_listing,yellowpages-lead-econo-lodge-eagle-nest-colfax,Econo Lodge,Eagle Nest,Colfax,NM,Lodging & stays,False,Hosted profile,,https://www.yellowpages.com/eagle-nest-nm,Not indicated,Not indicated,Not indicated,Not indicated,Not indicated,Not indicated,Not indicated,Not indicated,Not indicated,Not indicated,Not indicated,Not indicated
local_listing,epic-bites-colfax-food-beverage,EPIC BITES,Eagle Nest,Colfax,NM,Food & drink,True,Hosted profile,,https://www.eaglenest.org/water_waste_water/businessdirectory,Contact opportunity: Flyer/poster contact,Not indicated,Not indicated,Contact opportunity: Front-desk referral contact,Not indicated,Not indicated,Not indicated,Not indicated,Not indicated,Not indicated,Not indicated,Not indicated
local_listing,golden-eagle-rv-resort-grille-colfax-lodging-food,Golden Eagle RV Resort & Grille,Eagle Nest,Colfax,NM,Lodging & stays,True,Contact only,,,Contact opportunity: Flyer/poster contact,Contact opportunity: Brochure/rack-card contact,Not indicated,Contact opportunity: Front-desk referral contact,Not indicated,Not indicated,Not indicated,Not indicated,Not indicated,Not indicated,Not indicated,Not indicated
local_listing,travel-guide-holly-s-eagle-nest-vacation-rental-eagle-nest-colfax,Holly's Eagle Nest Vacation Rental,Eagle Nest,Colfax,NM,Lodging & stays,True,Hosted profile,,https://www.eaglenest.org/water_waste_water/businessdirectory,Contact opportunity: Flyer/poster contact,Not indicated,Not indicated,Contact opportunity: Front-desk referral contact,Listed route: Existing directory profile,Not indicated,Not indicated,Not indicated,Not indicated,Not indicated,Not indicated,Not indicated
local_listing,travel-guide-jewelry-lady-eagle-nest-colfax,The Jewelry Lady,Eagle Nest,Colfax,NM,Arts & culture,True,Hosted profile,,https://www.eaglenest.org/water_waste_water/businessdirectory,Not indicated,Not indicated,Not indicated,Not indicated,Listed route: Existing directory profile,Not indicated,Not indicated,Not indicated,Not indicated,Not indicated,Not indicated,Not indicated
local_listing,kaw-lija-s-restaurant-ice-cream-shoppe-colfax-food-beverage,Kaw-Lija's Restaurant & Ice Cream Shoppe,Eagle Nest,Colfax,NM,Food & drink,True,Contact only,,,Contact opportunity: Flyer/poster contact,Not indicated,Not indicated,Contact opportunity: Front-desk referral contact,Not indicated,Not indicated,Not indicated,Not indicated,Not indicated,Not indicated,Not indicated,Not indicated
local_listing,travel-guide-kite-construction-eagle-nest-colfax,Kite Construction,Eagle Nest,Colfax,NM,"Home, land & contracting",True,Hosted profile,,https://www.eaglenest.org/water_waste_water/businessdirectory,Not indicated,Not indicated,Not indicated,Not indicated,Listed route: Existing directory profile,Not indicated,Not indicated,Not indicated,Not indicated,Not indicated,Not indicated,Not indicated
local_listing,laguna-vista-lodge-saloon-colfax-lodging-food,Laguna Vista Lodge & Saloon,Eagle Nest,Colfax,NM,Lodging & stays,True,Contact only,,,Contact opportunity: Flyer/poster contact,Contact opportunity: Brochure/rack-card contact,Not indicated,Contact opportunity: Front-desk referral contact,Not indicated,Not indicated,Not indicated,Not indicated,Not indicated,Not indicated,Not indicated,Not indicated
local_listing,yellowpages-lead-lake-view-country-kitchen-eagle-nest-colfax,Lake View Country Kitchen,Eagle Nest,Colfax,NM,Local business or service,False,Hosted profile,,https://www.yellowpages.com/eagle-nest-nm,Not indicated,Not indicated,Not indicated,Not indicated,Not indicated,Not indicated,Not indicated,Not indicated,Not indicated,Not indicated,Not indicated,Not indicated
local_listing,travel-guide-owner-anita-ramsey-curtis-schultz-eagle-nest-colfax,Owner: Anita Ramsey/Curtis Schultz,Eagle Nest,Colfax,NM,Local business or service,True,Hosted profile,,https://www.eaglenest.org/water_waste_water/businessdirectory,Not indicated,Not indicated,Not indicated,Not indicated,Listed route: Existing directory profile,Not indicated,Not indicated,Not indicated,Not indicated,Not indicated,Not indicated,Not indicated
local_listing,travel-guide-owner-bert-clemens-eagle-nest-colfax,Owner: Bert Clemens,Eagle Nest,Colfax,NM,Local business or service,True,Hosted profile,,https://www.eaglenest.org/water_waste_water/businessdirectory,Not indicated,Not indicated,Not indicated,Not indicated,Listed route: Existing directory profile,Not indicated,Not indicated,Not indicated,Not indicated,Not indicated,Not indicated,Not indicated
local_listing,travel-guide-owner-bob-doviak-eagle-nest-colfax,Owner: Bob Doviak,Eagle Nest,Colfax,NM,Local business or service,True,Hosted profile,,https://www.eaglenest.org/water_waste_water/businessdirectory,Not indicated,Not indicated,Not indicated,Not indicated,Listed route: Existing directory profile,Not indicated,Not indicated,Not indicated,Not indicated,Not indicated,Not indicated,Not indicated
local_listing,travel-guide-owner-david-fitzpatrick-eagle-nest-colfax,Owner: David Fitzpatrick,Eagle Nest,Colfax,NM,Local business or service,True,Hosted profile,,https://www.eaglenest.org/water_waste_water/businessdirectory,Not indicated,Not indicated,Not indicated,Not indicated,Listed route: Existing directory profile,Not indicated,Not indicated,Not indicated,Not indicated,Not indicated,Not indicated,Not indicated
local_listing,travel-guide-owner-elden-and-mary-berglund-eagle-nest-colfax,Owner: Elden & Mary Berglund,Eagle Nest,Colfax,NM,Local business or service,True,Hosted profile,,https://www.eaglenest.org/water_waste_water/businessdirectory,Not indicated,Not indicated,Not indicated,Not indicated,Listed route: Existing directory profile,Not indicated,Not indicated,Not indicated,Not indicated,Not indicated,Not indicated,Not indicated
local_listing,travel-guide-owner-glenda-lenz-eagle-nest-colfax,Owner: Glenda Lenz,Eagle Nest,Colfax,NM,Local business or service,True,Hosted profile,,https://www.eaglenest.org/water_waste_water/businessdirectory,Not indicated,Not indicated,Not indicated,Not indicated,Listed route: Existing directory profile,Not indicated,Not indicated,Not indicated,Not indicated,Not indicated,Not indicated,Not indicated
local_listing,travel-guide-owner-jessica-duke-eagle-nest-colfax,Owner: Jessica Duke,Eagle Nest,Colfax,NM,Local business or service,True,Hosted profile,,https://www.eaglenest.org/water_waste_water/businessdirectory,Not indicated,Not indicated,Not indicated,Not indicated,Listed route: Existing directory profile,Not indicated,Not indicated,Not indicated,Not indicated,Not indicated,Not indicated,Not indicated
local_listing,travel-guide-owner-kai-and-daniel-marcy-eagle-nest-colfax,Owner: Kai & Daniel Marcy,Eagle Nest,Colfax,NM,Local business or service,True,Hosted profile,,https://www.eaglenest.org/water_waste_water/businessdirectory,Not indicated,Not indicated,Not indicated,Not indicated,Listed route: Existing directory profile,Not indicated,Not indicated,Not indicated,Not indicated,Not indicated,Not indicated,Not indicated
local_listing,travel-guide-owner-lisa-and-nathan-karceynski-eagle-nest-colfax,Owner: Lisa & Nathan Karceynski,Eagle Nest,Colfax,NM,Local business or service,True,Hosted profile,,https://www.eaglenest.org/water_waste_water/businessdirectory,Not indicated,Not indicated,Not indicated,Not indicated,Listed route: Existing directory profile,Not indicated,Not indicated,Not indicated,Not indicated,Not indicated,Not indicated,Not indicated
local_listing,travel-guide-owner-ryan-hodge-eagle-nest-colfax,Owner: Ryan Hodge,Eagle Nest,Colfax,NM,Local business or service,True,Hosted profile,,https://www.eaglenest.org/water_waste_water/businessdirectory,Not indicated,Not indicated,Not indicated,Not indicated,Listed route: Existing directory profile,Not indicated,Not indicated,Not indicated,Not indicated,Not indicated,Not indicated,Not indicated
local_listing,travel-guide-owner-steve-hefner-eagle-nest-colfax,Owner: Steve Hefner,Eagle Nest,Colfax,NM,Local business or service,True,Hosted profile,,https://www.eaglenest.org/water_waste_water/businessdirectory,Not indicated,Not indicated,Not indicated,Not indicated,Listed route: Existing directory profile,Not indicated,Not indicated,Not indicated,Not indicated,Not indicated,Not indicated,Not indicated
local_listing,travel-guide-owner-timothy-urtiaga-eagle-nest-colfax,Owner: Timothy Urtiaga,Eagle Nest,Colfax,NM,Local business or service,True,Hosted profile,,https://www.eaglenest.org/water_waste_water/businessdirectory,Not indicated,Not indicated,Not indicated,Not indicated,Listed route: Existing directory profile,Not indicated,Not indicated,Not indicated,Not indicated,Not indicated,Not indicated,Not indicated
local_listing,travel-guide-restoring-balance-eagle-nest-colfax,Restoring Balance,Eagle Nest,Colfax,NM,Health & wellness,True,Hosted profile,,https://www.eaglenest.org/water_waste_water/businessdirectory,Not indicated,Not indicated,Not indicated,Not indicated,Listed route: Existing directory profile,Not indicated,Not indicated,Not indicated,Not indicated,Not indicated,Not indicated,Not indicated
local_listing,travel-guide-spirit-wind-gallery-eagle-nest-colfax,Spirit Wind Gallery,Eagle Nest,Colfax,NM,Arts & culture,True,Hosted profile,,https://www.eaglenest.org/water_waste_water/businessdirectory,Contact opportunity: Flyer/poster contact,Contact opportunity: Brochure/rack-card contact,Not indicated,Contact opportunity: Front-desk referral contact,Listed route: Existing directory profile,Not indicated,Not indicated,Not indicated,Not indicated,Not indicated,Not indicated,Contact opportunity: Cross-promotion contact
local_listing,thai-angel-restaurant-colfax-food-beverage,Thai Angel Restaurant,Eagle Nest,Colfax,NM,Food & drink,True,Contact only,,,Contact opportunity: Flyer/poster contact,Not indicated,Not indicated,Contact opportunity: Front-desk referral contact,Not indicated,Not indicated,Not indicated,Not indicated,Not indicated,Not indicated,Not indicated,Not indicated
local_listing,ultra-health-dispensary-colfax-retail,Ultra Health Dispensary,Eagle Nest,Colfax,NM,Retail & local goods,True,Contact only,,,Contact opportunity: Flyer/poster contact,Not indicated,Not indicated,Contact opportunity: Front-desk referral contact,Not indicated,Not indicated,Not indicated,Not indicated,Not indicated,Not indicated,Not indicated,Not indicated
local_listing,travel-guide-111-park-espresso-bar-raton-colfax,111 Park Espresso Bar,Raton,Colfax,NM,Food & drink,False,Hosted profile,https://www.facebook.com/111Park/,https://www.exploreraton.com/eat; https://www.facebook.com/111Park/; https://www.yellowpages.com/raton-nm/business-listings/1,Not indicated,Not indicated,Not indicated,Not indicated,Not indicated,Not indicated,Contact opportunity: Social-sharing contact,Not indicated,Not indicated,Not indicated,Not indicated,Contact opportunity: Cross-promotion contact
local_listing,yellowpages-lead-87-express-raton-colfax,87 Express,Raton,Colfax,NM,Local business or service,False,Hosted profile,,https://www.yellowpages.com/raton-nm/business-listings/1,Not indicated,Not indicated,Not indicated,Not indicated,Not indicated,Not indicated,Not indicated,Not indicated,Not indicated,Not indicated,Not indicated,Not indicated
local_listing,yellowpages-lead-a-cut-above-raton-colfax,A Cut Above,Raton,Colfax,NM,Local business or service,False,Hosted profile,,https://www.yellowpages.com/raton-nm/business-listings/1,Not indicated,Not indicated,Not indicated,Not indicated,Not indicated,Not indicated,Not indicated,Not indicated,Not indicated,Not indicated,Not indicated,Not indicated
local_listing,yellowpages-lead-a-m-repair-raton-colfax,A & M Repair Co,Raton,Colfax,NM,Local business or service,False,Hosted profile,,https://www.yellowpages.com/raton-nm/business-listings/1,Not indicated,Not indicated,Not indicated,Not indicated,Not indicated,Not indicated,Not indicated,Not indicated,Not indicated,Not indicated,Not indicated,Contact opportunity: Cross-promotion contact
local_listing,travel-guide-alfonso-s-mexican-food-raton-colfax,Alfonso's Mexican Food,Raton,Colfax,NM,Food & drink,False,Hosted profile,https://www.facebook.com/pages/category/Mexican-Restaurant/Alfonsos-Mexican-Food-304976819884382/,https://www.exploreraton.com/eat; https://www.facebook.com/pages/category/Mexican-Restaurant/Alfonsos-Mexican-Food-304976819884382/; https://www.yellowpages.com/raton-nm/business-listings/1,Not indicated,Not indicated,Not indicated,Not indicated,Not indicated,Not indicated,Contact opportunity: Social-sharing contact,Not indicated,Not indicated,Not indicated,Not indicated,Contact opportunity: Cross-promotion contact
local_listing,travel-guide-all-seasons-gift-shop-raton-colfax,All Seasons Gift Shop,Raton,Colfax,NM,Retail & local goods,False,Hosted profile,,https://www.exploreraton.com/shop,Not indicated,Not indicated,Not indicated,Not indicated,Not indicated,Not indicated,Not indicated,Not indicated,Not indicated,Not indicated,Not indicated,Not indicated
local_listing,yellowpages-lead-allegiant-electric-raton-colfax,Allegiant Electric,Raton,Colfax,NM,"Home, land & contracting",False,Hosted profile,,https://www.yellowpages.com/raton-nm/business-listings/1,Not indicated,Not indicated,Not indicated,Not indicated,Not indicated,Not indicated,Not indicated,Not indicated,Not indicated,Not indicated,Contact opportunity: Sponsorship contact,Contact opportunity: Cross-promotion contact
local_listing,yellowpages-lead-alta-convenience-raton-colfax,Alta Convenience,Raton,Colfax,NM,Local business or service,False,Hosted profile,,https://www.yellowpages.com/raton-nm/business-listings/1,Not indicated,Not indicated,Not indicated,Not indicated,Not indicated,Not indicated,Not indicated,Not indicated,Not indicated,Not indicated,Not indicated,Contact opportunity: Cross-promotion contact
local_listing,travel-guide-altalune-metaphysical-raton-colfax,Altalune Metaphysical,Raton,Colfax,NM,Retail & local goods,False,Hosted profile,https://www.facebook.com/dancingeaglegifts/,https://www.exploreraton.com/shop; https://www.facebook.com/dancingeaglegifts/,Not indicated,Not indicated,Not indicated,Not indicated,Not indicated,Not indicated,Contact opportunity: Social-sharing contact,Not indicated,Not indicated,Not indicated,Not indicated,Contact opportunity: Cross-promotion contact
local_listing,yellowpages-lead-american-legion-raton-colfax,American Legion,Raton,Colfax,NM,Local business or service,False,Hosted profile,,https://www.yellowpages.com/raton-nm/business-listings/1,Not indicated,Not indicated,Not indicated,Not indicated,Not indicated,Not indicated,Not indicated,Not indicated,Not indicated,Not indicated,Not indicated,Not indicated
local_listing,yellowpages-lead-amtrak-raton-colfax,Amtrak,Raton,Colfax,NM,Local business or service,False,Hosted profile,,https://www.yellowpages.com/raton-nm/business-listings/1,Not indicated,Not indicated,Not indicated,Not indicated,Not indicated,Not indicated,Not indicated,Not indicated,Not indicated,Not indicated,Not indicated,Not indicated
local_listing,yellowpages-lead-anthony-s-jewelers-raton-colfax,Anthony's Jewelers,Raton,Colfax,NM,Local business or service,False,Hosted profile,,https://www.yellowpages.com/raton-nm/business-listings/1,Not indicated,Not indicated,Not indicated,Not indicated,Not indicated,Not indicated,Not indicated,Not indicated,Not indicated,Not indicated,Not indicated,Not indicated
local_listing,travel-guide-arby-s-raton-colfax,Arby's,Raton,Colfax,NM,Food & drink,False,Direct website,https://locations.arbys.com/nm/raton/415-clayton-hwy.html,https://locations.arbys.com/nm/raton/415-clayton-hwy.html; https://www.exploreraton.com/eat,Not indicated,Not indicated,Not indicated,Not indicated,Not indicated,Not indicated,Not indicated,Not indicated,Not indicated,Not indicated,Not indicated,Not indicated
local_listing,travel-guide-art-of-snacks-raton-colfax,The Art of Snacks,Raton,Colfax,NM,Food & drink,False,Hosted profile,https://www.facebook.com/theartofsnacks/,https://www.exploreraton.com/eat; https://www.facebook.com/theartofsnacks/,Not indicated,Not indicated,Not indicated,Not indicated,Not indicated,Not indicated,Contact opportunity: Social-sharing contact,Not indicated,Not indicated,Not indicated,Not indicated,Contact opportunity: Cross-promotion contact
local_listing,yellowpages-lead-arthur-rolloff-raton-colfax,Arthur Rolloff Inc,Raton,Colfax,NM,Local business or service,False,Hosted profile,,https://www.yellowpages.com/raton-nm/business-listings/1,Not indicated,Not indicated,Not indicated,Not indicated,Not indicated,Not indicated,Not indicated,Not indicated,Not indicated,Not indicated,Not indicated,Not indicated
local_listing,yellowpages-lead-asian-buffet-raton-colfax,Asian Buffet,Raton,Colfax,NM,Local business or service,False,Hosted profile,,https://www.yellowpages.com/raton-nm/business-listings/1,Not indicated,Not indicated,Not indicated,Not indicated,Not indicated,Not indicated,Not indicated,Not indicated,Not indicated,Not indicated,Not indicated,Not indicated
local_listing,yellowpages-lead-autozone-auto-parts-raton-colfax,AutoZone Auto Parts,Raton,Colfax,NM,Auto & transportation,False,Hosted profile,,https://www.yellowpages.com/raton-nm/business-listings/1,Not indicated,Not indicated,Not indicated,Not indicated,Not indicated,Not indicated,Not indicated,Not indicated,Not indicated,Not indicated,Contact opportunity: Sponsorship contact,Not indicated
local_listing,travel-guide-aztec-mill-museum-raton-colfax,Aztec Mill Museum,Raton,Colfax,NM,Arts & culture,False,Hosted profile,,https://www.exploreraton.com/history,Not indicated,Not indicated,Not indicated,Not indicated,Not indicated,Not indicated,Not indicated,Not indicated,Not indicated,Not indicated,Not indicated,Contact opportunity: Cross-promotion contact
local_listing,yellowpages-lead-b-t-u-block-concrete-raton-colfax,B T U-- Block & Concrete Inc--,Raton,Colfax,NM,Local business or service,False,Hosted profile,,https://www.yellowpages.com/raton-nm/business-listings/1,Not indicated,Not indicated,Not indicated,Not indicated,Not indicated,Not indicated,Not indicated,Not indicated,Not indicated,Not indicated,Not indicated,Not indicated
local_listing,bank-of-america-colfax-banking,Bank of America,Raton,Colfax,NM,Professional services,False,Contact only,,,Not indicated,Not indicated,Not indicated,Not indicated,Not indicated,Not indicated,Not indicated,Not indicated,Not indicated,Not indicated,Not indicated,Not indicated
local_listing,yellowpages-lead-banks-starling-holdings-raton-colfax,Banks & Starling Holdings,Raton,Colfax,NM,Local business or service,False,Hosted profile,,https://www.yellowpages.com/raton-nm/business-listings/1,Not indicated,Not indicated,Not indicated,Not indicated,Not indicated,Not indicated,Not indicated,Not indicated,Not indicated,Not indicated,Contact opportunity: Sponsorship contact,Contact opportunity: Cross-promotion contact
local_listing,best-western-plus-raton-hotel-colfax-lodging,Best Western Plus Raton Hotel,Raton,Colfax,NM,Lodging & stays,True,Contact only,,,Contact opportunity: Flyer/poster contact,Contact opportunity: Brochure/rack-card contact,Not indicated,Contact opportunity: Front-desk referral contact,Not indicated,Not indicated,Not indicated,Not indicated,Not indicated,Not indicated,Not indicated,Not indicated
local_listing,travel-guide-blu-dragonfly-brewing-raton-colfax,Blu Dragonfly Brewing,Raton,Colfax,NM,Food & drink,False,Hosted profile,https://www.facebook.com/bludragonflybrewing/,https://www.exploreraton.com/eat; https://www.facebook.com/bludragonflybrewing/,Not indicated,Not indicated,Not indicated,Not indicated,Not indicated,Not indicated,Contact opportunity: Social-sharing contact,Not indicated,Not indicated,Not indicated,Not indicated,Contact opportunity: Cross-promotion contact
local_listing,yellowpages-lead-blue-persuasion-by-crystal-raton-colfax,BLUE PERSUASION by Crystal,Raton,Colfax,NM,Local business or service,False,Hosted profile,,https://www.yellowpages.com/raton-nm/business-listings/1,Not indicated,Not indicated,Not indicated,Not indicated,Not indicated,Not indicated,Not indicated,Not indicated,Not indicated,Not indicated,Not indicated,Not indicated
local_listing,yellowpages-lead-bogg-s-machine-supply-raton-colfax,Bogg's Machine & Supply,Raton,Colfax,NM,Local business or service,False,Hosted profile,,https://www.yellowpages.com/raton-nm/business-listings/1,Not indicated,Not indicated,Not indicated,Not indicated,Not indicated,Not indicated,Not indicated,Not indicated,Not indicated,Not indicated,Not indicated,Not indicated
local_listing,yellowpages-lead-bonnee-s-unisex-styling-salon-raton-colfax,Bonnee's Unisex Styling Salon,Raton,Colfax,NM,Health & wellness,False,Hosted profile,,https://www.yellowpages.com/raton-nm/business-listings/1,Not indicated,Not indicated,Not indicated,Not indicated,Not indicated,Not indicated,Not indicated,Not indicated,Not indicated,Not indicated,Not indicated,Not indicated
local_listing,bruno-s-pizza-wings-colfax-food-beverage,Bruno's Pizza & Wings,Raton,Colfax,NM,Food & drink,True,Direct website,http://www.brunospizzaraton.com/,http://www.brunospizzaraton.com/; https://www.exploreraton.com/eat; https://www.yellowpages.com/raton-nm/business-listings/1,Contact opportunity: Flyer/poster contact,Not indicated,Not indicated,Contact opportunity: Front-desk referral contact,Not indicated,Not indicated,Not indicated,Not indicated,Not indicated,Not indicated,Not indicated,Not indicated
local_listing,yellowpages-lead-budget-host-raton-colfax,Budget Host,Raton,Colfax,NM,Local business or service,False,Hosted profile,,https://www.yellowpages.com/raton-nm/business-listings/1,Not indicated,Not indicated,Not indicated,Not indicated,Not indicated,Not indicated,Not indicated,Not indicated,Not indicated,Not indicated,Not indicated,Not indicated
local_listing,travel-guide-buffalo-chip-raton-colfax,Buffalo Chip,Raton,Colfax,NM,Retail & local goods,False,Hosted profile,https://www.facebook.com/HighCountryMeatsNM/,https://www.exploreraton.com/shop; https://www.facebook.com/HighCountryMeatsNM/,Not indicated,Not indicated,Not indicated,Not indicated,Not indicated,Not indicated,Contact opportunity: Social-sharing contact,Not indicated,Not indicated,Not indicated,Not indicated,Contact opportunity: Cross-promotion contact
local_listing,travel-guide-capulin-volcano-national-monument-raton-colfax,Capulin Volcano National Monument,Raton,Colfax,NM,Outdoor recreation,False,Hosted profile,https://www.newmexico.org/listing/capulin-volcano-national-monument/2548/,https://www.newmexico.org/listing/capulin-volcano-national-monument/2548/; https://www.newmexico.org/places-to-visit/regions/northeast/raton/,Not indicated,Not indicated,Not indicated,Not indicated,Listed route: Existing directory profile,Not indicated,Not indicated,Not indicated,Not indicated,Not indicated,Not indicated,Not indicated
local_listing,carl-swanson-gallery-colfax-painter-gallery,Carl Swanson Gallery,Raton,Colfax,NM,Arts & culture,True,Direct website,https://carlswansongallery.com,https://www.exploreraton.com/arts-culture,Contact opportunity: Flyer/poster contact,Contact opportunity: Brochure/rack-card contact,Not indicated,Contact opportunity: Front-desk referral contact,Not indicated,Not indicated,Not indicated,Not indicated,Not indicated,Not indicated,Not indicated,Contact opportunity: Cross-promotion contact
local_listing,travel-guide-carries-honey-and-more-raton-colfax,Carries Honey & More,Raton,Colfax,NM,Retail & local goods,False,Hosted profile,https://www.facebook.com/p/Carries-Honey-More-Store-100029668246956/,https://www.exploreraton.com/shop; https://www.facebook.com/p/Carries-Honey-More-Store-100029668246956/,Not indicated,Not indicated,Not indicated,Not indicated,Not indicated,Not indicated,Contact opportunity: Social-sharing contact,Not indicated,Not indicated,Not indicated,Not indicated,Contact opportunity: Cross-promotion contact
local_listing,travel-guide-casa-lemus-restaurant-raton-colfax,Casa Lemus Restaurant,Raton,Colfax,NM,Food & drink,False,Direct website,https://www.casalemus.com/,https://www.casalemus.com/; https://www.exploreraton.com/eat; https://www.yellowpages.com/raton-nm/business-listings/1,Not indicated,Not indicated,Not indicated,Not indicated,Not indicated,Not indicated,Not indicated,Not indicated,Not indicated,Not indicated,Not indicated,Not indicated
local_listing,yellowpages-lead-cedar-rail-rv-park-campground-raton-colfax,Cedar Rail RV Park & Campground,Raton,Colfax,NM,Lodging & stays,False,Hosted profile,,https://www.yellowpages.com/raton-nm/business-listings/1,Not indicated,Not indicated,Not indicated,Not indicated,Not indicated,Not indicated,Not indicated,Not indicated,Not indicated,Not indicated,Not indicated,Not indicated
local_listing,center-for-community-innovation-colfax-entrepreneurship-and-digital-skil,Center for Community Innovation,Raton,Colfax,NM,Business support,True,Contact only,,,Not indicated,Not indicated,Not indicated,Not indicated,Not indicated,Not indicated,Not indicated,Not indicated,Not indicated,Not indicated,Not indicated,Not indicated
local_listing,yellowpages-lead-chevron-raton-colfax,Chevron,Raton,Colfax,NM,Local business or service,False,Hosted profile,,https://www.yellowpages.com/raton-nm/business-listings/1,Not indicated,Not indicated,Not indicated,Not indicated,Not indicated,Not indicated,Not indicated,Not indicated,Not indicated,Not indicated,Contact opportunity: Sponsorship contact,Not indicated
local_listing,yellowpages-lead-children-s-workshop-raton-colfax,The Children's Workshop,Raton,Colfax,NM,Education & learning,False,Hosted profile,,https://www.yellowpages.com/raton-nm/business-listings/1,Not indicated,Not indicated,Not indicated,Not indicated,Not indicated,Not indicated,Not indicated,Not indicated,Not indicated,Not indicated,Not indicated,Not indicated
local_listing,yellowpages-lead-china-garden-restaurant-raton-colfax,China Garden Restaurant,Raton,Colfax,NM,Food & drink,False,Hosted profile,,https://www.yellowpages.com/raton-nm/business-listings/1,Not indicated,Not indicated,Not indicated,Not indicated,Not indicated,Not indicated,Not indicated,Not indicated,Not indicated,Not indicated,Not indicated,Not indicated
local_listing,yellowpages-lead-christine-lopez-md-raton-colfax,"Christine Lopez, MD",Raton,Colfax,NM,Local business or service,False,Hosted profile,,https://www.yellowpages.com/raton-nm/business-listings/1,Not indicated,Not indicated,Not indicated,Not indicated,Not indicated,Not indicated,Not indicated,Not indicated,Not indicated,Not indicated,Not indicated,Not indicated
local_listing,chuy-s-auto-repair-cunico-automotive-colfax-records-needing-manual-verif,Chuy's Auto Repair / Cunico Automotive,Raton,Colfax,NM,Auto & transportation,False,No online link,,,Not indicated,Not indicated,Not indicated,Not indicated,Not indicated,Not indicated,Not indicated,Not indicated,Not indicated,Not indicated,Not indicated,Not indicated
local_listing,city-of-raton-colfax-first-call-outreach-contacts,City of Raton,Raton,Colfax,NM,Public offices,False,Hosted profile,https://ratonnm.gov,https://ratonnm.gov,Not indicated,Not indicated,Not indicated,Not indicated,Not indicated,Not indicated,Not indicated,Not indicated,Not indicated,Not indicated,Not indicated,Not indicated
local_listing,city-of-raton-arts-page-raton-colfax-municipal-arts-page-and-related-arts-links,City of Raton Arts Page,Raton,Colfax,NM,Arts & culture,False,Hosted profile,https://www.ratonnm.gov/community/arts/index.php,https://www.ratonnm.gov/community/arts/index.php,Not indicated,Not indicated,Not indicated,Not indicated,Not indicated,Not indicated,Not indicated,Not indicated,Not indicated,Not indicated,Not indicated,Not indicated
local_listing,yellowpages-lead-clo-german-sherpard-raton-colfax,Clo German Sherpard,Raton,Colfax,NM,Local business or service,False,Hosted profile,,https://www.yellowpages.com/raton-nm/business-listings/1,Not indicated,Not indicated,Not indicated,Not indicated,Not indicated,Not indicated,Not indicated,Not indicated,Not indicated,Not indicated,Not indicated,Not indicated
local_listing,colfax-ale-cellar-colfax-food-beverage,Colfax Ale Cellar,Raton,Colfax,NM,Food & drink,True,Direct website,https://colfaxalecellar.com/,https://colfaxalecellar.com/; https://www.exploreraton.com/eat,Contact opportunity: Flyer/poster contact,Not indicated,Not indicated,Contact opportunity: Front-desk referral contact,Not indicated,Not indicated,Not indicated,Not indicated,Not indicated,Not indicated,Not indicated,Not indicated
local_listing,colfax-cannabis-company-colfax-retail,Colfax Cannabis Company,Raton,Colfax,NM,Retail & local goods,True,Contact only,,,Contact opportunity: Flyer/poster contact,Not indicated,Not indicated,Contact opportunity: Front-desk referral contact,Not indicated,Not indicated,Not indicated,Not indicated,Not indicated,Not indicated,Not indicated,Not indicated
local_listing,colfax-county-raton-colfax-social-media-digital-presence,Colfax County / Raton,Raton,Colfax,NM,Media & news,False,Hosted profile,https://www.ratonnm.gov,https://www.ratonnm.gov; https://www.yellowpages.com/raton-nm/business-listings/1,Not indicated,Not indicated,Not indicated,Not indicated,Not indicated,Not indicated,Not indicated,Not indicated,Contact opportunity: Digital advertising contact,Contact opportunity: Pitch a story or announcement,Not indicated,Contact opportunity: Cross-promotion contact
local_listing,yellowpages-lead-colfax-county-detention-center-raton-colfax,Colfax County Detention Center,Raton,Colfax,NM,Public offices,False,Hosted profile,,https://www.yellowpages.com/raton-nm/business-listings/1,Not indicated,Not indicated,Not indicated,Not indicated,Not indicated,Not indicated,Not indicated,Not indicated,Not indicated,Not indicated,Not indicated,Not indicated
local_listing,yellowpages-lead-colfax-county-district-judge-raton-colfax,Colfax County District Judge,Raton,Colfax,NM,Public offices,False,Hosted profile,,https://www.yellowpages.com/raton-nm/business-listings/1,Not indicated,Not indicated,Not indicated,Not indicated,Not indicated,Not indicated,Not indicated,Contact opportunity: Newsletter contact,Not indicated,Not indicated,Not indicated,Contact opportunity: Cross-promotion contact
local_listing,yellowpages-lead-colfax-county-juvenile-probation-raton-colfax,Colfax County Juvenile Probation,Raton,Colfax,NM,Public offices,False,Hosted profile,,https://www.yellowpages.com/raton-nm/business-listings/1,Not indicated,Not indicated,Not indicated,Not indicated,Not indicated,Not indicated,Not indicated,Not indicated,Not indicated,Not indicated,Not indicated,Not indicated
local_listing,colfax-county-colfax-events-seasonal-programs,Colfax County (NM),Raton,Colfax,NM,Public offices,False,Hosted profile,https://www.ratonnm.gov,https://www.ratonnm.gov,Not indicated,Not indicated,Not indicated,Not indicated,Not indicated,Contact opportunity: Event calendar contact,Not indicated,Not indicated,Contact opportunity: Digital advertising contact,Contact opportunity: Pitch a story or announcement,Contact opportunity: Sponsorship contact,Contact opportunity: Cross-promotion contact
local_listing,colfax-county-nm-raton-springer-angel-fire-cimarron-eagle-nest-maxwell-u,"Colfax County, NM Raton, Springer, Angel Fire, Cimarron, Eagle Nest, Maxwell & Ute Park",Raton,Colfax,NM,Public offices,False,Hosted profile,https://ratonnm.gov,https://ratonnm.gov,Not indicated,Not indicated,Not indicated,Not indicated,Not indicated,Not indicated,Not indicated,Not indicated,Not indicated,Not indicated,Not indicated,Not indicated
local_listing,yellowpages-lead-colfax-metal-works-raton-colfax,Colfax Metal Works,Raton,Colfax,NM,Local business or service,False,Hosted profile,,https://www.yellowpages.com/raton-nm/business-listings/1,Not indicated,Not indicated,Not indicated,Not indicated,Not indicated,Not indicated,Not indicated,Not indicated,Not indicated,Not indicated,Not indicated,Not indicated
local_listing,travel-guide-colfax-tavern-and-diner-raton-colfax,Colfax Tavern & Diner,Raton,Colfax,NM,Food & drink,False,Hosted profile,https://www.facebook.com/coldbeernewmexico/,https://www.exploreraton.com/eat; https://www.facebook.com/coldbeernewmexico/,Not indicated,Not indicated,Not indicated,Not indicated,Not indicated,Not indicated,Contact opportunity: Social-sharing contact,Not indicated,Not indicated,Not indicated,Not indicated,Contact opportunity: Cross-promotion contact
local_listing,yellowpages-lead-conoco-raton-colfax,Conoco,Raton,Colfax,NM,Local business or service,False,Hosted profile,,https://www.yellowpages.com/raton-nm/business-listings/1,Not indicated,Not indicated,Not indicated,Not indicated,Not indicated,Not indicated,Not indicated,Not indicated,Not indicated,Not indicated,Contact opportunity: Sponsorship contact,Not indicated
local_listing,yellowpages-lead-continental-loans-raton-colfax,Continental Loans,Raton,Colfax,NM,Funding & support,False,Hosted profile,,https://www.yellowpages.com/raton-nm/business-listings/1,Not indicated,Not indicated,Not indicated,Not indicated,Not indicated,Not indicated,Not indicated,Not indicated,Not indicated,Not indicated,Not indicated,Not indicated
local_listing,yellowpages-lead-cottonwood-mobile-home-park-raton-colfax,Cottonwood Mobile Home Park,Raton,Colfax,NM,Outdoor recreation,False,Hosted profile,,https://www.yellowpages.com/raton-nm/business-listings/1,Not indicated,Not indicated,Not indicated,Not indicated,Not indicated,Not indicated,Not indicated,Not indicated,Not indicated,Not indicated,Contact opportunity: Sponsorship contact,Not indicated
local_listing,yellowpages-lead-cunico-tire-company-raton-colfax,Cunico Tire Company,Raton,Colfax,NM,Auto & transportation,False,Hosted profile,,https://www.yellowpages.com/raton-nm/business-listings/1,Not indicated,Not indicated,Not indicated,Not indicated,Not indicated,Not indicated,Not indicated,Not indicated,Not indicated,Not indicated,Not indicated,Contact opportunity: Cross-promotion contact
local_listing,yellowpages-lead-d-t-auto-truck-repair-raton-colfax,D T Auto & Truck Repair,Raton,Colfax,NM,Auto & transportation,False,Hosted profile,,https://www.yellowpages.com/raton-nm/business-listings/1,Not indicated,Not indicated,Not indicated,Not indicated,Not indicated,Not indicated,Not indicated,Not indicated,Not indicated,Not indicated,Not indicated,Contact opportunity: Cross-promotion contact
local_listing,yellowpages-lead-dairy-queen-raton-colfax,Dairy Queen,Raton,Colfax,NM,Local business or service,False,Hosted profile,,https://www.yellowpages.com/raton-nm/business-listings/1,Not indicated,Not indicated,Not indicated,Not indicated,Not indicated,Not indicated,Not indicated,Not indicated,Not indicated,Not indicated,Contact opportunity: Sponsorship contact,Not indicated
local_listing,travel-guide-dancing-eagle-gifts-raton-colfax,Dancing Eagle Gifts,Raton,Colfax,NM,Retail & local goods,False,Direct website,https://www.flatmountaintrading.com/,https://www.exploreraton.com/shop; https://www.flatmountaintrading.com/,Not indicated,Not indicated,Not indicated,Not indicated,Not indicated,Not indicated,Not indicated,Not indicated,Not indicated,Not indicated,Not indicated,Not indicated
local_listing,yellowpages-lead-data-plus-printing-raton-colfax,Data Plus Printing,Raton,Colfax,NM,Local business or service,False,Hosted profile,,https://www.yellowpages.com/raton-nm/business-listings/1,Not indicated,Not indicated,Not indicated,Not indicated,Not indicated,Not indicated,Not indicated,Not indicated,Not indicated,Not indicated,Not indicated,Not indicated
local_listing,yellowpages-lead-david-parker-builders-raton-colfax,David Parker Builders Inc,Raton,Colfax,NM,Local business or service,False,Hosted profile,,https://www.yellowpages.com/raton-nm/business-listings/1,Not indicated,Not indicated,Not indicated,Not indicated,Not indicated,Not indicated,Not indicated,Not indicated,Not indicated,Not indicated,Not indicated,Not indicated
local_listing,travel-guide-denny-s-raton-colfax,Denny's,Raton,Colfax,NM,Food & drink,False,Direct website,https://locations.dennys.com/NM/RATON/247117?utm_source=yext&utm_medium=local-listing&utm_campaign=yext-listing,https://locations.dennys.com/NM/RATON/247117?utm_source=yext&utm_medium=local-listing&utm_campaign=yext-listing; https://www.exploreraton.com/eat; https://www.yellowpages.com/raton-nm/business-listings/1,Not indicated,Not indicated,Not indicated,Not indicated,Not indicated,Not indicated,Not indicated,Not indicated,Not indicated,Not indicated,Not indicated,Not indicated
local_listing,yellowpages-lead-department-of-motor-vehicles-raton-colfax,Department of Motor Vehicles,Raton,Colfax,NM,Local business or service,False,Hosted profile,,https://www.yellowpages.com/raton-nm/business-listings/1,Not indicated,Not indicated,Not indicated,Not indicated,Not indicated,Not indicated,Not indicated,Not indicated,Not indicated,Not indicated,Not indicated,Not indicated
local_listing,yellowpages-lead-department-of-veterans-affairs-raton-colfax,Department of Veterans Affairs,Raton,Colfax,NM,Local business or service,False,Hosted profile,,https://www.yellowpages.com/raton-nm/business-listings/1,Not indicated,Not indicated,Not indicated,Not indicated,Not indicated,Not indicated,Not indicated,Not indicated,Not indicated,Not indicated,Not indicated,Not indicated
local_listing,yellowpages-lead-dialysis-clinic-raton-colfax,"Dialysis Clinic, Inc",Raton,Colfax,NM,Health & wellness,False,Hosted profile,,https://www.yellowpages.com/raton-nm/business-listings/1,Not indicated,Not indicated,Not indicated,Not indicated,Not indicated,Not indicated,Not indicated,Not indicated,Not indicated,Not indicated,Not indicated,Not indicated
local_listing,yellowpages-lead-diamond-shamrock-raton-colfax,Diamond Shamrock,Raton,Colfax,NM,Local business or service,False,Hosted profile,,https://www.yellowpages.com/raton-nm/business-listings/1,Not indicated,Not indicated,Not indicated,Not indicated,Not indicated,Not indicated,Not indicated,Not indicated,Not indicated,Not indicated,Not indicated,Not indicated
local_listing,yellowpages-lead-do-it-right-raton-colfax,Do It Right Inc,Raton,Colfax,NM,Local business or service,False,Hosted profile,,https://www.yellowpages.com/raton-nm/business-listings/1,Not indicated,Not indicated,Not indicated,Not indicated,Not indicated,Not indicated,Not indicated,Not indicated,Not indicated,Not indicated,Not indicated,Not indicated
local_listing,yellowpages-lead-dollar-general-raton-colfax,Dollar General,Raton,Colfax,NM,Local business or service,False,Hosted profile,,https://www.yellowpages.com/raton-nm/business-listings/1,Not indicated,Not indicated,Not indicated,Not indicated,Not indicated,Not indicated,Not indicated,Not indicated,Not indicated,Not indicated,Contact opportunity: Sponsorship contact,Not indicated
local_listing,travel-guide-domino-s-pizza-raton-colfax,Domino's Pizza,Raton,Colfax,NM,Food & drink,False,Direct website,https://pizza.dominos.com/new-mexico/raton/129-clayton-rd/,https://pizza.dominos.com/new-mexico/raton/129-clayton-rd/; https://www.exploreraton.com/eat; https://www.yellowpages.com/raton-nm/business-listings/1,Not indicated,Not indicated,Not indicated,Not indicated,Not indicated,Not indicated,Not indicated,Not indicated,Not indicated,Not indicated,Contact opportunity: Sponsorship contact,Not indicated
local_listing,yellowpages-lead-dona-ana-apartments-raton-colfax,Dona Ana Apartments,Raton,Colfax,NM,Local business or service,False,Hosted profile,,https://www.yellowpages.com/raton-nm/business-listings/1,Not indicated,Not indicated,Not indicated,Not indicated,Not indicated,Not indicated,Not indicated,Not indicated,Not indicated,Not indicated,Not indicated,Not indicated
local_listing,yellowpages-lead-dr-juli-valliere-md-raton-colfax,"Dr. Juli Valliere, MD",Raton,Colfax,NM,Local business or service,False,Hosted profile,,https://www.yellowpages.com/raton-nm/business-listings/1,Not indicated,Not indicated,Not indicated,Not indicated,Not indicated,Not indicated,Not indicated,Not indicated,Not indicated,Not indicated,Not indicated,Not indicated
local_listing,yellowpages-lead-dr-monty-milton-mcgowen-dc-raton-colfax,"Dr. Monty Milton McGowen, DC",Raton,Colfax,NM,Local business or service,False,Hosted profile,,https://www.yellowpages.com/raton-nm/business-listings/1,Not indicated,Not indicated,Not indicated,Not indicated,Not indicated,Not indicated,Not indicated,Not indicated,Not indicated,Not indicated,Not indicated,Not indicated
local_listing,travel-guide-dulces-encantados-raton-colfax,Dulces Encantados,Raton,Colfax,NM,Food & drink,False,Hosted profile,https://www.facebook.com/dulces.encantados.52,https://www.exploreraton.com/eat; https://www.exploreraton.com/shop; https://www.facebook.com/dulces.encantados.52,Not indicated,Not indicated,Not indicated,Not indicated,Not indicated,Not indicated,Contact opportunity: Social-sharing contact,Not indicated,Not indicated,Not indicated,Not indicated,Contact opportunity: Cross-promotion contact
local_listing,yellowpages-lead-el-matador-raton-colfax,El Matador,Raton,Colfax,NM,Local business or service,False,Hosted profile,,https://www.yellowpages.com/raton-nm/business-listings/1,Not indicated,Not indicated,Not indicated,Not indicated,Not indicated,Not indicated,Not indicated,Not indicated,Not indicated,Not indicated,Not indicated,Not indicated
local_listing,yellowpages-lead-el-mirador-raton-colfax,El Mirador,Raton,Colfax,NM,Local business or service,False,Hosted profile,,https://www.yellowpages.com/raton-nm/business-listings/1,Not indicated,Not indicated,Not indicated,Not indicated,Not indicated,Not indicated,Not indicated,Not indicated,Not indicated,Not indicated,Not indicated,Not indicated
local_listing,el-raton-media-works-colfax-film-media-production-support,El Raton Media Works,Raton,Colfax,NM,Media & news,False,Direct website,https://www.elratonmediaworks.org,https://www.exploreraton.com/arts-culture,Not indicated,Not indicated,Not indicated,Not indicated,Not indicated,Not indicated,Not indicated,Not indicated,Contact opportunity: Digital advertising contact,Contact opportunity: Pitch a story or announcement,Not indicated,Contact opportunity: Cross-promotion contact
local_listing,travel-guide-el-raton-theatre-raton-colfax,El Raton Theatre,Raton,Colfax,NM,Arts & culture,False,Hosted profile,,https://www.exploreraton.com/arts-culture,Not indicated,Not indicated,Not indicated,Not indicated,Not indicated,Contact opportunity: Event calendar contact,Not indicated,Not indicated,Not indicated,Not indicated,Contact opportunity: Sponsorship contact,Not indicated
local_listing,yellowpages-lead-ely-s-cosmo-plumbing-raton-colfax,Ely's Cosmo Plumbing,Raton,Colfax,NM,"Home, land & contracting",False,Hosted profile,,https://www.yellowpages.com/raton-nm/business-listings/1,Not indicated,Not indicated,Not indicated,Not indicated,Not indicated,Not indicated,Not indicated,Not indicated,Not indicated,Not indicated,Contact opportunity: Sponsorship contact,Contact opportunity: Cross-promotion contact
local_listing,yellowpages-lead-enchanted-grounds-expresso-bar-raton-colfax,Enchanted Grounds Expresso Bar,Raton,Colfax,NM,Food & drink,False,Hosted profile,,https://www.yellowpages.com/raton-nm/business-listings/1,Not indicated,Not indicated,Not indicated,Not indicated,Not indicated,Not indicated,Not indicated,Not indicated,Not indicated,Not indicated,Not indicated,Not indicated
local_listing,yellowpages-lead-enchanted-hills-raton-colfax,Enchanted Hills,Raton,Colfax,NM,Local business or service,False,Hosted profile,,https://www.yellowpages.com/raton-nm/business-listings/1,Not indicated,Not indicated,Not indicated,Not indicated,Not indicated,Not indicated,Not indicated,Not indicated,Not indicated,Not indicated,Not indicated,Not indicated
local_listing,yellowpages-lead-engineering-analytics-raton-colfax,Engineering Analytics Inc,Raton,Colfax,NM,Local business or service,False,Hosted profile,,https://www.yellowpages.com/raton-nm/business-listings/1,Not indicated,Not indicated,Not indicated,Not indicated,Not indicated,Not indicated,Not indicated,Not indicated,Not indicated,Not indicated,Contact opportunity: Sponsorship contact,Contact opportunity: Cross-promotion contact
local_listing,yellowpages-lead-environment-dept-raton-colfax,Environment Dept,Raton,Colfax,NM,Local business or service,False,Hosted profile,,https://www.yellowpages.com/raton-nm/business-listings/1,Not indicated,Not indicated,Not indicated,Not indicated,Not indicated,Not indicated,Not indicated,Not indicated,Not indicated,Not indicated,Not indicated,Not indicated
local_listing,explore-raton-arts-and-culture-page-raton-colfax-visitor-facing-arts-and-culture-route,Explore Raton Arts and Culture Page,Raton,Colfax,NM,Arts & culture,False,Direct website,https://www.exploreraton.com/arts-culture,https://www.exploreraton.com/arts-culture,Not indicated,Not indicated,Not indicated,Not indicated,Not indicated,Not indicated,Not indicated,Not indicated,Not indicated,Not indicated,Not indicated,Not indicated
local_listing,explore-raton-shop-local-directory-raton-colfax-visitor-facing-shopping-and-creative-g,Explore Raton Shop Local Directory,Raton,Colfax,NM,Arts & culture,False,Direct website,https://www.exploreraton.com/shop,https://www.exploreraton.com/shop,Not indicated,Not indicated,Not indicated,Not indicated,Not indicated,Not indicated,Not indicated,Not indicated,Not indicated,Not indicated,Not indicated,Not indicated
local_listing,yellowpages-lead-express-aviation-services-raton-colfax,Express Aviation Services,Raton,Colfax,NM,Local business or service,False,Hosted profile,,https://www.yellowpages.com/raton-nm/business-listings/1,Not indicated,Not indicated,Not indicated,Not indicated,Not indicated,Not indicated,Not indicated,Not indicated,Not indicated,Not indicated,Not indicated,Contact opportunity: Cross-promotion contact
local_listing,yellowpages-lead-family-dollar-raton-colfax,Family Dollar,Raton,Colfax,NM,Local business or service,False,Hosted profile,,https://www.yellowpages.com/raton-nm/business-listings/1,Not indicated,Not indicated,Not indicated,Not indicated,Not indicated,Not indicated,Not indicated,Not indicated,Not indicated,Not indicated,Contact opportunity: Sponsorship contact,Not indicated
local_listing,yellowpages-lead-family-worship-center-raton-colfax,Family Worship Center,Raton,Colfax,NM,Local business or service,False,Hosted profile,,https://www.yellowpages.com/raton-nm/business-listings/1,Not indicated,Not indicated,Not indicated,Not indicated,Not indicated,Not indicated,Not indicated,Not indicated,Not indicated,Not indicated,Not indicated,Not indicated
local_listing,yellowpages-lead-first-baptist-church-office-raton-colfax,First Baptist Church Office,Raton,Colfax,NM,Nonprofit & community,False,Hosted profile,,https://www.yellowpages.com/raton-nm/business-listings/1,Not indicated,Not indicated,Not indicated,Not indicated,Not indicated,Not indicated,Not indicated,Contact opportunity: Newsletter contact,Not indicated,Not indicated,Not indicated,Not indicated
local_listing,yellowpages-lead-first-christian-church-raton-colfax,First Christian Church,Raton,Colfax,NM,Nonprofit & community,False,Hosted profile,,https://www.yellowpages.com/raton-nm/business-listings/1,Not indicated,Not indicated,Not indicated,Not indicated,Not indicated,Not indicated,Not indicated,Contact opportunity: Newsletter contact,Not indicated,Not indicated,Not indicated,Not indicated
local_listing,yellowpages-lead-first-national-loan-production-office-raton-colfax,First National Loan Production Office,Raton,Colfax,NM,Funding & support,False,Hosted profile,,https://www.yellowpages.com/raton-nm/business-listings/1,Not indicated,Not indicated,Not indicated,Not indicated,Not indicated,Not indicated,Not indicated,Not indicated,Not indicated,Not indicated,Not indicated,Not indicated
local_listing,yellowpages-lead-first-presbyterian-church-raton-colfax,First Presbyterian Church,Raton,Colfax,NM,Nonprofit & community,False,Hosted profile,,https://www.yellowpages.com/raton-nm/business-listings/1,Not indicated,Not indicated,Not indicated,Not indicated,Not indicated,Not indicated,Not indicated,Contact opportunity: Newsletter contact,Not indicated,Not indicated,Not indicated,Not indicated
local_listing,travel-guide-first-street-thrift-store-raton-colfax,First Street Thrift Store,Raton,Colfax,NM,Retail & local goods,False,Direct website,https://innovativejournaling.com/,https://innovativejournaling.com/; https://www.exploreraton.com/shop,Not indicated,Not indicated,Not indicated,Not indicated,Not indicated,Not indicated,Not indicated,Not indicated,Not indicated,Not indicated,Not indicated,Not indicated
local_listing,yellowpages-lead-first-united-methodist-church-of-raton-raton-colfax,First United Methodist Church Of Raton,Raton,Colfax,NM,Nonprofit & community,False,Hosted profile,,https://www.yellowpages.com/raton-nm/business-listings/1,Not indicated,Not indicated,Not indicated,Not indicated,Not indicated,Not indicated,Not indicated,Contact opportunity: Newsletter contact,Not indicated,Not indicated,Not indicated,Not indicated
local_listing,travel-guide-flat-mountain-trading-raton-colfax,Flat Mountain Trading Co.,Raton,Colfax,NM,Retail & local goods,False,Hosted profile,https://www.facebook.com/RatonKOA,https://www.exploreraton.com/shop; https://www.facebook.com/RatonKOA,Not indicated,Not indicated,Not indicated,Not indicated,Not indicated,Not indicated,Contact opportunity: Social-sharing contact,Not indicated,Not indicated,Not indicated,Not indicated,Contact opportunity: Cross-promotion contact
local_listing,travel-guide-folsom-museum-raton-colfax,Folsom Museum,Raton,Colfax,NM,Arts & culture,False,Hosted profile,,https://www.exploreraton.com/history,Not indicated,Not indicated,Not indicated,Not indicated,Not indicated,Not indicated,Not indicated,Not indicated,Not indicated,Not indicated,Not indicated,Contact opportunity: Cross-promotion contact
local_listing,yellowpages-lead-ford-sales-service-raton-colfax,Ford Sales & Service,Raton,Colfax,NM,Local business or service,False,Hosted profile,,https://www.yellowpages.com/raton-nm/business-listings/1,Not indicated,Not indicated,Not indicated,Not indicated,Not indicated,Not indicated,Not indicated,Not indicated,Not indicated,Not indicated,Not indicated,Contact opportunity: Cross-promotion contact
local_listing,travel-guide-frontier-trails-and-tracks-raton-colfax,Frontier Trails & Tracks,Raton,Colfax,NM,Local business or service,False,Hosted profile,https://www.newmexico.org/frontier-trails-and-tracks/,https://www.newmexico.org/frontier-trails-and-tracks/; https://www.newmexico.org/places-to-visit/regions/northeast/raton/,Not indicated,Not indicated,Not indicated,Not indicated,Not indicated,Not indicated,Not indicated,Not indicated,Not indicated,Not indicated,Not indicated,Not indicated
local_listing,yellowpages-lead-game-fish-department-raton-colfax,Game & Fish Department,Raton,Colfax,NM,Local business or service,False,Hosted profile,,https://www.yellowpages.com/raton-nm/business-listings/1,Not indicated,Not indicated,Not indicated,Not indicated,Not indicated,Not indicated,Not indicated,Not indicated,Not indicated,Not indicated,Not indicated,Not indicated
local_listing,gate-city-craft-bar-colfax-food-beverage,Gate City Craft Bar,Raton,Colfax,NM,Food & drink,True,Contact only,,,Contact opportunity: Flyer/poster contact,Not indicated,Not indicated,Contact opportunity: Front-desk referral contact,Not indicated,Not indicated,Not indicated,Not indicated,Not indicated,Not indicated,Not indicated,Not indicated
local_listing,yellowpages-lead-gateway-to-southwest-realty-raton-colfax,Gateway to the Southwest Realty,Raton,Colfax,NM,Professional services,False,Hosted profile,,https://www.yellowpages.com/raton-nm/business-listings/1,Not indicated,Not indicated,Not indicated,Not indicated,Not indicated,Not indicated,Not indicated,Not indicated,Not indicated,Not indicated,Not indicated,Not indicated
local_listing,yellowpages-lead-george-gonzales-cpa-s-raton-colfax,George & Gonzales Cpa's,Raton,Colfax,NM,Local business or service,False,Hosted profile,,https://www.yellowpages.com/raton-nm/business-listings/1,Not indicated,Not indicated,Not indicated,Not indicated,Not indicated,Not indicated,Not indicated,Not indicated,Not indicated,Not indicated,Not indicated,Not indicated
local_listing,travel-guide-green-chili-grill-jr-s-raton-colfax,Green Chili Grill @ JR's,Raton,Colfax,NM,Food & drink,False,Direct website,https://loschanquismexicanseafood.com/,https://loschanquismexicanseafood.com/; https://www.exploreraton.com/eat,Not indicated,Not indicated,Not indicated,Not indicated,Not indicated,Not indicated,Not indicated,Not indicated,Not indicated,Not indicated,Not indicated,Not indicated
local_listing,yellowpages-lead-greyhound-bus-lines-raton-colfax,Greyhound Bus Lines,Raton,Colfax,NM,Local business or service,False,Hosted profile,,https://www.yellowpages.com/raton-nm/business-listings/1,Not indicated,Not indicated,Not indicated,Not indicated,Not indicated,Not indicated,Not indicated,Not indicated,Not indicated,Not indicated,Not indicated,Not indicated
local_listing,growraton-colfax-start-up-assistance-downtown-property-promotion-event-c,GrowRaton,Raton,Colfax,NM,Events & venues,True,Hosted profile,,https://www.yellowpages.com/raton-nm/business-listings/1,Not indicated,Not indicated,Not indicated,Not indicated,Not indicated,Contact opportunity: Event calendar contact,Not indicated,Not indicated,Not indicated,Not indicated,Contact opportunity: Sponsorship contact,Contact opportunity: Cross-promotion contact
local_listing,growraton-raton-mainstreet-colfax-training-technical-assistance,GrowRaton & Raton MainStreet,Raton,Colfax,NM,Business support,False,No online link,,,Not indicated,Not indicated,Not indicated,Not indicated,Not indicated,Not indicated,Not indicated,Not indicated,Not indicated,Not indicated,Not indicated,Not indicated
local_listing,yellowpages-lead-h-r-block-raton-colfax,H&R Block,Raton,Colfax,NM,Local business or service,False,Hosted profile,,https://www.yellowpages.com/raton-nm/business-listings/1,Not indicated,Not indicated,Not indicated,Not indicated,Not indicated,Not indicated,Not indicated,Not indicated,Not indicated,Not indicated,Contact opportunity: Sponsorship contact,Not indicated
local_listing,yellowpages-lead-harmon-autoglass-raton-colfax,Harmon Autoglass,Raton,Colfax,NM,Local business or service,False,Hosted profile,,https://www.yellowpages.com/raton-nm/business-listings/1,Not indicated,Not indicated,Not indicated,Not indicated,Not indicated,Not indicated,Not indicated,Not indicated,Not indicated,Not indicated,Not indicated,Contact opportunity: Cross-promotion contact
local_listing,yellowpages-lead-heidi-elizabeth-wahl-raton-colfax,Heidi Elizabeth Wahl,Raton,Colfax,NM,Local business or service,False,Hosted profile,,https://www.yellowpages.com/raton-nm/business-listings/1,Not indicated,Not indicated,Not indicated,Not indicated,Not indicated,Not indicated,Not indicated,Not indicated,Not indicated,Not indicated,Not indicated,Not indicated
local_listing,travel-guide-heirloom-shop-raton-colfax,The Heirloom Shop,Raton,Colfax,NM,Retail & local goods,False,Hosted profile,https://www.facebook.com/p/Buffalo-Chip-100046811036277/,https://www.exploreraton.com/shop; https://www.facebook.com/p/Buffalo-Chip-100046811036277/,Not indicated,Not indicated,Not indicated,Not indicated,Not indicated,Not indicated,Contact opportunity: Social-sharing contact,Not indicated,Not indicated,Not indicated,Not indicated,Contact opportunity: Cross-promotion contact
local_listing,yellowpages-lead-hertz-raton-colfax,Hertz,Raton,Colfax,NM,Local business or service,False,Hosted profile,,https://www.yellowpages.com/raton-nm/business-listings/1,Not indicated,Not indicated,Not indicated,Not indicated,Not indicated,Not indicated,Not indicated,Not indicated,Not indicated,Not indicated,Not indicated,Not indicated
local_listing,yellowpages-lead-hertz-car-rental-raton-south-st-street-raton-colfax,Hertz Car Rental - Raton - South st Street,Raton,Colfax,NM,Local business or service,False,Hosted profile,,https://www.yellowpages.com/raton-nm/business-listings/1,Not indicated,Not indicated,Not indicated,Not indicated,Not indicated,Not indicated,Not indicated,Not indicated,Not indicated,Not indicated,Not indicated,Not indicated
local_listing,travel-guide-high-country-meats-raton-colfax,High Country Meats,Raton,Colfax,NM,Retail & local goods,False,Direct website,https://www.nrawc.org/,https://www.exploreraton.com/shop; https://www.nrawc.org/; https://www.yellowpages.com/raton-nm/business-listings/1,Not indicated,Not indicated,Not indicated,Not indicated,Not indicated,Not indicated,Not indicated,Not indicated,Not indicated,Not indicated,Not indicated,Not indicated
local_listing,yellowpages-lead-high-country-property-maintenance-raton-colfax,High Country Property Maintenance,Raton,Colfax,NM,Professional services,False,Hosted profile,,https://www.yellowpages.com/raton-nm/business-listings/1,Not indicated,Not indicated,Not indicated,Not indicated,Not indicated,Not indicated,Not indicated,Not indicated,Not indicated,Not indicated,Not indicated,Not indicated
local_listing,yellowpages-lead-high-desert-coins-raton-colfax,"High Desert Coins, LLC",Raton,Colfax,NM,Local business or service,False,Hosted profile,,https://www.yellowpages.com/raton-nm/business-listings/1,Not indicated,Not indicated,Not indicated,Not indicated,Not indicated,Not indicated,Not indicated,Not indicated,Not indicated,Not indicated,Not indicated,Not indicated
local_listing,yellowpages-lead-high-desert-outdoors-raton-colfax,High Desert Outdoors Inc,Raton,Colfax,NM,Local business or service,False,Hosted profile,,https://www.yellowpages.com/raton-nm/business-listings/1,Not indicated,Not indicated,Not indicated,Not indicated,Not indicated,Not indicated,Not indicated,Not indicated,Not indicated,Not indicated,Not indicated,Not indicated
local_listing,holiday-inn-express-hotel-suites-raton-colfax-lodging,Holiday Inn Express Hotel & Suites Raton,Raton,Colfax,NM,Lodging & stays,True,Contact only,,,Contact opportunity: Flyer/poster contact,Contact opportunity: Brochure/rack-card contact,Not indicated,Contact opportunity: Front-desk referral contact,Not indicated,Not indicated,Not indicated,Not indicated,Not indicated,Not indicated,Not indicated,Not indicated
local_listing,yellowpages-lead-holy-trinity-episcopal-church-raton-colfax,Holy Trinity Episcopal Church,Raton,Colfax,NM,Nonprofit & community,False,Hosted profile,,https://www.yellowpages.com/raton-nm/business-listings/1,Not indicated,Not indicated,Not indicated,Not indicated,Not indicated,Not indicated,Not indicated,Contact opportunity: Newsletter contact,Not indicated,Not indicated,Not indicated,Not indicated
local_listing,yellowpages-lead-home-associates-raton-colfax,Home Associates Inc,Raton,Colfax,NM,Local business or service,False,Hosted profile,,https://www.yellowpages.com/raton-nm/business-listings/1,Not indicated,Not indicated,Not indicated,Not indicated,Not indicated,Not indicated,Not indicated,Not indicated,Not indicated,Not indicated,Not indicated,Not indicated
local_listing,yellowpages-lead-howard-johnson-by-wyndham-raton-raton-colfax,Howard Johnson by Wyndham Raton,Raton,Colfax,NM,Local business or service,False,Hosted profile,,https://www.yellowpages.com/raton-nm/business-listings/1,Not indicated,Not indicated,Not indicated,Not indicated,Not indicated,Not indicated,Not indicated,Not indicated,Not indicated,Not indicated,Contact opportunity: Sponsorship contact,Not indicated
local_listing,yellowpages-lead-human-services-income-support-raton-colfax,Human Services-Income Support,Raton,Colfax,NM,Local business or service,False,Hosted profile,,https://www.yellowpages.com/raton-nm/business-listings/1,Not indicated,Not indicated,Not indicated,Not indicated,Not indicated,Not indicated,Not indicated,Not indicated,Not indicated,Not indicated,Not indicated,Contact opportunity: Cross-promotion contact
local_listing,yellowpages-lead-human-svc-child-youth-family-raton-colfax,Human SVC-Child Youth & Family,Raton,Colfax,NM,Local business or service,False,Hosted profile,,https://www.yellowpages.com/raton-nm/business-listings/1,Not indicated,Not indicated,Not indicated,Not indicated,Not indicated,Not indicated,Not indicated,Not indicated,Not indicated,Not indicated,Not indicated,Not indicated
local_listing,yellowpages-lead-hyde-properties-raton-colfax,Hyde Properties,Raton,Colfax,NM,Local business or service,False,Hosted profile,,https://www.yellowpages.com/raton-nm/business-listings/1,Not indicated,Not indicated,Not indicated,Not indicated,Not indicated,Not indicated,Not indicated,Not indicated,Not indicated,Not indicated,Not indicated,Not indicated
local_listing,travel-guide-innovative-journaling-raton-colfax,Innovative Journaling,Raton,Colfax,NM,Retail & local goods,False,Direct website,https://krtnradio.com/event/mcmc-auxiliary-thrift-shop-20/,https://krtnradio.com/event/mcmc-auxiliary-thrift-shop-20/; https://www.exploreraton.com/shop,Not indicated,Not indicated,Not indicated,Not indicated,Not indicated,Not indicated,Not indicated,Not indicated,Not indicated,Not indicated,Not indicated,Not indicated
local_listing,international-bank-inbank-colfax-records-needing-manual-confirmation,International Bank / InBank,Raton,Colfax,NM,Professional services,False,No online link,,,Not indicated,Not indicated,Not indicated,Not indicated,Not indicated,Not indicated,Not indicated,Not indicated,Not indicated,Not indicated,Not indicated,Not indicated
local_listing,the-isabel-castillo-school-for-the-performing-arts-colfax-performing-arts,The Isabel Castillo School for the Performing Arts,Raton,Colfax,NM,Arts & culture,False,Hosted profile,https://www.facebook.com,https://www.exploreraton.com/arts-culture,Not indicated,Not indicated,Not indicated,Not indicated,Not indicated,Contact opportunity: Event calendar contact,Contact opportunity: Social-sharing contact,Not indicated,Not indicated,Not indicated,Contact opportunity: Sponsorship contact,Contact opportunity: Cross-promotion contact
local_listing,yellowpages-lead-j-r-s-fuel-stop-raton-colfax,J R's Fuel Stop,Raton,Colfax,NM,Auto & transportation,False,Hosted profile,,https://www.yellowpages.com/raton-nm/business-listings/1,Not indicated,Not indicated,Not indicated,Not indicated,Not indicated,Not indicated,Not indicated,Not indicated,Not indicated,Not indicated,Not indicated,Not indicated
local_listing,yellowpages-lead-jamie-marez-raton-colfax,Jamie Marez,Raton,Colfax,NM,Local business or service,False,Hosted profile,,https://www.yellowpages.com/raton-nm/business-listings/1,Not indicated,Not indicated,Not indicated,Not indicated,Not indicated,Not indicated,Not indicated,Not indicated,Not indicated,Not indicated,Not indicated,Not indicated
local_listing,yellowpages-lead-jehovah-s-witnesses-raton-colfax,Jehovah's Witnesses,Raton,Colfax,NM,Local business or service,False,Hosted profile,,https://www.yellowpages.com/raton-nm/business-listings/1,Not indicated,Not indicated,Not indicated,Not indicated,Not indicated,Not indicated,Not indicated,Not indicated,Not indicated,Not indicated,Not indicated,Not indicated
local_listing,yellowpages-lead-jimmy-mini-self-storage-raton-colfax,Jimmy Mini Self Storage,Raton,Colfax,NM,Professional services,False,Hosted profile,,https://www.yellowpages.com/raton-nm/business-listings/1,Not indicated,Not indicated,Not indicated,Not indicated,Not indicated,Not indicated,Not indicated,Not indicated,Not indicated,Not indicated,Contact opportunity: Sponsorship contact,Contact opportunity: Cross-promotion contact
local_listing,yellowpages-lead-joeseppi-s-restaurant-raton-colfax,Joeseppi's Restaurant,Raton,Colfax,NM,Food & drink,False,Hosted profile,,https://www.yellowpages.com/raton-nm/business-listings/1,Not indicated,Not indicated,Not indicated,Not indicated,Not indicated,Not indicated,Not indicated,Not indicated,Not indicated,Not indicated,Not indicated,Not indicated
local_listing,yellowpages-lead-johnson-christopher-do-raton-colfax,"Johnson, Christopher, DO",Raton,Colfax,NM,Local business or service,False,Hosted profile,,https://www.yellowpages.com/raton-nm/business-listings/1,Not indicated,Not indicated,Not indicated,Not indicated,Not indicated,Not indicated,Not indicated,Not indicated,Not indicated,Not indicated,Not indicated,Not indicated
local_listing,yellowpages-lead-just-teazin-raton-colfax,Just Teazin,Raton,Colfax,NM,Local business or service,False,Hosted profile,,https://www.yellowpages.com/raton-nm/business-listings/1,Not indicated,Not indicated,Not indicated,Not indicated,Not indicated,Not indicated,Not indicated,Not indicated,Not indicated,Not indicated,Not indicated,Not indicated
local_listing,travel-guide-k-bob-s-steakhouse-raton-colfax,K-Bob's Steakhouse,Raton,Colfax,NM,Food & drink,False,Direct website,https://www.k-bobs.com/,https://www.exploreraton.com/eat; https://www.k-bobs.com/,Not indicated,Not indicated,Not indicated,Not indicated,Not indicated,Not indicated,Not indicated,Not indicated,Not indicated,Not indicated,Not indicated,Not indicated
local_listing,yellowpages-lead-k-s-berry-engineering-raton-colfax,K S Berry Engineering,Raton,Colfax,NM,Local business or service,False,Hosted profile,,https://www.yellowpages.com/raton-nm/business-listings/1,Not indicated,Not indicated,Not indicated,Not indicated,Not indicated,Not indicated,Not indicated,Not indicated,Not indicated,Not indicated,Contact opportunity: Sponsorship contact,Contact opportunity: Cross-promotion contact
local_listing,yellowpages-lead-kmart-raton-colfax,Kmart,Raton,Colfax,NM,Local business or service,False,Hosted profile,,https://www.yellowpages.com/raton-nm/business-listings/1,Not indicated,Not indicated,Not indicated,Not indicated,Not indicated,Not indicated,Not indicated,Not indicated,Not indicated,Not indicated,Not indicated,Not indicated
local_listing,travel-guide-koa-gift-shop-raton-colfax,KOA Gift Shop,Raton,Colfax,NM,Retail & local goods,False,Hosted profile,https://www.facebook.com/profile.php?id=100088099915567,https://www.exploreraton.com/shop; https://www.facebook.com/profile.php?id=100088099915567,Not indicated,Not indicated,Not indicated,Not indicated,Not indicated,Not indicated,Contact opportunity: Social-sharing contact,Not indicated,Not indicated,Not indicated,Not indicated,Contact opportunity: Cross-promotion contact
local_listing,krtn-enchanted-air-radio-colfax-broadcasting,KRTN Enchanted Air Radio,Raton,Colfax,NM,Media & news,True,Direct website,https://krtnradio.com,https://krtnradio.com,Not indicated,Not indicated,Not indicated,Not indicated,Not indicated,Listed route: Event/calendar route,Not indicated,Contact opportunity: Newsletter contact,Listed route: Advertising inquiry route,Listed route: Media/editorial route,Contact opportunity: Sponsorship contact,Contact opportunity: Cross-promotion contact
local_listing,travel-guide-la-cosina-raton-colfax,La Cosina,Raton,Colfax,NM,Food & drink,False,Hosted profile,https://www.facebook.com/lacosinacafe/,https://www.exploreraton.com/eat; https://www.facebook.com/lacosinacafe/,Not indicated,Not indicated,Not indicated,Not indicated,Not indicated,Not indicated,Contact opportunity: Social-sharing contact,Not indicated,Not indicated,Not indicated,Not indicated,Contact opportunity: Cross-promotion contact
local_listing,yellowpages-lead-la-cosina-cafe-raton-colfax,La Cosina Cafe,Raton,Colfax,NM,Food & drink,False,Hosted profile,,https://www.yellowpages.com/raton-nm/business-listings/1,Not indicated,Not indicated,Not indicated,Not indicated,Not indicated,Not indicated,Not indicated,Not indicated,Not indicated,Not indicated,Not indicated,Not indicated
local_listing,yellowpages-lead-let-your-light-shine-electric-incorporated-raton-colfax,Let Your Light Shine Electric Incorporated,Raton,Colfax,NM,"Home, land & contracting",False,Hosted profile,,https://www.yellowpages.com/raton-nm/business-listings/1,Not indicated,Not indicated,Not indicated,Not indicated,Not indicated,Not indicated,Not indicated,Not indicated,Not indicated,Not indicated,Contact opportunity: Sponsorship contact,Contact opportunity: Cross-promotion contact
local_listing,little-bear-gallery-colfax-art-gallery,Little Bear Gallery,Raton,Colfax,NM,Arts & culture,True,Contact only,,,Contact opportunity: Flyer/poster contact,Contact opportunity: Brochure/rack-card contact,Not indicated,Contact opportunity: Front-desk referral contact,Not indicated,Not indicated,Not indicated,Not indicated,Not indicated,Not indicated,Not indicated,Contact opportunity: Cross-promotion contact
local_listing,yellowpages-lead-loaf-n-jug-raton-colfax,Loaf N Jug,Raton,Colfax,NM,Local business or service,False,Hosted profile,,https://www.yellowpages.com/raton-nm/business-listings/1,Not indicated,Not indicated,Not indicated,Not indicated,Not indicated,Not indicated,Not indicated,Not indicated,Not indicated,Not indicated,Not indicated,Not indicated
local_listing,los-chanquis-colfax-records-needing-manual-confirmation,Los Chanquis,Raton,Colfax,NM,Local business or service,False,Hosted profile,https://www.facebook.com/p/Oasis-Restaurant-100059128702010/,https://www.exploreraton.com/eat; https://www.facebook.com/p/Oasis-Restaurant-100059128702010/,Not indicated,Not indicated,Not indicated,Not indicated,Not indicated,Not indicated,Contact opportunity: Social-sharing contact,Not indicated,Not indicated,Not indicated,Not indicated,Contact opportunity: Cross-promotion contact
local_listing,yellowpages-lead-los-chanquis-mexican-seafood-raton-colfax,Los Chanquis Mexican & Seafood,Raton,Colfax,NM,Local business or service,False,Hosted profile,,https://www.yellowpages.com/raton-nm/business-listings/1,Not indicated,Not indicated,Not indicated,Not indicated,Not indicated,Not indicated,Not indicated,Not indicated,Not indicated,Not indicated,Not indicated,Not indicated
local_listing,yellowpages-lead-low-cost-ignition-interlock-raton-colfax,Low Cost Ignition Interlock,Raton,Colfax,NM,Local business or service,False,Hosted profile,,https://www.yellowpages.com/raton-nm/business-listings/1,Not indicated,Not indicated,Not indicated,Not indicated,Not indicated,Not indicated,Not indicated,Not indicated,Not indicated,Not indicated,Not indicated,Not indicated
local_listing,lyn-s-hair-design-colfax-personal-services,Lyn's Hair Design,Raton,Colfax,NM,Local business or service,True,Hosted profile,,https://www.yellowpages.com/raton-nm/business-listings/1,Not indicated,Not indicated,Not indicated,Not indicated,Not indicated,Not indicated,Not indicated,Not indicated,Not indicated,Not indicated,Not indicated,Not indicated
local_listing,travel-guide-made-in-raton-consignment-shop-raton-colfax,Made in Raton Consignment Shop,Raton,Colfax,NM,Retail & local goods,False,Hosted profile,https://www.facebook.com/d4wghouse,https://www.exploreraton.com/shop; https://www.facebook.com/d4wghouse,Not indicated,Not indicated,Not indicated,Not indicated,Not indicated,Not indicated,Contact opportunity: Social-sharing contact,Not indicated,Not indicated,Not indicated,Not indicated,Contact opportunity: Cross-promotion contact
local_listing,yellowpages-lead-magistrate-court-raton-colfax,Magistrate Court,Raton,Colfax,NM,Local business or service,False,Hosted profile,,https://www.yellowpages.com/raton-nm/business-listings/1,Not indicated,Not indicated,Not indicated,Not indicated,Not indicated,Not indicated,Not indicated,Not indicated,Not indicated,Not indicated,Not indicated,Not indicated
local_listing,yellowpages-lead-martin-financial-advisers-raton-colfax,Martin Financial Advisers,Raton,Colfax,NM,Professional services,False,Hosted profile,,https://www.yellowpages.com/raton-nm/business-listings/1,Not indicated,Not indicated,Not indicated,Not indicated,Not indicated,Not indicated,Not indicated,Not indicated,Not indicated,Not indicated,Not indicated,Not indicated
local_listing,yellowpages-lead-mcb-computers-raton-colfax,MCB Computers,Raton,Colfax,NM,Local business or service,False,Hosted profile,,https://www.yellowpages.com/raton-nm/business-listings/1,Not indicated,Not indicated,Not indicated,Not indicated,Not indicated,Not indicated,Not indicated,Not indicated,Not indicated,Not indicated,Not indicated,Not indicated
local_listing,yellowpages-lead-mcconnell-steven-l-atty-raton-colfax,"McConnell, Steven L, ATTY",Raton,Colfax,NM,Local business or service,False,Hosted profile,,https://www.yellowpages.com/raton-nm/business-listings/1,Not indicated,Not indicated,Not indicated,Not indicated,Not indicated,Not indicated,Not indicated,Not indicated,Not indicated,Not indicated,Not indicated,Not indicated
local_listing,travel-guide-mcdonald-s-raton-colfax,McDonald's,Raton,Colfax,NM,Food & drink,False,Direct website,https://www.mcdonalds.com/us/en-us/location/nm/raton/542-clayton-rd/6011.html?cid=RF:YXT:GMB::Clicks,https://www.exploreraton.com/eat; https://www.mcdonalds.com/us/en-us/location/nm/raton/542-clayton-rd/6011.html?cid=RF:YXT:GMB::Clicks; https://www.yellowpages.com/raton-nm/business-listings/1,Not indicated,Not indicated,Not indicated,Not indicated,Not indicated,Not indicated,Not indicated,Not indicated,Not indicated,Not indicated,Contact opportunity: Sponsorship contact,Not indicated
local_listing,travel-guide-mcmc-auxiliary-gift-shop-raton-colfax,MCMC Auxiliary Gift Shop,Raton,Colfax,NM,Retail & local goods,False,Hosted profile,https://www.facebook.com/profile.php?id=100090788985185,https://www.exploreraton.com/shop; https://www.facebook.com/profile.php?id=100090788985185,Not indicated,Not indicated,Not indicated,Not indicated,Not indicated,Not indicated,Contact opportunity: Social-sharing contact,Not indicated,Not indicated,Not indicated,Not indicated,Contact opportunity: Cross-promotion contact
local_listing,travel-guide-mcmc-auxiliary-thrift-shop-raton-colfax,MCMC Auxiliary Thrift Shop,Raton,Colfax,NM,Retail & local goods,False,Hosted profile,https://www.facebook.com/profile.php?id=100045651197664,https://www.exploreraton.com/shop; https://www.facebook.com/profile.php?id=100045651197664,Not indicated,Not indicated,Not indicated,Not indicated,Not indicated,Not indicated,Contact opportunity: Social-sharing contact,Not indicated,Not indicated,Not indicated,Not indicated,Contact opportunity: Cross-promotion contact
local_listing,yellowpages-lead-medicine-shoppe-raton-colfax,Medicine Shoppe,Raton,Colfax,NM,Local business or service,False,Hosted profile,,https://www.yellowpages.com/raton-nm/business-listings/1,Not indicated,Not indicated,Not indicated,Not indicated,Not indicated,Not indicated,Not indicated,Not indicated,Not indicated,Not indicated,Not indicated,Not indicated
local_listing,medicine-shoppe-pharmacy-colfax-healthcare-pharmacy,Medicine Shoppe Pharmacy,Raton,Colfax,NM,Health & wellness,True,Contact only,,,Contact opportunity: Flyer/poster contact,Not indicated,Not indicated,Contact opportunity: Front-desk referral contact,Not indicated,Not indicated,Not indicated,Not indicated,Not indicated,Not indicated,Not indicated,Not indicated
local_listing,mesa-pharmacy-colfax-healthcare-pharmacy,Mesa Pharmacy,Raton,Colfax,NM,Health & wellness,True,Hosted profile,,https://www.yellowpages.com/raton-nm/business-listings/1,Contact opportunity: Flyer/poster contact,Not indicated,Not indicated,Not indicated,Not indicated,Not indicated,Not indicated,Not indicated,Not indicated,Not indicated,Not indicated,Contact opportunity: Cross-promotion contact
local_listing,yellowpages-lead-mesa-vista-veterinary-hospital-raton-colfax,Mesa Vista Veterinary Hospital,Raton,Colfax,NM,Health & wellness,False,Hosted profile,,https://www.yellowpages.com/raton-nm/business-listings/1,Not indicated,Not indicated,Not indicated,Not indicated,Not indicated,Not indicated,Not indicated,Not indicated,Not indicated,Not indicated,Not indicated,Not indicated
local_listing,travel-guide-mesalands-cc-dinosaur-museum-raton-colfax,Mesalands CC Dinosaur Museum,Raton,Colfax,NM,Arts & culture,False,Hosted profile,https://www.newmexico.org/listing/mesalands-community-college%e2%80%99s-dinosaur-museum/1411/,https://www.newmexico.org/listing/mesalands-community-college%e2%80%99s-dinosaur-museum/1411/; https://www.newmexico.org/places-to-visit/regions/northeast/raton/,Not indicated,Not indicated,Not indicated,Not indicated,Listed route: Existing directory profile,Not indicated,Not indicated,Not indicated,Not indicated,Not indicated,Not indicated,Contact opportunity: Cross-promotion contact
local_listing,travel-guide-mesalands-scenic-byway-raton-colfax,Mesalands Scenic Byway,Raton,Colfax,NM,Local business or service,False,Hosted profile,https://www.newmexico.org/places-to-visit/scenic-byways/mesalands/,https://www.newmexico.org/places-to-visit/regions/northeast/raton/; https://www.newmexico.org/places-to-visit/scenic-byways/mesalands/,Not indicated,Not indicated,Not indicated,Not indicated,Not indicated,Not indicated,Not indicated,Not indicated,Not indicated,Not indicated,Not indicated,Not indicated
local_listing,yellowpages-lead-michael-a-martinez-sw-raton-colfax,"Michael A Martinez, SW",Raton,Colfax,NM,Local business or service,False,Hosted profile,,https://www.yellowpages.com/raton-nm/business-listings/1,Not indicated,Not indicated,Not indicated,Not indicated,Not indicated,Not indicated,Not indicated,Not indicated,Not indicated,Not indicated,Not indicated,Not indicated
local_listing,microtel-inn-suites-by-wyndham-raton-colfax-lodging,Microtel Inn & Suites by Wyndham Raton,Raton,Colfax,NM,Lodging & stays,True,Hosted profile,,https://www.yellowpages.com/raton-nm/business-listings/1,Contact opportunity: Flyer/poster contact,Contact opportunity: Brochure/rack-card contact,Not indicated,Contact opportunity: Front-desk referral contact,Not indicated,Not indicated,Not indicated,Not indicated,Not indicated,Not indicated,Contact opportunity: Sponsorship contact,Not indicated
local_listing,miner-s-colfax-medical-center-colfax-hospital,Miner's Colfax Medical Center,Raton,Colfax,NM,Health & wellness,True,Contact only,,,Not indicated,Not indicated,Not indicated,Not indicated,Not indicated,Not indicated,Not indicated,Not indicated,Not indicated,Not indicated,Not indicated,Not indicated
local_listing,miners-colfax-medical-center-colfax-healthcare,Miners' Colfax Medical Center,Raton,Colfax,NM,Health & wellness,True,Contact only,,,Not indicated,Not indicated,Not indicated,Not indicated,Not indicated,Not indicated,Not indicated,Not indicated,Not indicated,Not indicated,Not indicated,Not indicated
local_listing,yellowpages-lead-miners-long-term-care-facility-raton-colfax,Miners Long-Term Care Facility,Raton,Colfax,NM,Local business or service,False,Hosted profile,,https://www.yellowpages.com/raton-nm/business-listings/1,Not indicated,Not indicated,Not indicated,Not indicated,Not indicated,Not indicated,Not indicated,Not indicated,Not indicated,Not indicated,Not indicated,Not indicated
local_listing,yellowpages-lead-travelodge-by-wyndham-raton-raton-colfax,Travelodge by Wyndham Raton,Raton,Colfax,NM,Local business or service,False,Hosted profile,,https://www.yellowpages.com/raton-nm/business-listings/1,Not indicated,Not indicated,Not indicated,Not indicated,Not indicated,Not indicated,Not indicated,Not indicated,Not indicated,Not indicated,Contact opportunity: Sponsorship contact,Not indicated
local_listing,travel-guide-mulligan-s-raton-colfax,Mulligan's,Raton,Colfax,NM,Food & drink,False,Hosted profile,https://www.facebook.com/MulligansRestaurant/?rf=973642736005722,https://www.exploreraton.com/eat; https://www.facebook.com/MulligansRestaurant/?rf=973642736005722; https://www.yellowpages.com/raton-nm/business-listings/1,Not indicated,Not indicated,Not indicated,Not indicated,Not indicated,Not indicated,Contact opportunity: Social-sharing contact,Not indicated,Not indicated,Not indicated,Not indicated,Contact opportunity: Cross-promotion contact
local_listing,yellowpages-lead-murphy-cpa-associates-raton-colfax,Murphy CPA & Associates,Raton,Colfax,NM,Local business or service,False,Hosted profile,,https://www.yellowpages.com/raton-nm/business-listings/1,Not indicated,Not indicated,Not indicated,Not indicated,Not indicated,Not indicated,Not indicated,Not indicated,Not indicated,Not indicated,Not indicated,Not indicated
local_listing,yellowpages-lead-new-mexico-state-raton-colfax,New Mexico - State,Raton,Colfax,NM,Local business or service,False,Hosted profile,,https://www.yellowpages.com/raton-nm/business-listings/1,Not indicated,Not indicated,Not indicated,Not indicated,Not indicated,Not indicated,Not indicated,Not indicated,Not indicated,Not indicated,Not indicated,Not indicated
local_listing,yellowpages-lead-new-mexico-state-government-raton-colfax,New Mexico State Government,Raton,Colfax,NM,Public offices,False,Hosted profile,,https://www.yellowpages.com/raton-nm/business-listings/1,Not indicated,Not indicated,Not indicated,Not indicated,Not indicated,Not indicated,Not indicated,Not indicated,Not indicated,Not indicated,Not indicated,Not indicated
local_listing,yellowpages-lead-new-mexico-state-government-children-youth-families-raton-colfax,New Mexico State Government Children Youth and Families,Raton,Colfax,NM,Public offices,False,Hosted profile,,https://www.yellowpages.com/raton-nm/business-listings/1,Not indicated,Not indicated,Not indicated,Not indicated,Not indicated,Not indicated,Not indicated,Not indicated,Not indicated,Not indicated,Not indicated,Not indicated
local_listing,yellowpages-lead-new-mexico-state-government-courts-raton-colfax,New Mexico State Government Courts,Raton,Colfax,NM,Public offices,False,Hosted profile,,https://www.yellowpages.com/raton-nm/business-listings/1,Not indicated,Not indicated,Not indicated,Not indicated,Not indicated,Not indicated,Not indicated,Not indicated,Not indicated,Not indicated,Not indicated,Not indicated
local_listing,nm-creativecon-creative-industries-event-series-raton-colfax-creative-entrepreneurship,NM CreativeCon / Creative Industries Event Series,Raton,Colfax,NM,Arts & culture,False,Hosted profile,https://www.edd.newmexico.gov/press-releases/state-launches-nm-creativecon-series-to-boost-creative-economy/,https://www.edd.newmexico.gov/press-releases/state-launches-nm-creativecon-series-to-boost-creative-economy/,Not indicated,Not indicated,Not indicated,Not indicated,Not indicated,Contact opportunity: Event calendar contact,Not indicated,Not indicated,Not indicated,Listed route: Media/editorial route,Contact opportunity: Sponsorship contact,Contact opportunity: Cross-promotion contact
local_listing,travel-guide-northeast-region-interactive-birding-map-raton-colfax,Northeast Region Interactive Birding Map,Raton,Colfax,NM,Local business or service,False,Hosted profile,https://www.newmexico.org/places-to-visit/regions/northeast/northeast-region-birding-map/,https://www.newmexico.org/places-to-visit/regions/northeast/northeast-region-birding-map/; https://www.newmexico.org/places-to-visit/regions/northeast/raton/,Not indicated,Not indicated,Not indicated,Not indicated,Not indicated,Not indicated,Not indicated,Not indicated,Not indicated,Not indicated,Not indicated,Not indicated
local_listing,travel-guide-nra-whittington-center-pro-shop-raton-colfax,NRA Whittington Center Pro Shop,Raton,Colfax,NM,Retail & local goods,False,Direct website,https://sharenm.org/st-vincent-de-paul-svdp/st-vincent-de-paul-society-raton,https://sharenm.org/st-vincent-de-paul-svdp/st-vincent-de-paul-society-raton; https://www.exploreraton.com/shop,Not indicated,Not indicated,Not indicated,Not indicated,Not indicated,Not indicated,Not indicated,Not indicated,Not indicated,Not indicated,Not indicated,Not indicated
local_listing,travel-guide-oasis-restaurant-raton-colfax,Oasis Restaurant,Raton,Colfax,NM,Food & drink,False,Direct website,https://locations.sonicdrivein.com/nm/raton/327-clayton-road.html,https://locations.sonicdrivein.com/nm/raton/327-clayton-road.html; https://www.exploreraton.com/eat; https://www.yellowpages.com/raton-nm/business-listings/1,Not indicated,Not indicated,Not indicated,Not indicated,Not indicated,Not indicated,Not indicated,Not indicated,Not indicated,Not indicated,Not indicated,Not indicated
local_listing,old-pass-gallery-colfax-arts-culture,Old Pass Gallery,Raton,Colfax,NM,Arts & culture,True,Direct website,https://www.ratonarts.org/; https://www.ratonartsandculture.info/,https://www.ratonnm.gov/business_detail_T7_R18.php,Contact opportunity: Flyer/poster contact,Contact opportunity: Brochure/rack-card contact,Contact opportunity: Bulletin-board contact,Contact opportunity: Front-desk referral contact,Not indicated,Not indicated,Not indicated,Contact opportunity: Newsletter contact,Not indicated,Not indicated,Not indicated,Contact opportunity: Cross-promotion contact
local_listing,travel-guide-pack-rat-raton-colfax,The Pack Rat,Raton,Colfax,NM,Retail & local goods,False,Hosted profile,,https://www.exploreraton.com/shop,Not indicated,Not indicated,Not indicated,Not indicated,Not indicated,Not indicated,Not indicated,Not indicated,Not indicated,Not indicated,Not indicated,Not indicated
local_listing,travel-guide-pappa-s-sweet-shop-raton-colfax,Pappa's Sweet Shop,Raton,Colfax,NM,Food & drink,False,Direct website,https://pappassweetshop.wixsite.com/pappas,https://pappassweetshop.wixsite.com/pappas; https://www.exploreraton.com/eat,Not indicated,Not indicated,Not indicated,Not indicated,Not indicated,Not indicated,Not indicated,Not indicated,Not indicated,Not indicated,Not indicated,Not indicated
local_listing,pappas-sweet-shop-colfax-dining-hospitality,Pappas' Sweet Shop,Raton,Colfax,NM,Food & drink,True,Contact only,,,Contact opportunity: Flyer/poster contact,Not indicated,Not indicated,Contact opportunity: Front-desk referral contact,Not indicated,Not indicated,Not indicated,Not indicated,Not indicated,Not indicated,Not indicated,Not indicated
local_listing,pappas-sweet-shop-restaurant-colfax-food-beverage,Pappas' Sweet Shop Restaurant,Raton,Colfax,NM,Food & drink,True,Hosted profile,,https://www.yellowpages.com/raton-nm/business-listings/1,Contact opportunity: Flyer/poster contact,Not indicated,Not indicated,Contact opportunity: Front-desk referral contact,Not indicated,Not indicated,Not indicated,Not indicated,Not indicated,Not indicated,Not indicated,Not indicated
local_listing,travel-guide-patchwork-phoenix-specialty-shop-raton-colfax,Patchwork Phoenix Specialty Shop,Raton,Colfax,NM,Retail & local goods,False,Hosted profile,https://www.facebook.com/roseshoneysuckle/,https://www.exploreraton.com/shop; https://www.facebook.com/roseshoneysuckle/,Not indicated,Not indicated,Not indicated,Not indicated,Not indicated,Not indicated,Contact opportunity: Social-sharing contact,Not indicated,Not indicated,Not indicated,Not indicated,Contact opportunity: Cross-promotion contact
local_listing,travel-guide-pecos-canadian-cimarron-and-mora-rivers-raton-colfax,"The Pecos, Canadian, Cimarron, and Mora Rivers",Raton,Colfax,NM,Local business or service,False,Hosted profile,https://www.newmexico.org/things-to-do/outdoor-adventures/rafting-kayaking/pecos-canadian-cimarron-mora/,https://www.newmexico.org/places-to-visit/regions/northeast/raton/; https://www.newmexico.org/things-to-do/outdoor-adventures/rafting-kayaking/pecos-canadian-cimarron-mora/,Not indicated,Not indicated,Not indicated,Not indicated,Not indicated,Not indicated,Not indicated,Not indicated,Not indicated,Not indicated,Not indicated,Not indicated
local_listing,travel-guide-pecos-national-historical-park-raton-colfax,Pecos National Historical Park,Raton,Colfax,NM,Outdoor recreation,False,Hosted profile,https://www.newmexico.org/listing/pecos-national-historical-park/1568/,https://www.newmexico.org/listing/pecos-national-historical-park/1568/; https://www.newmexico.org/places-to-visit/regions/northeast/raton/,Not indicated,Not indicated,Not indicated,Not indicated,Listed route: Existing directory profile,Not indicated,Not indicated,Not indicated,Not indicated,Not indicated,Not indicated,Not indicated
local_listing,yellowpages-lead-pendleton-oil-gas-of-raton-raton-colfax,Pendleton Oil & Gas Co of Raton,Raton,Colfax,NM,Auto & transportation,False,Hosted profile,,https://www.yellowpages.com/raton-nm/business-listings/1,Not indicated,Not indicated,Not indicated,Not indicated,Not indicated,Not indicated,Not indicated,Not indicated,Not indicated,Not indicated,Not indicated,Contact opportunity: Cross-promotion contact
local_listing,yellowpages-lead-phil-long-ford-of-raton-raton-colfax,Phil Long Ford of Raton,Raton,Colfax,NM,Local business or service,False,Hosted profile,,https://www.yellowpages.com/raton-nm/business-listings/1,Not indicated,Not indicated,Not indicated,Not indicated,Not indicated,Not indicated,Not indicated,Not indicated,Not indicated,Not indicated,Not indicated,Not indicated
local_listing,yellowpages-lead-phillips-66-raton-colfax,Phillips 66,Raton,Colfax,NM,Local business or service,False,Hosted profile,,https://www.yellowpages.com/raton-nm/business-listings/1,Not indicated,Not indicated,Not indicated,Not indicated,Not indicated,Not indicated,Not indicated,Not indicated,Not indicated,Not indicated,Contact opportunity: Sponsorship contact,Not indicated
local_listing,yellowpages-lead-pinnacle-propane-raton-colfax,Pinnacle Propane,Raton,Colfax,NM,Local business or service,False,Hosted profile,,https://www.yellowpages.com/raton-nm/business-listings/1,Not indicated,Not indicated,Not indicated,Not indicated,Not indicated,Not indicated,Not indicated,Not indicated,Not indicated,Not indicated,Not indicated,Contact opportunity: Cross-promotion contact
local_listing,travel-guide-planet-of-vapes-raton-colfax,Planet of the Vapes,Raton,Colfax,NM,Retail & local goods,False,Hosted profile,https://www.facebook.com/ramelfamilyfarms,https://www.exploreraton.com/shop; https://www.facebook.com/ramelfamilyfarms,Not indicated,Not indicated,Not indicated,Not indicated,Not indicated,Not indicated,Contact opportunity: Social-sharing contact,Not indicated,Not indicated,Not indicated,Not indicated,Contact opportunity: Cross-promotion contact
local_listing,yellowpages-lead-professional-home-health-raton-colfax,Professional Home Health,Raton,Colfax,NM,Health & wellness,False,Hosted profile,,https://www.yellowpages.com/raton-nm/business-listings/1,Not indicated,Not indicated,Not indicated,Not indicated,Not indicated,Not indicated,Not indicated,Not indicated,Not indicated,Not indicated,Not indicated,Not indicated
local_listing,yellowpages-lead-pyramid-instrumentation-electric-raton-colfax,Pyramid Instrumentation & Electric,Raton,Colfax,NM,"Home, land & contracting",False,Hosted profile,,https://www.yellowpages.com/raton-nm/business-listings/1,Not indicated,Not indicated,Not indicated,Not indicated,Not indicated,Not indicated,Not indicated,Not indicated,Not indicated,Not indicated,Contact opportunity: Sponsorship contact,Contact opportunity: Cross-promotion contact
local_listing,yellowpages-lead-r-d-honda-raton-colfax,R & D Honda,Raton,Colfax,NM,Local business or service,False,Hosted profile,,https://www.yellowpages.com/raton-nm/business-listings/1,Not indicated,Not indicated,Not indicated,Not indicated,Not indicated,Not indicated,Not indicated,Not indicated,Not indicated,Not indicated,Not indicated,Not indicated
local_listing,travel-guide-raton-adventure-centre-raton-colfax,Raton Adventure Centre,Raton,Colfax,NM,Retail & local goods,False,Hosted profile,https://www.facebook.com/profile.php?id=61553882406490,https://www.exploreraton.com/shop; https://www.facebook.com/profile.php?id=61553882406490,Not indicated,Not indicated,Not indicated,Not indicated,Not indicated,Not indicated,Contact opportunity: Social-sharing contact,Not indicated,Not indicated,Not indicated,Not indicated,Contact opportunity: Cross-promotion contact
local_listing,yellowpages-lead-raton-animal-shelter-raton-colfax,Raton Animal Shelter,Raton,Colfax,NM,Local business or service,False,Hosted profile,,https://www.yellowpages.com/raton-nm/business-listings/1,Not indicated,Not indicated,Not indicated,Not indicated,Not indicated,Not indicated,Not indicated,Not indicated,Not indicated,Not indicated,Not indicated,Not indicated
local_listing,raton-arts-and-humanities-council-visual-arts-calendar-raton-colfax-visual-arts-calend,Raton Arts and Humanities Council Visual Arts Calendar,Raton,Colfax,NM,Arts & culture,False,Direct website,https://www.ratonarts.org/visual-arts,https://www.ratonarts.org/visual-arts,Not indicated,Not indicated,Not indicated,Not indicated,Not indicated,Contact opportunity: Event calendar contact,Not indicated,Contact opportunity: Newsletter contact,Not indicated,Not indicated,Not indicated,Contact opportunity: Cross-promotion contact
local_listing,raton-chamber-of-commerce-colfax-business-organization,Raton Chamber of Commerce,Raton,Colfax,NM,Tourism & visitor info,True,Contact only,,,Contact opportunity: Flyer/poster contact,Contact opportunity: Brochure/rack-card contact,Not indicated,Contact opportunity: Front-desk referral contact,Contact opportunity: Directory listing contact,Contact opportunity: Event calendar contact,Not indicated,Contact opportunity: Newsletter contact,Not indicated,Not indicated,Contact opportunity: Sponsorship contact,Contact opportunity: Cross-promotion contact
local_listing,yellowpages-lead-raton-church-of-christ-raton-colfax,Raton Church of Christ,Raton,Colfax,NM,Nonprofit & community,False,Hosted profile,,https://www.yellowpages.com/raton-nm/business-listings/1,Not indicated,Not indicated,Not indicated,Not indicated,Not indicated,Not indicated,Not indicated,Contact opportunity: Newsletter contact,Not indicated,Not indicated,Not indicated,Not indicated
local_listing,raton-colfax-colfax-leading-local-pages-and-channels-to-watch,Raton / Colfax,Raton,Colfax,NM,Media & news,True,Hosted profile,https://exploreraton.com,https://exploreraton.com,Not indicated,Not indicated,Not indicated,Not indicated,Not indicated,Not indicated,Not indicated,Not indicated,Contact opportunity: Digital advertising contact,Contact opportunity: Pitch a story or announcement,Not indicated,Contact opportunity: Cross-promotion contact
local_listing,raton-country-club-golf-course-colfax-recreation,Raton Country Club & Golf Course,Raton,Colfax,NM,Outdoor recreation,True,Contact only,,,Not indicated,Not indicated,Not indicated,Not indicated,Not indicated,Not indicated,Not indicated,Not indicated,Not indicated,Not indicated,Not indicated,Not indicated
local_listing,yellowpages-lead-raton-ford-raton-colfax,Raton Ford,Raton,Colfax,NM,Local business or service,False,Hosted profile,,https://www.yellowpages.com/raton-nm/business-listings/1,Not indicated,Not indicated,Not indicated,Not indicated,Not indicated,Not indicated,Not indicated,Not indicated,Not indicated,Not indicated,Not indicated,Not indicated
local_listing,yellowpages-lead-raton-high-school-raton-colfax,Raton High School,Raton,Colfax,NM,Education & learning,False,Hosted profile,,https://www.yellowpages.com/raton-nm/business-listings/1,Not indicated,Not indicated,Not indicated,Not indicated,Not indicated,Not indicated,Not indicated,Not indicated,Not indicated,Not indicated,Not indicated,Not indicated
local_listing,raton-home-center-colfax-home-garden,Raton Home Center,Raton,Colfax,NM,"Home, land & contracting",True,Contact only,,,Not indicated,Not indicated,Not indicated,Not indicated,Not indicated,Not indicated,Not indicated,Not indicated,Not indicated,Not indicated,Not indicated,Not indicated
local_listing,raton-mainstreet-colfax-fa-ade-improvement-grants-downtown-events-proper,Raton MainStreet,Raton,Colfax,NM,Tourism & visitor info,True,Contact only,,,Contact opportunity: Flyer/poster contact,Not indicated,Not indicated,Not indicated,Contact opportunity: Directory listing contact,Contact opportunity: Event calendar contact,Not indicated,Contact opportunity: Newsletter contact,Not indicated,Not indicated,Contact opportunity: Sponsorship contact,Contact opportunity: Cross-promotion contact
local_listing,raton-museum-colfax-raton,The Raton Museum,Raton,Colfax,NM,Arts & culture,True,Hosted profile,,https://www.ratonnm.gov/business_detail_T7_R36.php,Contact opportunity: Flyer/poster contact,Contact opportunity: Brochure/rack-card contact,Not indicated,Contact opportunity: Front-desk referral contact,Not indicated,Not indicated,Not indicated,Not indicated,Not indicated,Not indicated,Not indicated,Contact opportunity: Cross-promotion contact
local_listing,yellowpages-lead-raton-mvd-field-office-raton-colfax,Raton MVD Field Office,Raton,Colfax,NM,Local business or service,False,Hosted profile,,https://www.yellowpages.com/raton-nm/business-listings/1,Not indicated,Not indicated,Not indicated,Not indicated,Not indicated,Not indicated,Not indicated,Not indicated,Not indicated,Not indicated,Not indicated,Not indicated
local_listing,yellowpages-lead-raton-public-service-raton-colfax,Raton Public Service Co,Raton,Colfax,NM,Local business or service,False,Hosted profile,,https://www.yellowpages.com/raton-nm/business-listings/1,Not indicated,Not indicated,Not indicated,Not indicated,Not indicated,Not indicated,Not indicated,Not indicated,Not indicated,Not indicated,Not indicated,Not indicated
local_listing,yellowpages-lead-raton-seventh-day-adventist-raton-colfax,Raton Seventh-Day Adventist,Raton,Colfax,NM,Local business or service,False,Hosted profile,,https://www.yellowpages.com/raton-nm/business-listings/1,Not indicated,Not indicated,Not indicated,Not indicated,Not indicated,Contact opportunity: Event calendar contact,Not indicated,Not indicated,Not indicated,Not indicated,Contact opportunity: Sponsorship contact,Contact opportunity: Cross-promotion contact
local_listing,yellowpages-lead-raton-sign-raton-colfax,Raton Sign Co,Raton,Colfax,NM,Local business or service,False,Hosted profile,,https://www.yellowpages.com/raton-nm/business-listings/1,Not indicated,Not indicated,Not indicated,Not indicated,Not indicated,Not indicated,Not indicated,Not indicated,Not indicated,Not indicated,Not indicated,Not indicated
local_listing,yellowpages-lead-raton-truck-stop-raton-colfax,Raton Truck Stop,Raton,Colfax,NM,Local business or service,False,Hosted profile,,https://www.yellowpages.com/raton-nm/business-listings/1,Not indicated,Not indicated,Not indicated,Not indicated,Not indicated,Not indicated,Not indicated,Not indicated,Not indicated,Not indicated,Not indicated,Not indicated
local_listing,yellowpages-lead-raton-veterinary-hospital-raton-colfax,Raton Veterinary Hospital,Raton,Colfax,NM,Health & wellness,False,Hosted profile,,https://www.yellowpages.com/raton-nm/business-listings/1,Not indicated,Not indicated,Not indicated,Not indicated,Not indicated,Not indicated,Not indicated,Not indicated,Not indicated,Not indicated,Not indicated,Not indicated
local_listing,yellowpages-lead-realty-one-of-nm-raton-colfax,Realty One of Nm,Raton,Colfax,NM,Professional services,False,Hosted profile,,https://www.yellowpages.com/raton-nm/business-listings/1,Not indicated,Not indicated,Not indicated,Not indicated,Not indicated,Not indicated,Not indicated,Not indicated,Not indicated,Not indicated,Not indicated,Not indicated
local_listing,yellowpages-lead-realty-one-of-santa-fe-raton-colfax,Realty One of Santa Fe,Raton,Colfax,NM,Professional services,False,Hosted profile,,https://www.yellowpages.com/raton-nm/business-listings/1,Not indicated,Not indicated,Not indicated,Not indicated,Not indicated,Not indicated,Not indicated,Not indicated,Not indicated,Not indicated,Not indicated,Not indicated
local_listing,records-hardware-colfax-retail-hardware,Records Hardware,Raton,Colfax,NM,Retail & local goods,True,Hosted profile,,https://www.yellowpages.com/raton-nm/business-listings/1,Contact opportunity: Flyer/poster contact,Not indicated,Not indicated,Contact opportunity: Front-desk referral contact,Not indicated,Not indicated,Not indicated,Not indicated,Not indicated,Not indicated,Not indicated,Contact opportunity: Cross-promotion contact
local_listing,yellowpages-lead-records-rental-shop-raton-colfax,Records Rental & Shop,Raton,Colfax,NM,Retail & local goods,False,Hosted profile,,https://www.yellowpages.com/raton-nm/business-listings/1,Not indicated,Not indicated,Not indicated,Not indicated,Not indicated,Not indicated,Not indicated,Not indicated,Not indicated,Not indicated,Not indicated,Not indicated
local_listing,yellowpages-lead-redbox-raton-colfax,Redbox,Raton,Colfax,NM,Local business or service,False,Hosted profile,,https://www.yellowpages.com/raton-nm/business-listings/1,Not indicated,Not indicated,Not indicated,Not indicated,Not indicated,Not indicated,Not indicated,Not indicated,Not indicated,Not indicated,Not indicated,Not indicated
local_listing,yellowpages-lead-regina-s-special-effect-raton-colfax,Regina's Special Effect,Raton,Colfax,NM,Local business or service,False,Hosted profile,,https://www.yellowpages.com/raton-nm/business-listings/1,Not indicated,Not indicated,Not indicated,Not indicated,Not indicated,Not indicated,Not indicated,Not indicated,Not indicated,Not indicated,Not indicated,Not indicated
local_listing,yellowpages-lead-rji-raton-colfax,Rji Inc,Raton,Colfax,NM,Local business or service,False,Hosted profile,,https://www.yellowpages.com/raton-nm/business-listings/1,Not indicated,Not indicated,Not indicated,Not indicated,Not indicated,Not indicated,Not indicated,Not indicated,Not indicated,Not indicated,Not indicated,Not indicated
local_listing,yellowpages-lead-rocky-mountain-pest-control-raton-colfax,Rocky Mountain Pest Control,Raton,Colfax,NM,Local business or service,False,Hosted profile,,https://www.yellowpages.com/raton-nm/business-listings/1,Not indicated,Not indicated,Not indicated,Not indicated,Not indicated,Not indicated,Not indicated,Not indicated,Not indicated,Not indicated,Not indicated,Not indicated
local_listing,travel-guide-rose-s-honeysuckle-station-raton-colfax,Rose's Honeysuckle Station,Raton,Colfax,NM,Retail & local goods,False,Hosted profile,https://www.facebook.com/SolanosWesternWear,https://www.exploreraton.com/shop; https://www.facebook.com/SolanosWesternWear,Not indicated,Not indicated,Not indicated,Not indicated,Not indicated,Not indicated,Contact opportunity: Social-sharing contact,Not indicated,Not indicated,Not indicated,Not indicated,Contact opportunity: Cross-promotion contact
local_listing,yellowpages-lead-rw-butt-construction-raton-colfax,RW Butt Construction,Raton,Colfax,NM,"Home, land & contracting",False,Hosted profile,,https://www.yellowpages.com/raton-nm/business-listings/1,Not indicated,Not indicated,Not indicated,Not indicated,Not indicated,Not indicated,Not indicated,Not indicated,Not indicated,Not indicated,Contact opportunity: Sponsorship contact,Contact opportunity: Cross-promotion contact
local_listing,yellowpages-lead-s-f-contracting-raton-colfax,S & F Contracting,Raton,Colfax,NM,Local business or service,False,Hosted profile,,https://www.yellowpages.com/raton-nm/business-listings/1,Not indicated,Not indicated,Not indicated,Not indicated,Not indicated,Not indicated,Not indicated,Not indicated,Not indicated,Not indicated,Not indicated,Not indicated
local_listing,travel-guide-sage-coffee-raton-colfax,Sage Coffee,Raton,Colfax,NM,Food & drink,False,Hosted profile,https://www.facebook.com/sagecoffeenm/,https://www.exploreraton.com/eat; https://www.facebook.com/sagecoffeenm/; https://www.yellowpages.com/raton-nm/business-listings/1,Not indicated,Not indicated,Not indicated,Not indicated,Not indicated,Not indicated,Contact opportunity: Social-sharing contact,Not indicated,Not indicated,Not indicated,Not indicated,Contact opportunity: Cross-promotion contact
local_listing,yellowpages-lead-sandoval-construction-raton-colfax,Sandoval Construction Co,Raton,Colfax,NM,"Home, land & contracting",False,Hosted profile,,https://www.yellowpages.com/raton-nm/business-listings/1,Not indicated,Not indicated,Not indicated,Not indicated,Not indicated,Not indicated,Not indicated,Not indicated,Not indicated,Not indicated,Contact opportunity: Sponsorship contact,Contact opportunity: Cross-promotion contact
local_listing,yellowpages-lead-sandoval-s-auto-repair-raton-colfax,Sandoval's Auto Repair,Raton,Colfax,NM,Auto & transportation,False,Hosted profile,,https://www.yellowpages.com/raton-nm/business-listings/1,Not indicated,Not indicated,Not indicated,Not indicated,Not indicated,Not indicated,Not indicated,Not indicated,Not indicated,Not indicated,Not indicated,Contact opportunity: Cross-promotion contact
local_listing,yellowpages-lead-sands-restaurant-raton-colfax,Sands Restaurant,Raton,Colfax,NM,Food & drink,False,Hosted profile,,https://www.yellowpages.com/raton-nm/business-listings/1,Not indicated,Not indicated,Not indicated,Not indicated,Not indicated,Not indicated,Not indicated,Not indicated,Not indicated,Not indicated,Not indicated,Not indicated
local_listing,travel-guide-santa-fe-trail-scenic-byway-raton-colfax,Santa Fe Trail Scenic Byway,Raton,Colfax,NM,Outdoor recreation,False,Hosted profile,https://www.newmexico.org/places-to-visit/scenic-byways/santa-fe-trail-national/,https://www.newmexico.org/places-to-visit/regions/northeast/raton/; https://www.newmexico.org/places-to-visit/scenic-byways/santa-fe-trail-national/,Not indicated,Not indicated,Not indicated,Not indicated,Not indicated,Not indicated,Not indicated,Not indicated,Not indicated,Not indicated,Not indicated,Not indicated
local_listing,santa-fe-trail-performing-arts-colfax-raton,Santa Fe Trail School for the Performing Arts,Raton,Colfax,NM,Arts & culture,True,Hosted profile,,https://www.ratonnm.gov/business_detail_T7_R32.php,Contact opportunity: Flyer/poster contact,Not indicated,Contact opportunity: Bulletin-board contact,Not indicated,Not indicated,Not indicated,Not indicated,Not indicated,Not indicated,Not indicated,Not indicated,Not indicated
local_listing,yellowpages-lead-sav-o-mat-raton-colfax,Sav-O-Mat Inc,Raton,Colfax,NM,Local business or service,False,Hosted profile,,https://www.yellowpages.com/raton-nm/business-listings/1,Not indicated,Not indicated,Not indicated,Not indicated,Not indicated,Not indicated,Not indicated,Not indicated,Not indicated,Not indicated,Not indicated,Not indicated
local_listing,travel-guide-score-antique-shop-raton-colfax,Score Antique Shop,Raton,Colfax,NM,Retail & local goods,False,Hosted profile,https://www.facebook.com/profile.php?id=100064731427049,https://www.exploreraton.com/shop; https://www.facebook.com/profile.php?id=100064731427049,Not indicated,Not indicated,Not indicated,Not indicated,Not indicated,Not indicated,Contact opportunity: Social-sharing contact,Not indicated,Not indicated,Not indicated,Not indicated,Contact opportunity: Cross-promotion contact
local_listing,yellowpages-lead-sheilds-survey-raton-colfax,Sheilds Survey Ltd Co,Raton,Colfax,NM,Local business or service,False,Hosted profile,,https://www.yellowpages.com/raton-nm/business-listings/1,Not indicated,Not indicated,Not indicated,Not indicated,Not indicated,Not indicated,Not indicated,Not indicated,Not indicated,Not indicated,Not indicated,Contact opportunity: Cross-promotion contact
local_listing,yellowpages-lead-shell-raton-colfax,Shell,Raton,Colfax,NM,Local business or service,False,Hosted profile,,https://www.yellowpages.com/raton-nm/business-listings/1,Not indicated,Not indicated,Not indicated,Not indicated,Not indicated,Not indicated,Not indicated,Not indicated,Not indicated,Not indicated,Contact opportunity: Sponsorship contact,Not indicated
local_listing,the-shuler-theater-colfax-performing-arts-venue,The Shuler Theater,Raton,Colfax,NM,Arts & culture,True,Direct website,http://www.shulertheater.com/; https://shulertheater.com,https://www.exploreraton.com/arts-culture; https://www.ratonnm.gov/business_detail_T7_R34.php,Contact opportunity: Flyer/poster contact,Not indicated,Not indicated,Contact opportunity: Front-desk referral contact,Not indicated,Contact opportunity: Event calendar contact,Not indicated,Not indicated,Not indicated,Not indicated,Contact opportunity: Sponsorship contact,Contact opportunity: Cross-promotion contact
local_listing,small-business-development-center-las-vegas-colfax-one-on-one-advising-b,Small Business Development Center - Las Vegas (NM),Raton,Colfax,NM,Business support,True,Contact only,,,Not indicated,Not indicated,Not indicated,Not indicated,Not indicated,Not indicated,Not indicated,Not indicated,Not indicated,Not indicated,Not indicated,Not indicated
local_listing,travel-guide-society-of-st-vincent-de-paul-raton-colfax,Society of St. Vincent de Paul,Raton,Colfax,NM,Retail & local goods,False,Hosted profile,https://www.exploreraton.com/blog/categories/shopping,https://www.exploreraton.com/blog/categories/shopping; https://www.exploreraton.com/shop,Not indicated,Not indicated,Not indicated,Not indicated,Not indicated,Not indicated,Not indicated,Not indicated,Not indicated,Not indicated,Not indicated,Not indicated
local_listing,solano-s-boot-western-wear-colfax-retail-apparel,Solano's Boot & Western Wear,Raton,Colfax,NM,Retail & local goods,True,Hosted profile,https://www.facebook.com/groups/1219199155088170/,https://www.exploreraton.com/shop; https://www.facebook.com/groups/1219199155088170/; https://www.yellowpages.com/raton-nm/business-listings/1,Contact opportunity: Flyer/poster contact,Not indicated,Not indicated,Contact opportunity: Front-desk referral contact,Not indicated,Not indicated,Contact opportunity: Social-sharing contact,Not indicated,Not indicated,Not indicated,Not indicated,Contact opportunity: Cross-promotion contact
local_listing,travel-guide-sonic-raton-colfax,Sonic,Raton,Colfax,NM,Food & drink,False,Hosted profile,https://www.exploreraton.com/blog/categories/_food,https://www.exploreraton.com/blog/categories/_food; https://www.exploreraton.com/eat,Not indicated,Not indicated,Not indicated,Not indicated,Not indicated,Not indicated,Not indicated,Not indicated,Not indicated,Not indicated,Not indicated,Not indicated
local_listing,yellowpages-lead-sonic-drive-in-raton-colfax,Sonic Drive-In,Raton,Colfax,NM,Local business or service,False,Hosted profile,,https://www.yellowpages.com/raton-nm/business-listings/1,Not indicated,Not indicated,Not indicated,Not indicated,Not indicated,Not indicated,Not indicated,Not indicated,Not indicated,Not indicated,Contact opportunity: Sponsorship contact,Not indicated
local_listing,yellowpages-lead-southwestern-hollow-metal-raton-colfax,Southwestern Hollow Metal,Raton,Colfax,NM,Local business or service,False,Hosted profile,,https://www.yellowpages.com/raton-nm/business-listings/1,Not indicated,Not indicated,Not indicated,Not indicated,Not indicated,Not indicated,Not indicated,Not indicated,Not indicated,Not indicated,Not indicated,Not indicated
local_listing,yellowpages-lead-spencer-s-rentals-raton-colfax,Spencer's Rentals,Raton,Colfax,NM,Local business or service,False,Hosted profile,,https://www.yellowpages.com/raton-nm/business-listings/1,Not indicated,Not indicated,Not indicated,Not indicated,Not indicated,Not indicated,Not indicated,Not indicated,Not indicated,Not indicated,Not indicated,Not indicated
local_listing,yellowpages-lead-stakeout-dining-club-raton-colfax,Stakeout Dining Club,Raton,Colfax,NM,Food & drink,False,Hosted profile,,https://www.yellowpages.com/raton-nm/business-listings/1,Not indicated,Not indicated,Not indicated,Not indicated,Not indicated,Not indicated,Not indicated,Not indicated,Not indicated,Not indicated,Not indicated,Not indicated
local_listing,yellowpages-lead-stuart-family-counseling-services-raton-colfax,Stuart Family Counseling Services,Raton,Colfax,NM,Local business or service,False,Hosted profile,,https://www.yellowpages.com/raton-nm/business-listings/1,Not indicated,Not indicated,Not indicated,Not indicated,Not indicated,Not indicated,Not indicated,Not indicated,Not indicated,Not indicated,Not indicated,Not indicated
local_listing,yellowpages-lead-subway-raton-colfax,Subway,Raton,Colfax,NM,Local business or service,False,Hosted profile,,https://www.yellowpages.com/raton-nm/business-listings/1,Not indicated,Not indicated,Not indicated,Not indicated,Not indicated,Not indicated,Not indicated,Not indicated,Not indicated,Not indicated,Contact opportunity: Sponsorship contact,Not indicated
local_listing,yellowpages-lead-sugarite-canyon-state-park-raton-colfax,Sugarite Canyon State Park,Raton,Colfax,NM,Outdoor recreation,False,Hosted profile,,https://www.yellowpages.com/raton-nm/business-listings/1,Not indicated,Not indicated,Not indicated,Not indicated,Not indicated,Not indicated,Not indicated,Not indicated,Not indicated,Not indicated,Not indicated,Not indicated
local_listing,yellowpages-lead-summerlan-parks-raton-colfax,Summerlan Parks,Raton,Colfax,NM,Local business or service,False,Hosted profile,,https://www.yellowpages.com/raton-nm/business-listings/1,Not indicated,Not indicated,Not indicated,Not indicated,Not indicated,Not indicated,Not indicated,Not indicated,Not indicated,Not indicated,Not indicated,Not indicated
local_listing,yellowpages-lead-super-8-by-wyndham-raton-raton-colfax,Super 8 by Wyndham Raton,Raton,Colfax,NM,Local business or service,False,Hosted profile,,https://www.yellowpages.com/raton-nm/business-listings/1,Not indicated,Not indicated,Not indicated,Not indicated,Not indicated,Not indicated,Not indicated,Not indicated,Not indicated,Not indicated,Contact opportunity: Sponsorship contact,Not indicated
local_listing,yellowpages-lead-super-save-discount-food-raton-colfax,Super Save Discount Food,Raton,Colfax,NM,Food & drink,False,Hosted profile,,https://www.yellowpages.com/raton-nm/business-listings/1,Not indicated,Not indicated,Not indicated,Not indicated,Not indicated,Not indicated,Not indicated,Not indicated,Not indicated,Not indicated,Not indicated,Not indicated
local_listing,super-save-discount-foods-colfax-grocery-retail,Super Save Discount Foods,Raton,Colfax,NM,Retail & local goods,True,Contact only,,,Contact opportunity: Flyer/poster contact,Not indicated,Not indicated,Contact opportunity: Front-desk referral contact,Not indicated,Not indicated,Not indicated,Not indicated,Not indicated,Not indicated,Not indicated,Not indicated
local_listing,yellowpages-lead-tamar-rubin-lpcc-raton-colfax,"Tamar Rubin, LPCC",Raton,Colfax,NM,Local business or service,False,Hosted profile,,https://www.yellowpages.com/raton-nm/business-listings/1,Not indicated,Not indicated,Not indicated,Not indicated,Not indicated,Not indicated,Not indicated,Not indicated,Not indicated,Not indicated,Not indicated,Not indicated
local_listing,yellowpages-lead-terry-diane-crotinger-lpc-raton-colfax,"Terry Diane Crotinger, LPC",Raton,Colfax,NM,Local business or service,False,Hosted profile,,https://www.yellowpages.com/raton-nm/business-listings/1,Not indicated,Not indicated,Not indicated,Not indicated,Not indicated,Not indicated,Not indicated,Not indicated,Not indicated,Not indicated,Not indicated,Not indicated
local_listing,yellowpages-lead-thompson-patrick-j-md-raton-colfax,"Thompson, Patrick J, MD",Raton,Colfax,NM,Local business or service,False,Hosted profile,,https://www.yellowpages.com/raton-nm/business-listings/1,Not indicated,Not indicated,Not indicated,Not indicated,Not indicated,Not indicated,Not indicated,Not indicated,Not indicated,Not indicated,Not indicated,Not indicated
local_listing,travel-guide-tina-s-goodies-raton-colfax,Tina's Goodies,Raton,Colfax,NM,Retail & local goods,False,Hosted profile,https://www.facebook.com/profile.php?id=100094093325538,https://www.exploreraton.com/shop; https://www.facebook.com/profile.php?id=100094093325538,Not indicated,Not indicated,Not indicated,Not indicated,Not indicated,Not indicated,Contact opportunity: Social-sharing contact,Not indicated,Not indicated,Not indicated,Not indicated,Contact opportunity: Cross-promotion contact
local_listing,travel-guide-tractor-supply-raton-colfax,Tractor Supply,Raton,Colfax,NM,Retail & local goods,False,Hosted profile,https://www.facebook.com/dulces.encantados.52,https://www.exploreraton.com/shop; https://www.facebook.com/dulces.encantados.52; https://www.yellowpages.com/raton-nm/business-listings/1,Not indicated,Not indicated,Not indicated,Not indicated,Not indicated,Not indicated,Contact opportunity: Social-sharing contact,Not indicated,Not indicated,Not indicated,Contact opportunity: Sponsorship contact,Contact opportunity: Cross-promotion contact
local_listing,yellowpages-lead-trinity-fellowship-raton-colfax,Trinity Fellowship,Raton,Colfax,NM,Local business or service,False,Hosted profile,,https://www.yellowpages.com/raton-nm/business-listings/1,Not indicated,Not indicated,Not indicated,Not indicated,Not indicated,Not indicated,Not indicated,Not indicated,Not indicated,Not indicated,Not indicated,Not indicated
local_listing,triole-o-auto-colfax-automotive-services,Triole O Auto,Raton,Colfax,NM,Auto & transportation,True,Hosted profile,,https://www.yellowpages.com/raton-nm/business-listings/1,Contact opportunity: Flyer/poster contact,Not indicated,Not indicated,Not indicated,Not indicated,Not indicated,Not indicated,Not indicated,Not indicated,Not indicated,Not indicated,Contact opportunity: Cross-promotion contact
local_listing,yellowpages-lead-united-states-postal-service-raton-colfax,United States Postal Service,Raton,Colfax,NM,Local business or service,False,Hosted profile,,https://www.yellowpages.com/raton-nm/business-listings/1,Not indicated,Not indicated,Not indicated,Not indicated,Not indicated,Not indicated,Not indicated,Not indicated,Not indicated,Not indicated,Not indicated,Contact opportunity: Cross-promotion contact
local_listing,yellowpages-lead-ups-authorized-shipping-provider-raton-colfax,UPS Authorized Shipping Provider,Raton,Colfax,NM,Local business or service,False,Hosted profile,,https://www.yellowpages.com/raton-nm/business-listings/1,Not indicated,Not indicated,Not indicated,Not indicated,Not indicated,Not indicated,Not indicated,Not indicated,Not indicated,Not indicated,Not indicated,Not indicated
local_listing,yellowpages-lead-ups-drop-box-raton-colfax,UPS Drop Box,Raton,Colfax,NM,Local business or service,False,Hosted profile,,https://www.yellowpages.com/raton-nm/business-listings/1,Not indicated,Not indicated,Not indicated,Not indicated,Not indicated,Not indicated,Not indicated,Not indicated,Not indicated,Not indicated,Not indicated,Not indicated
local_listing,va-raton-clinic-colfax-healthcare,VA Raton Clinic,Raton,Colfax,NM,Health & wellness,True,Hosted profile,,https://www.yellowpages.com/raton-nm/business-listings/1,Not indicated,Not indicated,Not indicated,Not indicated,Not indicated,Not indicated,Not indicated,Not indicated,Not indicated,Not indicated,Not indicated,Not indicated
local_listing,yellowpages-lead-veterans-of-foreign-wars-raton-colfax,Veterans of Foreign Wars,Raton,Colfax,NM,Local business or service,False,Hosted profile,,https://www.yellowpages.com/raton-nm/business-listings/1,Not indicated,Not indicated,Not indicated,Not indicated,Not indicated,Not indicated,Not indicated,Not indicated,Not indicated,Not indicated,Not indicated,Contact opportunity: Cross-promotion contact
local_listing,yellowpages-lead-western-union-raton-colfax,Western Union,Raton,Colfax,NM,Local business or service,False,Hosted profile,,https://www.yellowpages.com/raton-nm/business-listings/1,Not indicated,Not indicated,Not indicated,Not indicated,Not indicated,Not indicated,Not indicated,Not indicated,Not indicated,Not indicated,Not indicated,Not indicated
local_listing,yellowpages-lead-wic-state-agency-raton-colfax,WIC State Agency,Raton,Colfax,NM,Local business or service,False,Hosted profile,,https://www.yellowpages.com/raton-nm/business-listings/1,Not indicated,Not indicated,Not indicated,Not indicated,Not indicated,Not indicated,Not indicated,Not indicated,Not indicated,Not indicated,Not indicated,Not indicated
local_listing,yellowpages-lead-williams-edward-d-raton-colfax,Williams Edward D,Raton,Colfax,NM,Local business or service,False,Hosted profile,,https://www.yellowpages.com/raton-nm/business-listings/1,Not indicated,Not indicated,Not indicated,Not indicated,Not indicated,Not indicated,Not indicated,Not indicated,Not indicated,Not indicated,Not indicated,Not indicated
local_listing,travel-guide-willow-springs-traders-raton-colfax,Willow Springs Traders,Raton,Colfax,NM,Retail & local goods,False,Hosted profile,,https://www.exploreraton.com/shop,Not indicated,Not indicated,Not indicated,Not indicated,Not indicated,Not indicated,Not indicated,Not indicated,Not indicated,Not indicated,Not indicated,Not indicated
local_listing,yellowpages-lead-woody-s-furniture-appliance-raton-colfax,Woody's Furniture & Appliance,Raton,Colfax,NM,Local business or service,False,Hosted profile,,https://www.yellowpages.com/raton-nm/business-listings/1,Not indicated,Not indicated,Not indicated,Not indicated,Not indicated,Not indicated,Not indicated,Not indicated,Not indicated,Not indicated,Not indicated,Not indicated
local_listing,yellowpages-lead-ww-weight-watchers-raton-colfax,WW Weight Watchers,Raton,Colfax,NM,Local business or service,False,Hosted profile,,https://www.yellowpages.com/raton-nm/business-listings/1,Not indicated,Not indicated,Not indicated,Not indicated,Not indicated,Not indicated,Not indicated,Not indicated,Not indicated,Not indicated,Not indicated,Not indicated
local_listing,travel-guide-zeeb-s-vintage-and-thrift-raton-colfax,Zeeb's Vintage and Thrift,Raton,Colfax,NM,Retail & local goods,False,Hosted profile,https://www.facebook.com/AltaluneCH/,https://www.exploreraton.com/shop; https://www.facebook.com/AltaluneCH/,Not indicated,Not indicated,Not indicated,Not indicated,Not indicated,Not indicated,Contact opportunity: Social-sharing contact,Not indicated,Not indicated,Not indicated,Not indicated,Contact opportunity: Cross-promotion contact
local_listing,startup-space-creative-assets-directory-northeast-new-mexico-search-regional-colfax-di,Startup Space Creative Assets Directory - Northeast New Mexico Search,Regional,Colfax,NM,Arts & culture,False,Hosted profile,https://startupspace.app/resource?comm_interest_search%5B0%5D=750&feature_button_show_hide=show&filter_show_hide=show&gray_button_show_hide=show&group_id=NTc5&is_search=1&map_list_type=list&map_view=hide&page=16&resource_type_selection=view_all_resource&search_latitude=34.9727305&search_location=New+Mexico%2C+USA&search_longitude=-105.0323635&search_radius=200,https://startupspace.app/resource?comm_interest_search%5B0%5D=750&feature_button_show_hide=show&filter_show_hide=show&gray_button_show_hide=show&group_id=NTc5&is_search=1&map_list_type=list&map_view=hide&page=16&resource_type_selection=view_all_resource&search_latitude=34.9727305&search_location=New+Mexico%2C+USA&search_longitude=-105.0323635&search_radius=200,Not indicated,Not indicated,Not indicated,Not indicated,Not indicated,Not indicated,Not indicated,Not indicated,Not indicated,Not indicated,Not indicated,Not indicated
local_listing,yellowpages-lead-alon-springer-colfax,Alon,Springer,Colfax,NM,Local business or service,False,Hosted profile,,https://www.yellowpages.com/springer-nm,Not indicated,Not indicated,Not indicated,Not indicated,Not indicated,Not indicated,Not indicated,Not indicated,Not indicated,Not indicated,Not indicated,Not indicated
local_listing,yellowpages-lead-alta-convenience-springer-colfax,Alta Convenience,Springer,Colfax,NM,Local business or service,False,Hosted profile,,https://www.yellowpages.com/springer-nm,Not indicated,Not indicated,Not indicated,Not indicated,Not indicated,Not indicated,Not indicated,Not indicated,Not indicated,Not indicated,Not indicated,Contact opportunity: Cross-promotion contact
local_listing,yellowpages-lead-broken-arrow-bar-restaurant-springer-colfax,Broken Arrow Bar & Restaurant,Springer,Colfax,NM,Food & drink,False,Hosted profile,,https://www.yellowpages.com/springer-nm,Not indicated,Not indicated,Not indicated,Not indicated,Not indicated,Not indicated,Not indicated,Not indicated,Not indicated,Not indicated,Not indicated,Not indicated
local_listing,brown-hotel-cafe-colfax-lodging-food,Brown Hotel & Cafe,Springer,Colfax,NM,Lodging & stays,False,No online link,,,Not indicated,Not indicated,Not indicated,Not indicated,Not indicated,Not indicated,Not indicated,Not indicated,Not indicated,Not indicated,Not indicated,Not indicated
local_listing,yellowpages-lead-caldwell-johnny-springer-colfax,Caldwell Johnny,Springer,Colfax,NM,Local business or service,False,Hosted profile,,https://www.yellowpages.com/springer-nm,Not indicated,Not indicated,Not indicated,Not indicated,Not indicated,Not indicated,Not indicated,Not indicated,Not indicated,Not indicated,Not indicated,Not indicated
local_listing,yellowpages-lead-conoco-springer-colfax,Conoco,Springer,Colfax,NM,Local business or service,False,Hosted profile,,https://www.yellowpages.com/springer-nm,Not indicated,Not indicated,Not indicated,Not indicated,Not indicated,Not indicated,Not indicated,Not indicated,Not indicated,Not indicated,Contact opportunity: Sponsorship contact,Not indicated
local_listing,yellowpages-lead-county-of-colfax-springer-colfax,County Of Colfax,Springer,Colfax,NM,Public offices,False,Hosted profile,,https://www.yellowpages.com/springer-nm,Not indicated,Not indicated,Not indicated,Not indicated,Not indicated,Not indicated,Not indicated,Not indicated,Not indicated,Not indicated,Not indicated,Not indicated
local_listing,dee-dee-cosmetology-colfax-services,Dee Dee Cosmetology,Springer,Colfax,NM,Local business or service,True,Contact only,,,Not indicated,Not indicated,Not indicated,Not indicated,Not indicated,Not indicated,Not indicated,Not indicated,Not indicated,Not indicated,Not indicated,Not indicated
local_listing,yellowpages-lead-elidas-springer-colfax,Elidas,Springer,Colfax,NM,Local business or service,False,Hosted profile,,https://www.yellowpages.com/springer-nm,Not indicated,Not indicated,Not indicated,Not indicated,Not indicated,Not indicated,Not indicated,Not indicated,Not indicated,Not indicated,Not indicated,Not indicated
local_listing,yellowpages-lead-fred-macaron-public-library-springer-colfax,Fred Macaron Public Library,Springer,Colfax,NM,Education & learning,False,Hosted profile,,https://www.yellowpages.com/springer-nm,Not indicated,Not indicated,Not indicated,Not indicated,Not indicated,Contact opportunity: Event calendar contact,Not indicated,Contact opportunity: Newsletter contact,Not indicated,Not indicated,Not indicated,Not indicated
local_listing,yellowpages-lead-iron-skillet-restaurant-springer-colfax,Iron Skillet Restaurant,Springer,Colfax,NM,Food & drink,False,Hosted profile,,https://www.yellowpages.com/springer-nm,Not indicated,Not indicated,Not indicated,Not indicated,Not indicated,Not indicated,Not indicated,Not indicated,Not indicated,Not indicated,Not indicated,Not indicated
local_listing,ranchers-supply-colfax-retail,Ranchers Supply,Springer,Colfax,NM,Retail & local goods,True,Contact only,,,Contact opportunity: Flyer/poster contact,Not indicated,Not indicated,Contact opportunity: Front-desk referral contact,Not indicated,Not indicated,Not indicated,Not indicated,Not indicated,Not indicated,Not indicated,Not indicated
local_listing,randles-bookkeeping-and-tax-services-colfax-professional-services,Randles Bookkeeping and Tax Services,Springer,Colfax,NM,Professional services,True,Contact only,,,Not indicated,Not indicated,Not indicated,Not indicated,Not indicated,Not indicated,Not indicated,Not indicated,Not indicated,Not indicated,Not indicated,Not indicated
local_listing,ross-oils-colfax-automotive-fuel,Ross Oils,Springer,Colfax,NM,Auto & transportation,True,Contact only,,,Contact opportunity: Flyer/poster contact,Not indicated,Not indicated,Not indicated,Not indicated,Not indicated,Not indicated,Not indicated,Not indicated,Not indicated,Not indicated,Not indicated
local_listing,rubens-barber-shop-colfax-services,Rubens Barber Shop,Springer,Colfax,NM,Retail & local goods,True,Contact only,,,Contact opportunity: Flyer/poster contact,Not indicated,Not indicated,Contact opportunity: Front-desk referral contact,Not indicated,Not indicated,Not indicated,Not indicated,Not indicated,Not indicated,Not indicated,Not indicated
local_listing,yellowpages-lead-russell-s-route-66-diner-springer-colfax,Russell's Route 66 Diner,Springer,Colfax,NM,Local business or service,False,Hosted profile,,https://www.yellowpages.com/springer-nm,Not indicated,Not indicated,Not indicated,Not indicated,Not indicated,Not indicated,Not indicated,Not indicated,Not indicated,Not indicated,Not indicated,Not indicated
local_listing,sky-chief-liquors-colfax-retail,Sky Chief Liquors,Springer,Colfax,NM,Retail & local goods,True,Contact only,,,Contact opportunity: Flyer/poster contact,Not indicated,Not indicated,Contact opportunity: Front-desk referral contact,Not indicated,Not indicated,Not indicated,Not indicated,Not indicated,Not indicated,Not indicated,Not indicated
local_listing,springer-colfax-small-town-service-fuel-ranch-supply-automotive-health-t,Springer,Springer,Colfax,NM,Lodging & stays,False,No online link,,,Not indicated,Not indicated,Not indicated,Not indicated,Not indicated,Not indicated,Not indicated,Not indicated,Not indicated,Not indicated,Not indicated,Not indicated
local_listing,springer-auto-company-colfax-automotive,Springer Auto Company (Ford),Springer,Colfax,NM,Auto & transportation,True,Contact only,,,Contact opportunity: Flyer/poster contact,Not indicated,Not indicated,Not indicated,Not indicated,Not indicated,Not indicated,Not indicated,Not indicated,Not indicated,Not indicated,Not indicated
local_listing,springer-drug-colfax-retail-healthcare,Springer Drug,Springer,Colfax,NM,Retail & local goods,True,Hosted profile,,https://www.yellowpages.com/springer-nm,Contact opportunity: Flyer/poster contact,Not indicated,Not indicated,Contact opportunity: Front-desk referral contact,Not indicated,Not indicated,Not indicated,Not indicated,Not indicated,Not indicated,Not indicated,Not indicated
local_listing,springer-family-health-colfax-healthcare,Springer Family Health,Springer,Colfax,NM,Health & wellness,True,Contact only,,,Not indicated,Not indicated,Not indicated,Not indicated,Not indicated,Not indicated,Not indicated,Not indicated,Not indicated,Not indicated,Not indicated,Not indicated
local_listing,yellowpages-lead-springer-high-school-springer-colfax,Springer High School,Springer,Colfax,NM,Education & learning,False,Hosted profile,,https://www.yellowpages.com/springer-nm,Not indicated,Not indicated,Not indicated,Not indicated,Not indicated,Not indicated,Not indicated,Not indicated,Not indicated,Not indicated,Not indicated,Not indicated
local_listing,yellowpages-lead-springer-police-department-springer-colfax,Springer Police Department,Springer,Colfax,NM,Local business or service,False,Hosted profile,,https://www.yellowpages.com/springer-nm,Not indicated,Not indicated,Not indicated,Not indicated,Not indicated,Not indicated,Not indicated,Not indicated,Not indicated,Not indicated,Not indicated,Not indicated
local_listing,yellowpages-lead-springer-super-market-springer-colfax,Springer Super Market,Springer,Colfax,NM,Retail & local goods,False,Hosted profile,,https://www.yellowpages.com/springer-nm,Not indicated,Not indicated,Not indicated,Not indicated,Not indicated,Not indicated,Not indicated,Not indicated,Not indicated,Not indicated,Not indicated,Not indicated
local_listing,yellowpages-lead-springer-town-police-department-springer-colfax,Springer Town Police Department,Springer,Colfax,NM,Public offices,False,Hosted profile,,https://www.yellowpages.com/springer-nm,Not indicated,Not indicated,Not indicated,Not indicated,Not indicated,Not indicated,Not indicated,Not indicated,Not indicated,Not indicated,Not indicated,Not indicated
local_listing,tribune-press-colfax-media-services,Tribune Press,Springer,Colfax,NM,Media & news,True,Contact only,,,Not indicated,Not indicated,Not indicated,Not indicated,Not indicated,Not indicated,Not indicated,Not indicated,Contact opportunity: Digital advertising contact,Contact opportunity: Pitch a story or announcement,Not indicated,Contact opportunity: Cross-promotion contact
local_listing,yellowpages-lead-united-states-postal-service-springer-colfax,United States Postal Service,Springer,Colfax,NM,Local business or service,False,Hosted profile,,https://www.yellowpages.com/springer-nm,Not indicated,Not indicated,Not indicated,Not indicated,Not indicated,Not indicated,Not indicated,Not indicated,Not indicated,Not indicated,Not indicated,Contact opportunity: Cross-promotion contact
local_listing,travel-guide-bachman-and-associates-entry-huerfano,Bachman & associates,,Huerfano,CO,Professional services,False,Direct website,https://www.chamber.huerfano.org/bachman-and-associates,https://www.chamber.huerfano.org/bachman-and-associates; https://www.chamber.huerfano.org/membership-directory,Not indicated,Not indicated,Not indicated,Not indicated,Listed route: Existing directory profile,Contact opportunity: Event calendar contact,Not indicated,Contact opportunity: Newsletter contact,Not indicated,Not indicated,Contact opportunity: Sponsorship contact,Contact opportunity: Cross-promotion contact
local_listing,travel-guide-bishop-castle-entry-huerfano,Bishop Castle,,Huerfano,CO,Local business or service,False,Hosted profile,,https://spanishpeakscountry.com/attractions/,Not indicated,Not indicated,Not indicated,Not indicated,Not indicated,Not indicated,Not indicated,Not indicated,Not indicated,Not indicated,Not indicated,Not indicated
local_listing,colorado-small-business-development-center-pueblo-huerfano-small-busines,Colorado Small Business Development Center - Pueblo,,Huerfano,CO,Funding & support,False,Direct website,https://county.pueblo.org/energy-and-economic-development-department/small-business-development-center,https://county.pueblo.org/energy-and-economic-development-department/small-business-development-center,Not indicated,Not indicated,Not indicated,Not indicated,Not indicated,Not indicated,Not indicated,Not indicated,Not indicated,Not indicated,Not indicated,Not indicated
local_listing,travel-guide-dakota-wall-entry-huerfano,The Dakota Wall,,Huerfano,CO,Local business or service,False,Hosted profile,,https://spanishpeakscountry.com/scenic-points/,Not indicated,Not indicated,Not indicated,Not indicated,Not indicated,Not indicated,Not indicated,Not indicated,Not indicated,Not indicated,Not indicated,Not indicated
local_listing,travel-guide-dollar-general-entry-huerfano,Dollar General,,Huerfano,CO,Retail & local goods,True,Hosted profile,https://spanishpeakscountry.com/business-directory/listing/dollar-general,https://spanishpeakscountry.com/business-directory/categories/shopping; https://spanishpeakscountry.com/business-directory/listing/dollar-general,Contact opportunity: Flyer/poster contact,Not indicated,Not indicated,Contact opportunity: Front-desk referral contact,Listed route: Existing directory profile,Not indicated,Not indicated,Not indicated,Not indicated,Not indicated,Not indicated,Not indicated
local_listing,travel-guide-farley-wildflower-overlook-entry-huerfano,Farley Wildflower Overlook,,Huerfano,CO,Local business or service,False,Hosted profile,,https://spanishpeakscountry.com/scenic-points/,Not indicated,Not indicated,Not indicated,Not indicated,Not indicated,Not indicated,Not indicated,Not indicated,Not indicated,Not indicated,Not indicated,Not indicated
local_listing,travel-guide-farmers-and-holiday-markets-entry-huerfano,Farmers & Holiday Markets,,Huerfano,CO,Local business or service,False,Hosted profile,,https://spanishpeakscountry.com/attractions/,Not indicated,Not indicated,Not indicated,Not indicated,Not indicated,Not indicated,Not indicated,Not indicated,Not indicated,Not indicated,Not indicated,Not indicated
local_listing,travel-guide-fox-theatre-entry-huerfano,Fox Theatre,,Huerfano,CO,Events & venues,False,Hosted profile,,https://spanishpeakscountry.com/music-theater/,Not indicated,Not indicated,Not indicated,Not indicated,Not indicated,Contact opportunity: Event calendar contact,Not indicated,Not indicated,Not indicated,Not indicated,Contact opportunity: Sponsorship contact,Not indicated
local_listing,travel-guide-great-sand-dunes-national-park-and-preserve-entry-huerfano,The Great Sand Dunes National Park & Preserve,,Huerfano,CO,Outdoor recreation,False,Hosted profile,,https://spanishpeakscountry.com/attractions/,Not indicated,Not indicated,Not indicated,Not indicated,Not indicated,Not indicated,Not indicated,Not indicated,Not indicated,Not indicated,Not indicated,Not indicated
local_listing,huerfano-county-economic-development-huerfano-site-readiness-downtown-re,Huerfano County Economic Development,,Huerfano,CO,Business support,False,Direct website,https://huerfano.org,https://huerfano.org,Not indicated,Not indicated,Not indicated,Not indicated,Contact opportunity: Directory listing contact,Not indicated,Not indicated,Contact opportunity: Newsletter contact,Not indicated,Not indicated,Not indicated,Contact opportunity: Cross-promotion contact
local_listing,huerfano-county-fair-board-huerfano-events-community,Huerfano County Fair Board,,Huerfano,CO,Nonprofit & community,False,Direct website,https://huerfanofair.com,https://huerfanofair.com,Not indicated,Not indicated,Not indicated,Not indicated,Not indicated,Contact opportunity: Event calendar contact,Not indicated,Not indicated,Contact opportunity: Digital advertising contact,Contact opportunity: Pitch a story or announcement,Contact opportunity: Sponsorship contact,Contact opportunity: Cross-promotion contact
local_listing,travel-guide-lake-isabel-entry-huerfano,Lake Isabel,,Huerfano,CO,Local business or service,False,Hosted profile,,https://spanishpeakscountry.com/scenic-points/,Not indicated,Not indicated,Not indicated,Not indicated,Not indicated,Not indicated,Not indicated,Not indicated,Not indicated,Not indicated,Not indicated,Not indicated
local_listing,travel-guide-million-dollar-shot-entry-huerfano,Million Dollar Shot,,Huerfano,CO,Local business or service,False,Hosted profile,,https://spanishpeakscountry.com/attractions/,Not indicated,Not indicated,Not indicated,Not indicated,Not indicated,Not indicated,Not indicated,Not indicated,Not indicated,Not indicated,Not indicated,Not indicated
local_listing,travel-guide-safeway-entry-huerfano,Safeway,,Huerfano,CO,Retail & local goods,True,Direct website,https://local.safeway.com/safeway/co/walsenburg/222-w-7th-st.html,https://spanishpeakscountry.com/business-directory/categories/shopping; https://spanishpeakscountry.com/business-directory/listing/safeway,Contact opportunity: Flyer/poster contact,Not indicated,Not indicated,Contact opportunity: Front-desk referral contact,Listed route: Existing directory profile,Not indicated,Not indicated,Not indicated,Not indicated,Not indicated,Not indicated,Not indicated
local_listing,southern-colorado-economic-development-district-huerfano-grant-and-loan-,Southern Colorado Economic Development District (SCEDD),,Huerfano,CO,Funding & support,True,Contact only,,,Not indicated,Not indicated,Not indicated,Not indicated,Contact opportunity: Directory listing contact,Not indicated,Not indicated,Contact opportunity: Newsletter contact,Not indicated,Not indicated,Not indicated,Contact opportunity: Cross-promotion contact
local_listing,spanish-peaks-business-alliance-huerfano-business-network,Spanish Peaks Business Alliance,,Huerfano,CO,Media & news,False,Direct website,https://spba.huerfano.org,https://spba.huerfano.org,Not indicated,Not indicated,Not indicated,Not indicated,Contact opportunity: Directory listing contact,Not indicated,Not indicated,Contact opportunity: Newsletter contact,Contact opportunity: Digital advertising contact,Contact opportunity: Pitch a story or announcement,Not indicated,Contact opportunity: Cross-promotion contact
local_listing,spanish-peaks-chamber-of-commerce-huerfano-chamber,Spanish Peaks Chamber of Commerce,,Huerfano,CO,Tourism & visitor info,False,Direct website,https://spanishpeakschamber.com,https://spanishpeakschamber.com,Not indicated,Not indicated,Not indicated,Not indicated,Contact opportunity: Directory listing contact,Contact opportunity: Event calendar contact,Not indicated,Contact opportunity: Newsletter contact,Contact opportunity: Digital advertising contact,Contact opportunity: Pitch a story or announcement,Contact opportunity: Sponsorship contact,Contact opportunity: Cross-promotion contact
local_listing,travel-guide-spanish-peaks-country-scenery-entry-huerfano,Spanish Peaks Country Scenery,,Huerfano,CO,Local business or service,False,Direct website,,https://spanishpeakscountry.com/scenic-points/,Not indicated,Not indicated,Not indicated,Not indicated,Not indicated,Not indicated,Not indicated,Not indicated,Not indicated,Not indicated,Not indicated,Not indicated
local_listing,spanish-peaks-country-tourism-huerfano-tourism-destination-marketing,Spanish Peaks Country Tourism,,Huerfano,CO,Tourism & visitor info,False,Direct website,https://spanishpeakscountry.com,https://spanishpeakscountry.com,Not indicated,Not indicated,Not indicated,Not indicated,Not indicated,Not indicated,Not indicated,Not indicated,Contact opportunity: Digital advertising contact,Contact opportunity: Pitch a story or announcement,Not indicated,Contact opportunity: Cross-promotion contact
local_listing,travel-guide-spanish-peaks-country-s-state-trust-lands-and-wildlife-areas-entry-huerfano,Spanish Peaks Country's State Trust Lands and Wildlife Areas,,Huerfano,CO,Local business or service,False,Direct website,,https://spanishpeakscountry.com/scenic-points/,Not indicated,Not indicated,Not indicated,Not indicated,Not indicated,Not indicated,Not indicated,Not indicated,Not indicated,Not indicated,Not indicated,Not indicated
local_listing,travel-guide-spanish-peaks-cycling-entry-huerfano,Spanish Peaks Cycling,,Huerfano,CO,Tourism & visitor info,False,Direct website,https://www.chamber.huerfano.org/spanish-peaks-cycling,https://www.chamber.huerfano.org/membership-directory; https://www.chamber.huerfano.org/spanish-peaks-cycling,Not indicated,Not indicated,Not indicated,Not indicated,Listed route: Existing directory profile,Contact opportunity: Event calendar contact,Not indicated,Contact opportunity: Newsletter contact,Not indicated,Not indicated,Contact opportunity: Sponsorship contact,Contact opportunity: Cross-promotion contact
local_listing,travel-guide-wahatoya-lakes-state-wildlife-area-entry-huerfano,Wahatoya Lakes State Wildlife Area,,Huerfano,CO,Local business or service,False,Hosted profile,,https://spanishpeakscountry.com/scenic-points/,Not indicated,Not indicated,Not indicated,Not indicated,Not indicated,Not indicated,Not indicated,Not indicated,Not indicated,Not indicated,Not indicated,Not indicated
local_listing,travel-guide-fulldraw-outfitters-aguilar-huerfano,Fulldraw Outfitters,Aguilar,Huerfano,CO,Local business or service,True,Direct website,https://www.fulldrawoutfitters.com/,https://spanishpeakscountry.com/business-directory/categories/play/; https://spanishpeakscountry.com/business-directory/listing/full-draw-outfitters,Not indicated,Not indicated,Not indicated,Not indicated,Listed route: Existing directory profile,Not indicated,Not indicated,Not indicated,Not indicated,Not indicated,Not indicated,Not indicated
local_listing,travel-guide-ayers-family-fitness-cuchara-huerfano,Ayers Family Fitness,Cuchara,Huerfano,CO,Local business or service,True,Hosted profile,https://www.spanishpeakscountry.com/,https://spanishpeakscountry.com/business-directory/categories/play/; https://spanishpeakscountry.com/business-directory/listing/ayers-family-fitness,Not indicated,Not indicated,Not indicated,Not indicated,Listed route: Existing directory profile,Not indicated,Not indicated,Not indicated,Not indicated,Not indicated,Not indicated,Not indicated
local_listing,travel-guide-bear-s-den-at-cuchara-cuchara-huerfano,The Bear's Den at Cuchara,Cuchara,Huerfano,CO,Retail & local goods,True,Hosted profile,https://www.spanishpeakscountry.com/,https://spanishpeakscountry.com/business-directory/categories/shopping; https://spanishpeakscountry.com/business-directory/listing/the-bears-den-at-cuchara,Contact opportunity: Flyer/poster contact,Not indicated,Not indicated,Contact opportunity: Front-desk referral contact,Listed route: Existing directory profile,Not indicated,Not indicated,Not indicated,Not indicated,Not indicated,Not indicated,Not indicated
local_listing,travel-guide-cuchara-country-store-cuchara-huerfano,Cuchara Country Store,Cuchara,Huerfano,CO,Retail & local goods,True,Hosted profile,https://www.spanishpeakscountry.com/,https://spanishpeakscountry.com/business-directory/categories/shopping; https://spanishpeakscountry.com/business-directory/listing/cuchara-country-store,Contact opportunity: Flyer/poster contact,Not indicated,Not indicated,Contact opportunity: Front-desk referral contact,Listed route: Existing directory profile,Not indicated,Not indicated,Not indicated,Not indicated,Not indicated,Not indicated,Not indicated
local_listing,travel-guide-cuchara-lokal-cuchara-huerfano,Cuchara Lokal,Cuchara,Huerfano,CO,Lodging & stays,True,Direct website,https://www.cucharalokalhotel.com/,https://spanishpeakscountry.com/business-directory/categories/lodging; https://spanishpeakscountry.com/business-directory/listing/cuchara-inn-with-conference-facilities,Contact opportunity: Flyer/poster contact,Contact opportunity: Brochure/rack-card contact,Not indicated,Contact opportunity: Front-desk referral contact,Listed route: Existing directory profile,Not indicated,Not indicated,Not indicated,Not indicated,Not indicated,Not indicated,Not indicated
local_listing,travel-guide-cuchara-mountain-escape-cuchara-huerfano,Cuchara Mountain Escape,Cuchara,Huerfano,CO,Lodging & stays,True,Hosted profile,https://spanishpeakscountry.com/business-directory/listing/cuchara-mountain-escape,https://spanishpeakscountry.com/business-directory/categories/lodging; https://spanishpeakscountry.com/business-directory/listing/cuchara-mountain-escape,Contact opportunity: Flyer/poster contact,Contact opportunity: Brochure/rack-card contact,Not indicated,Contact opportunity: Front-desk referral contact,Listed route: Existing directory profile,Not indicated,Not indicated,Not indicated,Not indicated,Not indicated,Not indicated,Not indicated
local_listing,cuchara-mountain-mercantile-huerfano-gift-shop-venue-dining,Cuchara Mountain Mercantile,Cuchara,Huerfano,CO,Events & venues,True,Direct website,https://cucharamountainmercantile.com/,https://spanishpeakscountry.com/business-directory; https://spanishpeakscountry.com/business-directory/categories/dining; https://spanishpeakscountry.com/business-directory/categories/shopping; https://spanishpeakscountry.com/business-directory/categories/venues/; https://spanishpeakscountry.com/business-directory/listing/cuchara-mountain-mercantile,Contact opportunity: Flyer/poster contact,Not indicated,Not indicated,Contact opportunity: Front-desk referral contact,Listed route: Existing directory profile,Contact opportunity: Event calendar contact,Not indicated,Not indicated,Not indicated,Not indicated,Contact opportunity: Sponsorship contact,Contact opportunity: Cross-promotion contact
local_listing,travel-guide-cuchara-yacht-club-cuchara-huerfano,Cuchara Yacht Club,Cuchara,Huerfano,CO,Food & drink,True,Direct website,https://www.cucharayachtclub.com/,https://spanishpeakscountry.com/business-directory/categories/dining; https://spanishpeakscountry.com/business-directory/listing/cuchara-yacht-club,Contact opportunity: Flyer/poster contact,Not indicated,Not indicated,Contact opportunity: Front-desk referral contact,Listed route: Existing directory profile,Not indicated,Not indicated,Not indicated,Not indicated,Not indicated,Not indicated,Not indicated
local_listing,travel-guide-dakota-dukes-cuchara-huerfano,Dakota Dukes,Cuchara,Huerfano,CO,Retail & local goods,True,Hosted profile,https://www.spanishpeakscountry.com/,https://spanishpeakscountry.com/business-directory/categories/shopping; https://spanishpeakscountry.com/business-directory/listing/dakota-dukes,Contact opportunity: Flyer/poster contact,Not indicated,Not indicated,Contact opportunity: Front-desk referral contact,Listed route: Existing directory profile,Not indicated,Not indicated,Not indicated,Not indicated,Not indicated,Not indicated,Not indicated
local_listing,travel-guide-dodgeton-creek-inn-cuchara-huerfano,Dodgeton Creek Inn,Cuchara,Huerfano,CO,Lodging & stays,True,Direct website,https://thedodgetoncreekinn.com/,https://spanishpeakscountry.com/business-directory/categories/lodging; https://spanishpeakscountry.com/business-directory/listing/dodgeton-creek-inn,Contact opportunity: Flyer/poster contact,Contact opportunity: Brochure/rack-card contact,Not indicated,Contact opportunity: Front-desk referral contact,Listed route: Existing directory profile,Not indicated,Not indicated,Not indicated,Not indicated,Not indicated,Not indicated,Not indicated
local_listing,travel-guide-dog-bar-and-grill-cuchara-huerfano,Dog Bar and Grill,Cuchara,Huerfano,CO,Food & drink,True,Direct website,https://www.dogbarandgrill.com/,https://spanishpeakscountry.com/business-directory/categories/dining; https://spanishpeakscountry.com/business-directory/listing/dog-bar-and-grill,Contact opportunity: Flyer/poster contact,Not indicated,Not indicated,Contact opportunity: Front-desk referral contact,Listed route: Existing directory profile,Not indicated,Not indicated,Not indicated,Not indicated,Not indicated,Not indicated,Not indicated
local_listing,travel-guide-yellow-pine-guest-ranch-cuchara-huerfano,Yellow Pine Guest Ranch,Cuchara,Huerfano,CO,Lodging & stays,True,Direct website,https://yellowpine.us/,https://spanishpeakscountry.com/business-directory/categories/lodging; https://spanishpeakscountry.com/business-directory/listing/yellow-pine-guest-ranch,Contact opportunity: Flyer/poster contact,Contact opportunity: Brochure/rack-card contact,Not indicated,Contact opportunity: Front-desk referral contact,Listed route: Existing directory profile,Not indicated,Not indicated,Not indicated,Not indicated,Not indicated,Not indicated,Not indicated
local_listing,travel-guide-cuchara-mountain-park-cuchara-la-veta-huerfano,Cuchara Mountain Park,Cuchara / La Veta,Huerfano,CO,Outdoor recreation,True,Direct website,https://thecucharamountainpark.org/,https://spanishpeakscountry.com/attractions/; https://spanishpeakscountry.com/business-directory/categories/play/; https://spanishpeakscountry.com/business-directory/listing/cuchara-mountain-park; https://www.coloradodirectory.com/cucharaarea/,Not indicated,Not indicated,Not indicated,Not indicated,Listed route: Existing directory profile,Not indicated,Not indicated,Not indicated,Not indicated,Not indicated,Not indicated,Not indicated
local_listing,travel-guide-cuchara-vacation-rentals-cuchara-la-veta-huerfano,Cuchara Vacation Rentals,Cuchara / La Veta,Huerfano,CO,Lodging & stays,True,Direct website,https://www.cucharavacationrentals.com/,https://spanishpeakscountry.com/business-directory/categories/lodging; https://spanishpeakscountry.com/business-directory/listing/cuchara-vacation-rentals; https://www.coloradodirectory.com/cucharaarea/,Contact opportunity: Flyer/poster contact,Contact opportunity: Brochure/rack-card contact,Not indicated,Contact opportunity: Front-desk referral contact,Listed route: Existing directory profile,Not indicated,Not indicated,Not indicated,Not indicated,Not indicated,Not indicated,Not indicated
local_listing,travel-guide-harding-s-corner-b-and-b-cuchara-la-veta-huerfano,Harding's Corner B&B,Cuchara / La Veta,Huerfano,CO,Local business or service,False,Hosted profile,https://www.coloradodirectory.com/hardingsbb,https://www.coloradodirectory.com/cucharaarea/; https://www.coloradodirectory.com/hardingsbb,Not indicated,Not indicated,Not indicated,Not indicated,Listed route: Existing directory profile,Not indicated,Not indicated,Not indicated,Not indicated,Not indicated,Not indicated,Not indicated
local_listing,travel-guide-la-veta-cuchara-chamber-of-commerce-cuchara-la-veta-huerfano,La Veta/Cuchara Chamber of Commerce,Cuchara / La Veta,Huerfano,CO,Tourism & visitor info,False,Hosted profile,https://www.coloradodirectory.com/lavetacucharachamber,https://www.coloradodirectory.com/cucharaarea/; https://www.coloradodirectory.com/lavetacucharachamber,Not indicated,Not indicated,Not indicated,Not indicated,Listed route: Existing directory profile,Contact opportunity: Event calendar contact,Not indicated,Contact opportunity: Newsletter contact,Not indicated,Not indicated,Contact opportunity: Sponsorship contact,Contact opportunity: Cross-promotion contact
local_listing,travel-guide-spanish-peaks-national-natural-landmark-cuchara-la-veta-huerfano,Spanish Peaks National Natural Landmark,Cuchara / La Veta,Huerfano,CO,Local business or service,False,Hosted profile,https://www.coloradodirectory.com/nationalparks/spanishpeaks.html,https://www.coloradodirectory.com/cucharaarea/; https://www.coloradodirectory.com/nationalparks/spanishpeaks.html,Not indicated,Not indicated,Not indicated,Not indicated,Listed route: Existing directory profile,Not indicated,Not indicated,Not indicated,Not indicated,Not indicated,Not indicated,Not indicated
local_listing,a-taylor-made-haircut-huerfano-service-personal-care,A Taylor Made Haircut,La Veta,Huerfano,CO,Health & wellness,True,Contact only,,,Contact opportunity: Flyer/poster contact,Not indicated,Not indicated,Not indicated,Not indicated,Not indicated,Not indicated,Not indicated,Not indicated,Not indicated,Not indicated,Not indicated
local_listing,yellowpages-lead-acorn-la-veta-huerfano,Acorn,La Veta,Huerfano,CO,Local business or service,False,Hosted profile,,https://www.yellowpages.com/la-veta-co,Not indicated,Not indicated,Not indicated,Not indicated,Not indicated,Not indicated,Not indicated,Not indicated,Not indicated,Not indicated,Not indicated,Not indicated
local_listing,alys-restaurant-huerfano-restaurant-food,Alys' Restaurant,La Veta,Huerfano,CO,Food & drink,True,Direct website,https://www.alysrestaurant.com/,https://spanishpeakscountry.com/business-directory/categories/dining; https://spanishpeakscountry.com/business-directory/listing/alys-restaurant-1; https://www.yellowpages.com/la-veta-co,Contact opportunity: Flyer/poster contact,Not indicated,Not indicated,Contact opportunity: Front-desk referral contact,Listed route: Existing directory profile,Not indicated,Not indicated,Not indicated,Not indicated,Not indicated,Not indicated,Not indicated
local_listing,anjillee-schwarz-grasshopper-co-huerfano-stained-glass-artist,Anjillee Schwarz / Grasshopper Co.,La Veta,Huerfano,CO,Arts & culture,False,Hosted profile,,https://www.lavetacreativedistrict.org/artists,Not indicated,Not indicated,Not indicated,Not indicated,Listed route: Existing directory profile,Not indicated,Not indicated,Contact opportunity: Newsletter contact,Not indicated,Not indicated,Not indicated,Contact opportunity: Cross-promotion contact
local_listing,arthur-short-bull-huerfano-painting-artist,Arthur Short Bull,La Veta,Huerfano,CO,Arts & culture,False,Hosted profile,,https://www.lavetacreativedistrict.org/artists,Not indicated,Not indicated,Not indicated,Not indicated,Listed route: Existing directory profile,Not indicated,Not indicated,Contact opportunity: Newsletter contact,Not indicated,Not indicated,Not indicated,Contact opportunity: Cross-promotion contact
local_listing,artisans-on-main-llc-huerfano-retail-arts,Artisans on Main,La Veta,Huerfano,CO,Arts & culture,True,Direct website,https://www.artisansonmain.art/,https://spanishpeakscountry.com/business-directory/categories/galleries; https://spanishpeakscountry.com/business-directory/categories/shopping; https://spanishpeakscountry.com/business-directory/listing/la-veta-gallery-on-main; https://www.artisansonmain.art/; https://www.lavetacreativedistrict.org/artists,Contact opportunity: Flyer/poster contact,Contact opportunity: Brochure/rack-card contact,Not indicated,Contact opportunity: Front-desk referral contact,Listed route: Existing directory profile,Not indicated,Not indicated,Contact opportunity: Newsletter contact,Not indicated,Not indicated,Not indicated,Contact opportunity: Cross-promotion contact
local_listing,bachman-associates-real-estate-huerfano-professional-services-real-estat,Bachman & Associates Real Estate,La Veta,Huerfano,CO,Professional services,True,Contact only,,,Not indicated,Not indicated,Not indicated,Not indicated,Not indicated,Not indicated,Not indicated,Not indicated,Not indicated,Not indicated,Not indicated,Not indicated
local_listing,beth-evans-shalawalla-studio-and-gallery-huerfano-batik-artist,Beth Evans / Shalawalla Studio & Gallery,La Veta,Huerfano,CO,Arts & culture,False,Hosted profile,,https://www.lavetacreativedistrict.org/artists,Not indicated,Not indicated,Not indicated,Not indicated,Listed route: Existing directory profile,Not indicated,Not indicated,Contact opportunity: Newsletter contact,Not indicated,Not indicated,Not indicated,Contact opportunity: Cross-promotion contact
local_listing,travel-guide-big-r-la-veta-huerfano,Big R,La Veta,Huerfano,CO,Retail & local goods,True,Direct website,https://bigronline.com/locations/,https://spanishpeakscountry.com/business-directory/categories/shopping; https://spanishpeakscountry.com/business-directory/listing/big-r,Contact opportunity: Flyer/poster contact,Not indicated,Not indicated,Contact opportunity: Front-desk referral contact,Listed route: Existing directory profile,Not indicated,Not indicated,Not indicated,Not indicated,Not indicated,Not indicated,Not indicated
local_listing,big-r-la-veta-huerfano-retail-farm-ranch,Big R La Veta,La Veta,Huerfano,CO,Retail & local goods,True,Contact only,,,Contact opportunity: Flyer/poster contact,Not indicated,Not indicated,Contact opportunity: Front-desk referral contact,Not indicated,Not indicated,Not indicated,Not indicated,Not indicated,Not indicated,Not indicated,Not indicated
local_listing,book-nook-huerfano-retail,Book Nook,La Veta,Huerfano,CO,Retail & local goods,True,Contact only,,,Contact opportunity: Flyer/poster contact,Not indicated,Not indicated,Contact opportunity: Front-desk referral contact,Not indicated,Not indicated,Not indicated,Not indicated,Not indicated,Not indicated,Not indicated,Not indicated
local_listing,capture-colorado-huerfano-arts-culture,Capture Colorado,La Veta,Huerfano,CO,Arts & culture,True,Contact only,,,Not indicated,Not indicated,Not indicated,Not indicated,Not indicated,Not indicated,Not indicated,Not indicated,Not indicated,Not indicated,Not indicated,Not indicated
local_listing,casa-de-pajaros-huerfano-retail,Casa de Pajaros,La Veta,Huerfano,CO,Retail & local goods,True,Hosted profile,https://www.spanishpeakscountry.com/,https://spanishpeakscountry.com/business-directory/categories/shopping; https://spanishpeakscountry.com/business-directory/listing/casa-de-pajaros,Contact opportunity: Flyer/poster contact,Not indicated,Not indicated,Contact opportunity: Front-desk referral contact,Listed route: Existing directory profile,Not indicated,Not indicated,Not indicated,Not indicated,Not indicated,Not indicated,Not indicated
local_listing,cathryn-gladyshev-huerfano-painting-independent-artist,Cathryn Gladyshev,La Veta,Huerfano,CO,Arts & culture,False,Hosted profile,,https://www.lavetacreativedistrict.org/artists,Not indicated,Not indicated,Not indicated,Not indicated,Listed route: Existing directory profile,Not indicated,Not indicated,Contact opportunity: Newsletter contact,Not indicated,Not indicated,Not indicated,Contact opportunity: Cross-promotion contact
local_listing,cathy-fowler-huerfano-sculpture-independent-artist,Cathy Fowler,La Veta,Huerfano,CO,Arts & culture,False,Hosted profile,,https://www.lavetacreativedistrict.org/artists,Not indicated,Not indicated,Not indicated,Not indicated,Listed route: Existing directory profile,Not indicated,Not indicated,Contact opportunity: Newsletter contact,Not indicated,Not indicated,Not indicated,Contact opportunity: Cross-promotion contact
local_listing,charlie-s-market-huerfano-retail-grocery,Charlie's Market,La Veta,Huerfano,CO,Retail & local goods,True,Direct website,https://charlies-market.com/,https://spanishpeakscountry.com/business-directory/categories/shopping; https://spanishpeakscountry.com/business-directory/listing/charlies-market-1; https://www.yellowpages.com/la-veta-co,Contact opportunity: Flyer/poster contact,Not indicated,Not indicated,Contact opportunity: Front-desk referral contact,Listed route: Existing directory profile,Not indicated,Not indicated,Not indicated,Not indicated,Not indicated,Not indicated,Not indicated
local_listing,code-of-the-west-real-estate-huerfano-professional-services-real-estate,Code of the West Real Estate,La Veta,Huerfano,CO,Professional services,True,Contact only,,,Not indicated,Not indicated,Not indicated,Not indicated,Not indicated,Not indicated,Not indicated,Not indicated,Not indicated,Not indicated,Not indicated,Not indicated
local_listing,corner-cottage-skin-care-huerfano-service-wellness,Corner Cottage Skin Care,La Veta,Huerfano,CO,Health & wellness,True,Contact only,,,Not indicated,Not indicated,Not indicated,Not indicated,Not indicated,Not indicated,Not indicated,Not indicated,Not indicated,Not indicated,Not indicated,Not indicated
local_listing,crafted-in-colorado-huerfano-retail-maker,Crafted in Colorado,La Veta,Huerfano,CO,Arts & culture,True,Direct website,https://www.craftedincolorado.com,https://spanishpeakscountry.com/business-directory/categories/shopping; https://spanishpeakscountry.com/business-directory/listing/crafted-in-colorado-1; https://www.lavetacreativedistrict.org/creative-spaces,Contact opportunity: Flyer/poster contact,Not indicated,Not indicated,Not indicated,Listed route: Existing directory profile,Not indicated,Not indicated,Contact opportunity: Newsletter contact,Not indicated,Not indicated,Not indicated,Contact opportunity: Cross-promotion contact
local_listing,travel-guide-cuchara-cabins-and-condo-rentals-la-veta-huerfano,Cuchara Cabins & Condo Rentals,La Veta,Huerfano,CO,Lodging & stays,True,Direct website,https://www.cucharacabinsandcondos.com/,https://spanishpeakscountry.com/business-directory/categories/lodging; https://spanishpeakscountry.com/business-directory/listing/cuchara-cabins-condo-rentals,Contact opportunity: Flyer/poster contact,Contact opportunity: Brochure/rack-card contact,Not indicated,Contact opportunity: Front-desk referral contact,Listed route: Existing directory profile,Not indicated,Not indicated,Not indicated,Not indicated,Not indicated,Not indicated,Not indicated
local_listing,travel-guide-cuchara-higher-ground-coffee-bar-la-veta-huerfano,Cuchara Higher Ground Coffee Bar,La Veta,Huerfano,CO,Food & drink,True,Hosted profile,https://spanishpeakscountry.com/business-directory/listing/cuchara-higher-ground-coffee-bar,https://spanishpeakscountry.com/business-directory/categories/dining; https://spanishpeakscountry.com/business-directory/listing/cuchara-higher-ground-coffee-bar,Contact opportunity: Flyer/poster contact,Not indicated,Not indicated,Contact opportunity: Front-desk referral contact,Listed route: Existing directory profile,Not indicated,Not indicated,Not indicated,Not indicated,Not indicated,Not indicated,Not indicated
local_listing,cuchara-mountain-park-panadero-ski-corporation-huerfano-tourism-outdoor-,Cuchara Mountain Park / Panadero Ski Corporation,La Veta,Huerfano,CO,Tourism & visitor info,False,No online link,,,Not indicated,Not indicated,Not indicated,Not indicated,Not indicated,Not indicated,Not indicated,Not indicated,Not indicated,Not indicated,Not indicated,Not indicated
local_listing,cuchara-valley-mini-storage-huerfano-service-storage,Cuchara Valley Mini Storage,La Veta,Huerfano,CO,Professional services,True,Contact only,,,Not indicated,Not indicated,Not indicated,Not indicated,Not indicated,Not indicated,Not indicated,Not indicated,Not indicated,Not indicated,Not indicated,Not indicated
local_listing,cuchara-water-and-sanitation-district-huerfano-government-special-distri,Cuchara Water and Sanitation District,La Veta,Huerfano,CO,Public offices,False,Direct website,https://cuchara.org,https://cuchara.org,Not indicated,Not indicated,Not indicated,Not indicated,Not indicated,Not indicated,Not indicated,Contact opportunity: Newsletter contact,Not indicated,Not indicated,Not indicated,Contact opportunity: Cross-promotion contact
local_listing,yellowpages-lead-dog-bar-grill-la-veta-huerfano,Dog Bar & Grill,La Veta,Huerfano,CO,Food & drink,False,Hosted profile,,https://www.yellowpages.com/la-veta-co,Not indicated,Not indicated,Not indicated,Not indicated,Not indicated,Not indicated,Not indicated,Not indicated,Not indicated,Not indicated,Not indicated,Not indicated
local_listing,estelle-center-for-creative-arts-huerfano-creative-arts-center,Estelle Center for Creative Arts,La Veta,Huerfano,CO,Arts & culture,False,Direct website,https://estellecreativearts.com,https://www.lavetacreativedistrict.org/creative-spaces; https://www.lavetacreativedistrict.org/artists,Not indicated,Not indicated,Not indicated,Not indicated,Not indicated,Contact opportunity: Event calendar contact,Not indicated,Contact opportunity: Newsletter contact,Not indicated,Not indicated,Contact opportunity: Sponsorship contact,Contact opportunity: Cross-promotion contact
local_listing,francisco-center-for-the-performing-arts-huerfano-performing-arts-venue,Francisco Center for the Performing Arts,La Veta,Huerfano,CO,Arts & culture,True,Direct website,https://www.lavetatheaterweb.org,https://spanishpeakscountry.com/business-directory/categories/venues/; https://spanishpeakscountry.com/business-directory/listing/francisco-center-for-the-performing-arts; https://spanishpeakscountry.com/music-theater/; https://www.lavetacreativedistrict.org/creative-spaces,Contact opportunity: Flyer/poster contact,Not indicated,Not indicated,Contact opportunity: Front-desk referral contact,Listed route: Existing directory profile,Contact opportunity: Event calendar contact,Not indicated,Contact opportunity: Newsletter contact,Not indicated,Not indicated,Contact opportunity: Sponsorship contact,Contact opportunity: Cross-promotion contact
local_listing,francisco-fort-museum-huerfano-arts-culture-heritage,Francisco Fort Museum,La Veta,Huerfano,CO,Arts & culture,True,Direct website,https://franciscofort.org,https://franciscofort.org; https://spanishpeakscountry.com/museums/,Contact opportunity: Flyer/poster contact,Contact opportunity: Brochure/rack-card contact,Not indicated,Contact opportunity: Front-desk referral contact,Not indicated,Not indicated,Not indicated,Not indicated,Not indicated,Not indicated,Not indicated,Contact opportunity: Cross-promotion contact
local_listing,gardner-public-improvement-district-huerfano-government-special-district,Gardner Public Improvement District,La Veta,Huerfano,CO,Public offices,False,Hosted profile,https://huerfano.us,https://huerfano.us,Not indicated,Not indicated,Not indicated,Not indicated,Not indicated,Not indicated,Not indicated,Contact opportunity: Newsletter contact,Not indicated,Not indicated,Not indicated,Contact opportunity: Cross-promotion contact
local_listing,gary-alan-weston-studios-huerfano-recycled-art-artist,Gary Alan Weston Studios,La Veta,Huerfano,CO,Arts & culture,False,Hosted profile,,https://www.lavetacreativedistrict.org/artists,Not indicated,Not indicated,Not indicated,Not indicated,Listed route: Existing directory profile,Not indicated,Not indicated,Contact opportunity: Newsletter contact,Not indicated,Not indicated,Not indicated,Contact opportunity: Cross-promotion contact
local_listing,go-ask-alys-catering-huerfano-restaurant-food-catering,Go Ask Alys Catering,La Veta,Huerfano,CO,Food & drink,True,Contact only,,,Contact opportunity: Flyer/poster contact,Not indicated,Not indicated,Contact opportunity: Front-desk referral contact,Not indicated,Not indicated,Not indicated,Not indicated,Not indicated,Not indicated,Not indicated,Not indicated
local_listing,travel-guide-grandote-grill-la-veta-huerfano,The Grandote Grill,La Veta,Huerfano,CO,Food & drink,True,Direct website,https://playgrandote.com/,https://spanishpeakscountry.com/business-directory/categories/dining; https://spanishpeakscountry.com/business-directory/listing/the-grandote-grill,Contact opportunity: Flyer/poster contact,Not indicated,Not indicated,Contact opportunity: Front-desk referral contact,Listed route: Existing directory profile,Not indicated,Not indicated,Not indicated,Not indicated,Not indicated,Not indicated,Not indicated
local_listing,travel-guide-grandote-peaks-la-veta-huerfano,Grandote Peaks,La Veta,Huerfano,CO,Lodging & stays,True,Direct website,https://playgrandote.com/,https://spanishpeakscountry.com/business-directory/categories/play/; https://spanishpeakscountry.com/business-directory/listing/grandote-peaks,Contact opportunity: Flyer/poster contact,Not indicated,Not indicated,Contact opportunity: Front-desk referral contact,Listed route: Existing directory profile,Not indicated,Not indicated,Not indicated,Not indicated,Not indicated,Not indicated,Not indicated
local_listing,grasshopper-studio-grasshopper-co-huerfano-stained-glass-creative-studio,Grasshopper Studio / Grasshopper Co.,La Veta,Huerfano,CO,Arts & culture,False,Hosted profile,,https://www.lavetacreativedistrict.org/creative-spaces,Not indicated,Not indicated,Not indicated,Not indicated,Not indicated,Not indicated,Not indicated,Contact opportunity: Newsletter contact,Not indicated,Not indicated,Not indicated,Contact opportunity: Cross-promotion contact
local_listing,h-s-place-huerfano-creative-space-local-business,H's Place,La Veta,Huerfano,CO,Arts & culture,False,Hosted profile,https://www.facebook.com,https://www.lavetacreativedistrict.org/creative-spaces,Not indicated,Not indicated,Not indicated,Not indicated,Not indicated,Not indicated,Contact opportunity: Social-sharing contact,Contact opportunity: Newsletter contact,Not indicated,Not indicated,Not indicated,Contact opportunity: Cross-promotion contact
local_listing,h-unlimited-huerfano-service-repair,H Unlimited,La Veta,Huerfano,CO,Local business or service,True,Contact only,,,Not indicated,Not indicated,Not indicated,Not indicated,Not indicated,Not indicated,Not indicated,Not indicated,Not indicated,Not indicated,Not indicated,Not indicated
local_listing,travel-guide-hallowood-cabin-la-veta-huerfano,Hallowood Cabin,La Veta,Huerfano,CO,Lodging & stays,True,Direct website,https://hallowoodcabin.com/,https://spanishpeakscountry.com/business-directory/categories/lodging; https://spanishpeakscountry.com/business-directory/categories/venues/; https://spanishpeakscountry.com/business-directory/listing/hallowood-cabin,Contact opportunity: Flyer/poster contact,Contact opportunity: Brochure/rack-card contact,Not indicated,Contact opportunity: Front-desk referral contact,Listed route: Existing directory profile,Contact opportunity: Event calendar contact,Not indicated,Not indicated,Not indicated,Not indicated,Contact opportunity: Sponsorship contact,Contact opportunity: Cross-promotion contact
local_listing,yellowpages-lead-heath-andreatta-excavation-la-veta-huerfano,Heath Andreatta Excavation,La Veta,Huerfano,CO,"Home, land & contracting",False,Hosted profile,,https://www.yellowpages.com/la-veta-co,Not indicated,Not indicated,Not indicated,Not indicated,Not indicated,Not indicated,Not indicated,Not indicated,Not indicated,Not indicated,Not indicated,Not indicated
local_listing,heather-curtis-huerfano-photography-independent-artist,Heather Curtis,La Veta,Huerfano,CO,Arts & culture,False,Hosted profile,,https://www.lavetacreativedistrict.org/artists,Not indicated,Not indicated,Not indicated,Not indicated,Listed route: Existing directory profile,Not indicated,Not indicated,Contact opportunity: Newsletter contact,Not indicated,Not indicated,Not indicated,Contact opportunity: Cross-promotion contact
local_listing,huajatolla-heritage-foundation-huerfano-heritage-culture-organization,Huajatolla Heritage Foundation,La Veta,Huerfano,CO,Funding & support,False,Direct website,https://www.hhfoundation.org,https://www.lavetacreativedistrict.org/creative-spaces,Not indicated,Not indicated,Not indicated,Not indicated,Not indicated,Not indicated,Not indicated,Contact opportunity: Newsletter contact,Not indicated,Not indicated,Not indicated,Contact opportunity: Cross-promotion contact
local_listing,huerfano-county-huerfano-events-seasonal-programs,Huerfano County (CO),La Veta,Huerfano,CO,Public offices,False,Hosted profile,https://spanishpeakscountry.com,https://spanishpeakscountry.com,Not indicated,Not indicated,Not indicated,Not indicated,Not indicated,Contact opportunity: Event calendar contact,Not indicated,Not indicated,Contact opportunity: Digital advertising contact,Contact opportunity: Pitch a story or announcement,Contact opportunity: Sponsorship contact,Contact opportunity: Cross-promotion contact
local_listing,jolynn-chappell-nature-canyon-arts-huerfano-sculpture-artist,Jolynn Chappell / Nature Canyon Arts,La Veta,Huerfano,CO,Arts & culture,False,Hosted profile,,https://www.lavetacreativedistrict.org/artists,Not indicated,Not indicated,Not indicated,Not indicated,Listed route: Existing directory profile,Not indicated,Not indicated,Contact opportunity: Newsletter contact,Not indicated,Not indicated,Not indicated,Contact opportunity: Cross-promotion contact
local_listing,jonathan-evans-shalawalla-studio-and-gallery-huerfano-batik-artist,Jonathan Evans / Shalawalla Studio & Gallery,La Veta,Huerfano,CO,Arts & culture,False,Hosted profile,,https://www.lavetacreativedistrict.org/artists,Not indicated,Not indicated,Not indicated,Not indicated,Listed route: Existing directory profile,Not indicated,Not indicated,Contact opportunity: Newsletter contact,Not indicated,Not indicated,Not indicated,Contact opportunity: Cross-promotion contact
local_listing,judith-baker-montano-huerfano-fiber-art-creative-studio,Judith Baker Montano,La Veta,Huerfano,CO,Arts & culture,False,Direct website,https://www.judithbakermontano.com,https://www.lavetacreativedistrict.org/creative-spaces,Not indicated,Not indicated,Not indicated,Not indicated,Not indicated,Not indicated,Not indicated,Contact opportunity: Newsletter contact,Not indicated,Not indicated,Not indicated,Contact opportunity: Cross-promotion contact
local_listing,just-in-time-bakery-huerfano-restaurant-food,Just in Time Bakery,La Veta,Huerfano,CO,Food & drink,True,Hosted profile,https://spanishpeakscountry.com/business-directory/listing/owner-3,https://spanishpeakscountry.com/business-directory/categories/dining; https://spanishpeakscountry.com/business-directory/listing/owner-3,Contact opportunity: Flyer/poster contact,Not indicated,Not indicated,Contact opportunity: Front-desk referral contact,Listed route: Existing directory profile,Not indicated,Not indicated,Not indicated,Not indicated,Not indicated,Not indicated,Not indicated
local_listing,kathy-hills-studio-gallery-spanish-peaks-art-huerfano-painter-studio-galle,Kathy Hills Studio Gallery / Spanish Peaks Art,La Veta,Huerfano,CO,Arts & culture,True,Direct website,https://kathywhill.com/,https://spanishpeakscountry.com/business-directory/listing/kathy-hills-studio-gallery; https://spanishpeakscountry.com/business-directory/categories/galleries,Contact opportunity: Flyer/poster contact,Contact opportunity: Brochure/rack-card contact,Not indicated,Contact opportunity: Front-desk referral contact,Listed route: Existing directory profile,Not indicated,Not indicated,Not indicated,Not indicated,Not indicated,Not indicated,Contact opportunity: Cross-promotion contact
local_listing,kenny-schneider-kenetics-huerfano-mixed-media-artist,Kenny Schneider / Kenetics,La Veta,Huerfano,CO,Arts & culture,False,Direct website,https://kenetics.wixsite.com/kenetics-1,https://www.lavetacreativedistrict.org/artists/kenny-schneider,Not indicated,Not indicated,Not indicated,Not indicated,Not indicated,Not indicated,Not indicated,Contact opportunity: Newsletter contact,Not indicated,Not indicated,Not indicated,Contact opportunity: Cross-promotion contact
local_listing,travel-guide-la-veta-anglers-la-veta-huerfano,La Veta Anglers,La Veta,Huerfano,CO,Local business or service,True,Hosted profile,https://www.spanishpeakscountry.com/,https://spanishpeakscountry.com/business-directory/categories/play/; https://spanishpeakscountry.com/business-directory/listing/la-veta-anglers,Not indicated,Not indicated,Not indicated,Not indicated,Listed route: Existing directory profile,Not indicated,Not indicated,Not indicated,Not indicated,Not indicated,Not indicated,Not indicated
local_listing,travel-guide-la-veta-country-store-la-veta-huerfano,La Veta Country Store,La Veta,Huerfano,CO,Food & drink,True,Direct website,https://lavetacountrystore.com/,https://spanishpeakscountry.com/business-directory/categories/dining; https://spanishpeakscountry.com/business-directory/categories/shopping; https://spanishpeakscountry.com/business-directory/listing/la-veta-country-store,Contact opportunity: Flyer/poster contact,Not indicated,Not indicated,Contact opportunity: Front-desk referral contact,Listed route: Existing directory profile,Not indicated,Not indicated,Not indicated,Not indicated,Not indicated,Not indicated,Not indicated
local_listing,la-veta-country-store-valero-huerfano-retail-fuel-convenience,La Veta Country Store Valero,La Veta,Huerfano,CO,Retail & local goods,True,Contact only,,,Contact opportunity: Flyer/poster contact,Not indicated,Not indicated,Contact opportunity: Front-desk referral contact,Not indicated,Not indicated,Not indicated,Not indicated,Not indicated,Not indicated,Not indicated,Not indicated
local_listing,la-veta-creative-district-huerfano,La Veta Creative District,La Veta,Huerfano,CO,Arts & culture,True,Direct website,https://lavetacreativedistrict.org/,https://spanishpeakscountry.com/art/,Contact opportunity: Flyer/poster contact,Not indicated,Not indicated,Not indicated,Not indicated,Not indicated,Not indicated,Contact opportunity: Newsletter contact,Not indicated,Not indicated,Not indicated,Contact opportunity: Cross-promotion contact
local_listing,la-veta-creative-district-aid-for-artists-la-veta-huerfano-artist-funding-and-emergenc,La Veta Creative District Aid for Artists,La Veta,Huerfano,CO,Funding & support,False,Direct website,https://www.lavetacreativedistrict.org/aid-for-artists,https://www.lavetacreativedistrict.org/aid-for-artists,Not indicated,Not indicated,Not indicated,Not indicated,Not indicated,Not indicated,Not indicated,Contact opportunity: Newsletter contact,Not indicated,Not indicated,Not indicated,Contact opportunity: Cross-promotion contact
local_listing,la-veta-creative-district-creative-spaces-huerfano-creative-spaces-directo,La Veta Creative District creative spaces,La Veta,Huerfano,CO,Arts & culture,False,Direct website,https://www.lavetacreativedistrict.org/creative-spaces,https://www.lavetacreativedistrict.org/creative-spaces,Not indicated,Not indicated,Not indicated,Not indicated,Not indicated,Not indicated,Not indicated,Contact opportunity: Newsletter contact,Not indicated,Not indicated,Not indicated,Contact opportunity: Cross-promotion contact
local_listing,la-veta-creative-district-creatives-directory-la-veta-huerfano-digital-local-artist-di,La Veta Creative District Creatives Directory,La Veta,Huerfano,CO,Arts & culture,False,Direct website,https://www.lavetacreativedistrict.org/artists,https://www.lavetacreativedistrict.org/artists,Not indicated,Not indicated,Not indicated,Not indicated,Listed route: Existing directory profile,Not indicated,Not indicated,Contact opportunity: Newsletter contact,Not indicated,Not indicated,Not indicated,Contact opportunity: Cross-promotion contact
local_listing,yellowpages-lead-la-veta-elementary-school-la-veta-huerfano,La Veta Elementary School,La Veta,Huerfano,CO,Education & learning,False,Hosted profile,,https://www.yellowpages.com/la-veta-co,Not indicated,Not indicated,Not indicated,Not indicated,Not indicated,Not indicated,Not indicated,Not indicated,Not indicated,Not indicated,Not indicated,Not indicated
local_listing,la-veta-fire-protection-district-huerfano-government-fire-district,La Veta Fire Protection District,La Veta,Huerfano,CO,Public offices,False,Direct website,https://lavetafire.org,https://lavetafire.org,Not indicated,Not indicated,Not indicated,Not indicated,Not indicated,Not indicated,Not indicated,Contact opportunity: Newsletter contact,Not indicated,Not indicated,Not indicated,Contact opportunity: Cross-promotion contact
local_listing,yellowpages-lead-la-veta-high-school-la-veta-huerfano,La Veta High School,La Veta,Huerfano,CO,Education & learning,False,Hosted profile,,https://www.yellowpages.com/la-veta-co,Not indicated,Not indicated,Not indicated,Not indicated,Not indicated,Not indicated,Not indicated,Not indicated,Not indicated,Not indicated,Not indicated,Not indicated
local_listing,la-veta-inn-huerfano-lodging,La Veta Inn,La Veta,Huerfano,CO,Lodging & stays,True,Direct website,https://lavetainncolorado.com/,https://spanishpeakscountry.com/business-directory/categories/lodging; https://spanishpeakscountry.com/business-directory/listing/la-veta-inn; https://www.yellowpages.com/la-veta-co,Contact opportunity: Flyer/poster contact,Contact opportunity: Brochure/rack-card contact,Not indicated,Contact opportunity: Front-desk referral contact,Listed route: Existing directory profile,Not indicated,Not indicated,Not indicated,Not indicated,Not indicated,Not indicated,Not indicated
local_listing,yellowpages-lead-la-veta-junior-senior-high-school-la-veta-huerfano,La Veta Junior-Senior High School,La Veta,Huerfano,CO,Education & learning,False,Hosted profile,,https://www.yellowpages.com/la-veta-co,Not indicated,Not indicated,Not indicated,Not indicated,Not indicated,Not indicated,Not indicated,Not indicated,Not indicated,Not indicated,Not indicated,Not indicated
local_listing,la-veta-liquors-huerfano-retail,La Veta Liquors,La Veta,Huerfano,CO,Retail & local goods,True,Contact only,,,Contact opportunity: Flyer/poster contact,Not indicated,Not indicated,Contact opportunity: Front-desk referral contact,Not indicated,Not indicated,Not indicated,Not indicated,Not indicated,Not indicated,Not indicated,Not indicated
local_listing,la-veta-mercantile-huerfano-retail,La Veta Mercantile,La Veta,Huerfano,CO,Arts & culture,True,Hosted profile,https://www.facebook.com/lavetamercantile; https://www.facebook.com/lavetamercantile/,https://spanishpeakscountry.com/business-directory/categories/galleries; https://spanishpeakscountry.com/business-directory/categories/shopping; https://spanishpeakscountry.com/business-directory/categories/venues/; https://spanishpeakscountry.com/business-directory/listing/la-veta-mercantile; https://spanishpeakscountry.com/music-theater/,Contact opportunity: Flyer/poster contact,Contact opportunity: Brochure/rack-card contact,Not indicated,Contact opportunity: Front-desk referral contact,Listed route: Existing directory profile,Contact opportunity: Event calendar contact,Contact opportunity: Social-sharing contact,Not indicated,Not indicated,Not indicated,Contact opportunity: Sponsorship contact,Contact opportunity: Cross-promotion contact
local_listing,la-veta-oil-company-huerfano-service-fuel,La Veta Oil Company,La Veta,Huerfano,CO,Auto & transportation,True,Hosted profile,,https://www.yellowpages.com/la-veta-co,Contact opportunity: Flyer/poster contact,Not indicated,Not indicated,Not indicated,Not indicated,Not indicated,Not indicated,Not indicated,Not indicated,Not indicated,Not indicated,Contact opportunity: Cross-promotion contact
local_listing,la-veta-physical-therapy-huerfano-healthcare,La Veta Physical Therapy,La Veta,Huerfano,CO,Health & wellness,True,Contact only,,,Not indicated,Not indicated,Not indicated,Not indicated,Not indicated,Not indicated,Not indicated,Not indicated,Not indicated,Not indicated,Not indicated,Not indicated
local_listing,la-veta-pines-rv-park-huerfano-lodging-rv,La Veta Pines RV Park,La Veta,Huerfano,CO,Lodging & stays,True,Direct website,https://www.lavetapines.com/,https://spanishpeakscountry.com/business-directory/categories/lodging; https://spanishpeakscountry.com/business-directory/listing/la-veta-pines-rv-park,Contact opportunity: Flyer/poster contact,Contact opportunity: Brochure/rack-card contact,Not indicated,Contact opportunity: Front-desk referral contact,Listed route: Existing directory profile,Not indicated,Not indicated,Not indicated,Not indicated,Not indicated,Not indicated,Not indicated
local_listing,la-veta-propane-huerfano-service-utility,La Veta Propane,La Veta,Huerfano,CO,Local business or service,True,Contact only,,,Not indicated,Not indicated,Not indicated,Not indicated,Not indicated,Not indicated,Not indicated,Not indicated,Not indicated,Not indicated,Not indicated,Not indicated
local_listing,yellowpages-lead-la-veta-public-library-la-veta-huerfano,La Veta Public Library,La Veta,Huerfano,CO,Education & learning,False,Hosted profile,,https://www.yellowpages.com/la-veta-co,Not indicated,Not indicated,Not indicated,Not indicated,Not indicated,Contact opportunity: Event calendar contact,Not indicated,Contact opportunity: Newsletter contact,Not indicated,Not indicated,Not indicated,Not indicated
local_listing,la-veta-public-library-district-huerfano-library-community,La Veta Public Library District,La Veta,Huerfano,CO,Education & learning,False,Direct website,https://lvpl.org,https://lvpl.org,Not indicated,Not indicated,Not indicated,Not indicated,Not indicated,Contact opportunity: Event calendar contact,Not indicated,Contact opportunity: Newsletter contact,Not indicated,Not indicated,Not indicated,Contact opportunity: Cross-promotion contact
local_listing,la-veta-school-of-the-arts-huerfano-creative-education,La Veta School of the Arts,La Veta,Huerfano,CO,Arts & culture,True,Direct website,https://thelvesa.org/; https://thelvsa.org,https://spanishpeakscountry.com/art/; https://www.lavetacreativedistrict.org/creative-spaces; https://www.lavetacreativedistrict.org/artists,Contact opportunity: Flyer/poster contact,Not indicated,Contact opportunity: Bulletin-board contact,Contact opportunity: Front-desk referral contact,Not indicated,Contact opportunity: Event calendar contact,Not indicated,Contact opportunity: Newsletter contact,Not indicated,Not indicated,Contact opportunity: Sponsorship contact,Contact opportunity: Cross-promotion contact
local_listing,la-veta-schools-of-the-arts-huerfano-arts-culture-education,La Veta Schools of the Arts,La Veta,Huerfano,CO,Arts & culture,True,Contact only,,,Not indicated,Not indicated,Contact opportunity: Bulletin-board contact,Not indicated,Not indicated,Not indicated,Not indicated,Not indicated,Not indicated,Not indicated,Not indicated,Not indicated
local_listing,yellowpages-lead-la-veta-town-marshall-la-veta-huerfano,La Veta Town Marshall,La Veta,Huerfano,CO,Public offices,False,Hosted profile,,https://www.yellowpages.com/la-veta-co,Not indicated,Not indicated,Not indicated,Not indicated,Not indicated,Not indicated,Not indicated,Not indicated,Not indicated,Not indicated,Not indicated,Contact opportunity: Cross-promotion contact
local_listing,la-veta-yoga-studio-huerfano-healthcare-wellness,La Veta Yoga Studio,La Veta,Huerfano,CO,Health & wellness,True,Contact only,,,Not indicated,Not indicated,Not indicated,Not indicated,Not indicated,Not indicated,Not indicated,Not indicated,Not indicated,Not indicated,Not indicated,Not indicated
local_listing,legends-on-main-huerfano-retail,Legends on Main,La Veta,Huerfano,CO,Retail & local goods,True,Direct website,https://www.legendsonmainstreet.com/,https://spanishpeakscountry.com/business-directory/categories/dining; https://spanishpeakscountry.com/business-directory/listing/legends-on-main,Contact opportunity: Flyer/poster contact,Not indicated,Not indicated,Contact opportunity: Front-desk referral contact,Listed route: Existing directory profile,Not indicated,Not indicated,Not indicated,Not indicated,Not indicated,Not indicated,Not indicated
local_listing,travel-guide-lokal-perks-la-veta-huerfano,Lokal Perks,La Veta,Huerfano,CO,Food & drink,True,Hosted profile,https://www.spanishpeakscountry.com/,https://spanishpeakscountry.com/business-directory/categories/dining; https://spanishpeakscountry.com/business-directory/listing/lokal-perks,Contact opportunity: Flyer/poster contact,Not indicated,Not indicated,Contact opportunity: Front-desk referral contact,Listed route: Existing directory profile,Not indicated,Not indicated,Not indicated,Not indicated,Not indicated,Not indicated,Not indicated
local_listing,lou-s-diner-huerfano-restaurant-food,Lou's Diner,La Veta,Huerfano,CO,Food & drink,True,Contact only,,,Contact opportunity: Flyer/poster contact,Not indicated,Not indicated,Contact opportunity: Front-desk referral contact,Not indicated,Not indicated,Not indicated,Not indicated,Not indicated,Not indicated,Not indicated,Not indicated
local_listing,lyle-clift-huerfano-sculpture-independent-artist,Lyle Clift,La Veta,Huerfano,CO,Arts & culture,False,Hosted profile,,https://www.lavetacreativedistrict.org/artists,Not indicated,Not indicated,Not indicated,Not indicated,Listed route: Existing directory profile,Not indicated,Not indicated,Contact opportunity: Newsletter contact,Not indicated,Not indicated,Not indicated,Contact opportunity: Cross-promotion contact
local_listing,space-gallery-huerfano-la-veta,SPACe Gallery / Spanish Peaks Arts Council,La Veta,Huerfano,CO,Arts & culture,True,Direct website,https://spanishpeaksarts.org/,https://spanishpeaksarts.org/; https://www.lavetacreativedistrict.org/artists; https://spanishpeakscountry.com/business-directory/categories/shopping; https://spanishpeakscountry.com/business-directory/listing/space-gallery; https://spanishpeakscountry.com/business-directory/categories/galleries,Contact opportunity: Flyer/poster contact,Contact opportunity: Brochure/rack-card contact,Contact opportunity: Bulletin-board contact,Contact opportunity: Front-desk referral contact,Listed route: Existing directory profile,Not indicated,Not indicated,Contact opportunity: Newsletter contact,Not indicated,Not indicated,Not indicated,Contact opportunity: Cross-promotion contact
local_listing,maria-battista-huerfano-sculpture-independent-artist,Maria Battista,La Veta,Huerfano,CO,Arts & culture,False,Hosted profile,,https://www.lavetacreativedistrict.org/artists,Not indicated,Not indicated,Not indicated,Not indicated,Listed route: Existing directory profile,Not indicated,Not indicated,Contact opportunity: Newsletter contact,Not indicated,Not indicated,Not indicated,Contact opportunity: Cross-promotion contact
local_listing,marta-moore-art-huerfano-painting-artist,Marta Moore Art,La Veta,Huerfano,CO,Arts & culture,False,Hosted profile,,https://www.lavetacreativedistrict.org/artists,Not indicated,Not indicated,Not indicated,Not indicated,Listed route: Existing directory profile,Not indicated,Not indicated,Contact opportunity: Newsletter contact,Not indicated,Not indicated,Not indicated,Contact opportunity: Cross-promotion contact
local_listing,mary-scott-nevermore-fiber-fabrications-huerfano-fiber-arts-artist,Mary Scott / Nevermore Fiber Fabrications,La Veta,Huerfano,CO,Arts & culture,False,Hosted profile,,https://www.lavetacreativedistrict.org/artists,Not indicated,Not indicated,Not indicated,Not indicated,Listed route: Existing directory profile,Not indicated,Not indicated,Contact opportunity: Newsletter contact,Not indicated,Not indicated,Not indicated,Contact opportunity: Cross-promotion contact
local_listing,mission-wolf-huerfano-nonprofit-attraction,Mission:Wolf,La Veta,Huerfano,CO,Nonprofit & community,False,Hosted profile,,https://spanishpeakscountry.com/attractions/,Not indicated,Not indicated,Not indicated,Not indicated,Not indicated,Not indicated,Not indicated,Contact opportunity: Newsletter contact,Not indicated,Not indicated,Not indicated,Contact opportunity: Cross-promotion contact
local_listing,mountain-merman-brewing-company-huerfano-restaurant-food-brewery,Mountain Merman Brewing Company,La Veta,Huerfano,CO,Food & drink,True,Hosted profile,https://spanishpeakscountry.com/business-directory/listing/mountain-merman-brewing-company,https://spanishpeakscountry.com/business-directory/categories/dining; https://spanishpeakscountry.com/business-directory/listing/mountain-merman-brewing-company,Contact opportunity: Flyer/poster contact,Not indicated,Not indicated,Contact opportunity: Front-desk referral contact,Listed route: Existing directory profile,Not indicated,Not indicated,Not indicated,Not indicated,Not indicated,Not indicated,Not indicated
local_listing,mountain-time-pilates-huerfano-healthcare-wellness,Mountain Time Pilates,La Veta,Huerfano,CO,Health & wellness,True,Contact only,,,Not indicated,Not indicated,Not indicated,Not indicated,Not indicated,Not indicated,Not indicated,Not indicated,Not indicated,Not indicated,Not indicated,Not indicated
local_listing,navajo-western-water-district-huerfano-government-special-district,Navajo Western Water District,La Veta,Huerfano,CO,Public offices,False,Direct website,https://nwwd.us,https://nwwd.us,Not indicated,Not indicated,Not indicated,Not indicated,Not indicated,Not indicated,Not indicated,Contact opportunity: Newsletter contact,Not indicated,Not indicated,Not indicated,Contact opportunity: Cross-promotion contact
local_listing,nicole-copel-ceramics-huerfano-ceramics-pottery-artist,Nicole Copel Ceramics,La Veta,Huerfano,CO,Arts & culture,False,Direct website,https://www.nicolecopelceramics.com,https://www.lavetacreativedistrict.org/creative-spaces,Not indicated,Not indicated,Not indicated,Not indicated,Not indicated,Not indicated,Not indicated,Contact opportunity: Newsletter contact,Not indicated,Not indicated,Not indicated,Contact opportunity: Cross-promotion contact
local_listing,parmelee-s-huerfano-restaurant-food,Parmelee's,La Veta,Huerfano,CO,Food & drink,True,Contact only,,,Contact opportunity: Flyer/poster contact,Not indicated,Not indicated,Contact opportunity: Front-desk referral contact,Not indicated,Not indicated,Not indicated,Not indicated,Not indicated,Not indicated,Not indicated,Not indicated
local_listing,travel-guide-peaks-at-grandote-la-veta-huerfano,The Peaks at Grandote,La Veta,Huerfano,CO,Food & drink,True,Direct website,https://playgrandote.com/,https://spanishpeakscountry.com/business-directory/categories/dining; https://spanishpeakscountry.com/business-directory/listing/the-peaks-at-grandote,Contact opportunity: Flyer/poster contact,Not indicated,Not indicated,Contact opportunity: Front-desk referral contact,Listed route: Existing directory profile,Not indicated,Not indicated,Not indicated,Not indicated,Not indicated,Not indicated,Not indicated
local_listing,peakview-self-storage-huerfano-service-storage,Peakview Self-Storage,La Veta,Huerfano,CO,Professional services,True,Contact only,,,Not indicated,Not indicated,Not indicated,Not indicated,Not indicated,Not indicated,Not indicated,Not indicated,Not indicated,Not indicated,Not indicated,Not indicated
local_listing,yellowpages-lead-peet-s-coffee-tea-la-veta-huerfano,Peet's Coffee & Tea,La Veta,Huerfano,CO,Food & drink,False,Hosted profile,,https://www.yellowpages.com/la-veta-co,Not indicated,Not indicated,Not indicated,Not indicated,Not indicated,Not indicated,Not indicated,Not indicated,Not indicated,Not indicated,Not indicated,Not indicated
local_listing,petrichor-iv-hydration-huerfano-healthcare-wellness,Petrichor IV Hydration,La Veta,Huerfano,CO,Health & wellness,True,Contact only,,,Not indicated,Not indicated,Not indicated,Not indicated,Not indicated,Not indicated,Not indicated,Not indicated,Not indicated,Not indicated,Not indicated,Not indicated
local_listing,ranch-house-inn-huerfano-lodging,Ranch House Inn,La Veta,Huerfano,CO,Lodging & stays,True,Contact only,,,Contact opportunity: Flyer/poster contact,Contact opportunity: Brochure/rack-card contact,Not indicated,Contact opportunity: Front-desk referral contact,Not indicated,Not indicated,Not indicated,Not indicated,Not indicated,Not indicated,Not indicated,Not indicated
local_listing,re-2-la-veta-school-district-huerfano-education,RE-2 La Veta School District,La Veta,Huerfano,CO,Education & learning,True,Direct website,https://lvk12.org,https://lvk12.org,Contact opportunity: Flyer/poster contact,Not indicated,Contact opportunity: Bulletin-board contact,Not indicated,Not indicated,Not indicated,Not indicated,Contact opportunity: Newsletter contact,Not indicated,Not indicated,Not indicated,Contact opportunity: Cross-promotion contact
local_listing,roger-batchelor-daom-acupuncture-huerfano-healthcare,"Roger Batchelor, DAOM Acupuncture",La Veta,Huerfano,CO,Health & wellness,True,Contact only,,,Not indicated,Not indicated,Not indicated,Not indicated,Not indicated,Not indicated,Not indicated,Not indicated,Not indicated,Not indicated,Not indicated,Not indicated
local_listing,travel-guide-rooms-at-club-la-veta-huerfano,Rooms At The Club,La Veta,Huerfano,CO,Lodging & stays,True,Hosted profile,,https://spanishpeakscountry.com/business-directory/categories/lodging; https://spanishpeakscountry.com/business-directory/listing/rooms-by-the-club,Contact opportunity: Flyer/poster contact,Contact opportunity: Brochure/rack-card contact,Not indicated,Contact opportunity: Front-desk referral contact,Listed route: Existing directory profile,Not indicated,Not indicated,Not indicated,Not indicated,Not indicated,Not indicated,Not indicated
local_listing,the-salon-ltd-huerfano-service-personal-care,The Salon LTD,La Veta,Huerfano,CO,Health & wellness,True,Contact only,,,Contact opportunity: Flyer/poster contact,Not indicated,Not indicated,Not indicated,Not indicated,Not indicated,Not indicated,Not indicated,Not indicated,Not indicated,Not indicated,Not indicated
local_listing,travel-guide-sammie-s-motel-and-rv-park-la-veta-huerfano,Sammie's Motel & RV Park,La Veta,Huerfano,CO,Lodging & stays,True,Direct website,https://www.sammiescampground.com/,https://spanishpeakscountry.com/business-directory/categories/lodging; https://spanishpeakscountry.com/business-directory/listing/sammies-motel-rv-park,Contact opportunity: Flyer/poster contact,Contact opportunity: Brochure/rack-card contact,Not indicated,Contact opportunity: Front-desk referral contact,Listed route: Existing directory profile,Not indicated,Not indicated,Not indicated,Not indicated,Not indicated,Not indicated,Not indicated
local_listing,sammie-s-rv-park-huerfano-lodging-rv,Sammie's RV Park,La Veta,Huerfano,CO,Lodging & stays,True,Contact only,,,Contact opportunity: Flyer/poster contact,Contact opportunity: Brochure/rack-card contact,Not indicated,Contact opportunity: Front-desk referral contact,Not indicated,Not indicated,Not indicated,Not indicated,Not indicated,Not indicated,Not indicated,Not indicated
local_listing,sandy-dolak-huerfano-fiber-arts-independent-artist,Sandy Dolak,La Veta,Huerfano,CO,Arts & culture,False,Hosted profile,,https://www.lavetacreativedistrict.org/artists,Not indicated,Not indicated,Not indicated,Not indicated,Listed route: Existing directory profile,Not indicated,Not indicated,Contact opportunity: Newsletter contact,Not indicated,Not indicated,Not indicated,Contact opportunity: Cross-promotion contact
local_listing,shalawalla-gallery-huerfano-la-veta,Shalawalla Gallery & Batik Studio,La Veta,Huerfano,CO,Arts & culture,True,Direct website,https://www.shalawalla.com/,https://www.shalawalla.com/,Contact opportunity: Flyer/poster contact,Contact opportunity: Brochure/rack-card contact,Not indicated,Contact opportunity: Front-desk referral contact,Not indicated,Not indicated,Not indicated,Not indicated,Not indicated,Not indicated,Not indicated,Contact opportunity: Cross-promotion contact
local_listing,shalawalla-huerfano-retail,"Shalawalla Gallery, Gift Shop, & School",La Veta,Huerfano,CO,Arts & culture,True,Direct website,https://www.shalawalla.com/,https://spanishpeakscountry.com/business-directory/categories/galleries; https://spanishpeakscountry.com/business-directory/categories/shopping; https://spanishpeakscountry.com/business-directory/listing/shalawalla-gallery-gift-shop-school,Contact opportunity: Flyer/poster contact,Contact opportunity: Brochure/rack-card contact,Contact opportunity: Bulletin-board contact,Contact opportunity: Front-desk referral contact,Listed route: Existing directory profile,Not indicated,Not indicated,Contact opportunity: Newsletter contact,Not indicated,Not indicated,Not indicated,Contact opportunity: Cross-promotion contact
local_listing,shawn-bridges-shawn-k-bridges-art-huerfano-painting-artist,Shawn Bridges / Shawn K. Bridges Art,La Veta,Huerfano,CO,Arts & culture,False,Hosted profile,,https://www.lavetacreativedistrict.org/artists,Not indicated,Not indicated,Not indicated,Not indicated,Listed route: Existing directory profile,Not indicated,Not indicated,Contact opportunity: Newsletter contact,Not indicated,Not indicated,Not indicated,Contact opportunity: Cross-promotion contact
local_listing,silvershoe-huerfano-retail,Silvershoe,La Veta,Huerfano,CO,Arts & culture,True,Hosted profile,https://www.facebook.com,https://spanishpeakscountry.com/business-directory/categories/shopping; https://spanishpeakscountry.com/business-directory/listing/silvershoe; https://www.lavetacreativedistrict.org/creative-spaces,Contact opportunity: Flyer/poster contact,Not indicated,Not indicated,Not indicated,Listed route: Existing directory profile,Not indicated,Contact opportunity: Social-sharing contact,Contact opportunity: Newsletter contact,Not indicated,Not indicated,Not indicated,Contact opportunity: Cross-promotion contact
local_listing,yellowpages-lead-sinclair-gas-station-la-veta-huerfano,Sinclair Gas Station,La Veta,Huerfano,CO,Auto & transportation,False,Hosted profile,,https://www.yellowpages.com/la-veta-co,Not indicated,Not indicated,Not indicated,Not indicated,Not indicated,Not indicated,Not indicated,Not indicated,Not indicated,Not indicated,Not indicated,Contact opportunity: Cross-promotion contact
local_listing,travel-guide-skinny-s-diner-and-bar-la-veta-huerfano,Skinny's Diner and Bar,La Veta,Huerfano,CO,Food & drink,True,Direct website,https://www.skinnysdinerandbar.com/,https://spanishpeakscountry.com/business-directory/categories/dining; https://spanishpeakscountry.com/business-directory/listing/skinnys-diner-and-bar,Contact opportunity: Flyer/poster contact,Not indicated,Not indicated,Contact opportunity: Front-desk referral contact,Listed route: Existing directory profile,Not indicated,Not indicated,Not indicated,Not indicated,Not indicated,Not indicated,Not indicated
local_listing,spanish-peaks-arts-council-online-shows-and-member-routes-la-veta-huerfano-arts-counci,Spanish Peaks Arts Council Online Shows and Member Routes,La Veta,Huerfano,CO,Arts & culture,False,Direct website,https://spanishpeaksarts.org/,https://spanishpeaksarts.org/,Not indicated,Not indicated,Not indicated,Not indicated,Not indicated,Contact opportunity: Event calendar contact,Not indicated,Contact opportunity: Newsletter contact,Not indicated,Not indicated,Not indicated,Contact opportunity: Cross-promotion contact
local_listing,steve-riley-limited-editions-huerfano-photography-artist,Steve Riley Limited Editions,La Veta,Huerfano,CO,Arts & culture,False,Hosted profile,,https://www.lavetacreativedistrict.org/artists,Not indicated,Not indicated,Not indicated,Not indicated,Listed route: Existing directory profile,Not indicated,Not indicated,Contact opportunity: Newsletter contact,Not indicated,Not indicated,Not indicated,Contact opportunity: Cross-promotion contact
local_listing,yellowpages-lead-timbers-restaurant-la-veta-huerfano,Timbers Restaurant,La Veta,Huerfano,CO,Food & drink,False,Hosted profile,,https://www.yellowpages.com/la-veta-co,Not indicated,Not indicated,Not indicated,Not indicated,Not indicated,Not indicated,Not indicated,Not indicated,Not indicated,Not indicated,Not indicated,Not indicated
local_listing,travel-guide-timbers-steak-and-spirits-la-veta-huerfano,The Timbers Steak and Spirits,La Veta,Huerfano,CO,Food & drink,True,Hosted profile,https://www.facebook.com/share/1AyigQNiJw/,https://spanishpeakscountry.com/business-directory/categories/dining; https://spanishpeakscountry.com/business-directory/listing/the-timbers-steak-and-spirits,Contact opportunity: Flyer/poster contact,Not indicated,Not indicated,Contact opportunity: Front-desk referral contact,Listed route: Existing directory profile,Not indicated,Contact opportunity: Social-sharing contact,Not indicated,Not indicated,Not indicated,Not indicated,Contact opportunity: Cross-promotion contact
local_listing,town-of-la-veta-huerfano-government,Town of La Veta,La Veta,Huerfano,CO,Public offices,True,Direct website,https://townoflaveta-co.gov/,https://townoflaveta-co.gov/,Contact opportunity: Flyer/poster contact,Not indicated,Not indicated,Not indicated,Not indicated,Not indicated,Not indicated,Not indicated,Not indicated,Not indicated,Not indicated,Not indicated
local_listing,trailhead-general-store-sinclair-huerfano-retail-gas-convenience,Trailhead General Store / Sinclair,La Veta,Huerfano,CO,Retail & local goods,True,Contact only,,,Contact opportunity: Flyer/poster contact,Not indicated,Not indicated,Contact opportunity: Front-desk referral contact,Not indicated,Not indicated,Not indicated,Not indicated,Not indicated,Not indicated,Not indicated,Not indicated
local_listing,tutu-s-washateria-huerfano-service-laundromat,Tutu's Washateria,La Veta,Huerfano,CO,Local business or service,True,Contact only,,,Not indicated,Not indicated,Not indicated,Not indicated,Not indicated,Not indicated,Not indicated,Not indicated,Not indicated,Not indicated,Not indicated,Not indicated
local_listing,two-fox-cabins-rvs-huerfano-lodging,Two Fox Cabins & RVs,La Veta,Huerfano,CO,Lodging & stays,True,Direct website,https://www.twofoxcabins.com/,https://spanishpeakscountry.com/business-directory/categories/lodging; https://spanishpeakscountry.com/business-directory/listing/two-fox-cabins-rvs,Contact opportunity: Flyer/poster contact,Contact opportunity: Brochure/rack-card contact,Not indicated,Contact opportunity: Front-desk referral contact,Listed route: Existing directory profile,Not indicated,Not indicated,Not indicated,Not indicated,Not indicated,Not indicated,Not indicated
local_listing,two-mountain-treasures-huerfano-retail,Two Mountain Treasures,La Veta,Huerfano,CO,Arts & culture,False,Hosted profile,,https://www.lavetacreativedistrict.org/creative-spaces,Not indicated,Not indicated,Not indicated,Not indicated,Not indicated,Not indicated,Not indicated,Contact opportunity: Newsletter contact,Not indicated,Not indicated,Not indicated,Contact opportunity: Cross-promotion contact
local_listing,two-peaks-fitness-huerfano-healthcare-wellness-fitness,Two Peaks Fitness,La Veta,Huerfano,CO,Health & wellness,True,Direct website,https://twopeaksfitness.org/,https://spanishpeakscountry.com/business-directory/categories/play/; https://spanishpeakscountry.com/business-directory/listing/two-peaks-fitness; https://www.chamber.huerfano.org/membership-directory,Not indicated,Not indicated,Not indicated,Not indicated,Listed route: Existing directory profile,Not indicated,Not indicated,Not indicated,Not indicated,Not indicated,Not indicated,Not indicated
local_listing,yellowpages-lead-united-states-postal-service-la-veta-huerfano,United States Postal Service,La Veta,Huerfano,CO,Local business or service,False,Hosted profile,,https://www.yellowpages.com/la-veta-co,Not indicated,Not indicated,Not indicated,Not indicated,Not indicated,Not indicated,Not indicated,Not indicated,Not indicated,Not indicated,Not indicated,Contact opportunity: Cross-promotion contact
local_listing,upper-huerfano-fire-district-huerfano-government-fire-district,Upper Huerfano Fire District,La Veta,Huerfano,CO,Public offices,False,Direct website,https://5280fire.com,https://5280fire.com,Not indicated,Not indicated,Not indicated,Not indicated,Not indicated,Not indicated,Not indicated,Contact opportunity: Newsletter contact,Not indicated,Not indicated,Not indicated,Contact opportunity: Cross-promotion contact
local_listing,travel-guide-van-lue-s-property-management-and-cabins-la-veta-huerfano,Van Lue's Property Management & Cabins,La Veta,Huerfano,CO,Lodging & stays,True,Hosted profile,https://www.spanishpeakscountry.com/,https://spanishpeakscountry.com/business-directory/categories/lodging; https://spanishpeakscountry.com/business-directory/listing/van-lues-property-management-cabins,Contact opportunity: Flyer/poster contact,Contact opportunity: Brochure/rack-card contact,Not indicated,Contact opportunity: Front-desk referral contact,Listed route: Existing directory profile,Not indicated,Not indicated,Not indicated,Not indicated,Not indicated,Not indicated,Not indicated
local_listing,wayne-stewart-fine-art-huerfano-painting-artist,Wayne Stewart Fine Art,La Veta,Huerfano,CO,Arts & culture,False,Hosted profile,,https://www.lavetacreativedistrict.org/artists,Not indicated,Not indicated,Not indicated,Not indicated,Listed route: Existing directory profile,Not indicated,Not indicated,Contact opportunity: Newsletter contact,Not indicated,Not indicated,Not indicated,Contact opportunity: Cross-promotion contact
local_listing,we-rv-champions-of-la-veta-huerfano-service-rv,We RV Champions of La Veta,La Veta,Huerfano,CO,Lodging & stays,True,Direct website,https://www.wervchampions.com/communities/we-rv-champions-of-la-veta/,https://spanishpeakscountry.com/business-directory/categories/lodging; https://spanishpeakscountry.com/business-directory/listing/circle-the-wagons-rv-park; https://www.coloradodirectory.com/cucharaarea/,Contact opportunity: Flyer/poster contact,Not indicated,Not indicated,Contact opportunity: Front-desk referral contact,Listed route: Existing directory profile,Not indicated,Not indicated,Not indicated,Not indicated,Not indicated,Not indicated,Not indicated
local_listing,whispering-oaks-huerfano-lodging-hospitality,Whispering Oaks,La Veta,Huerfano,CO,Lodging & stays,True,Contact only,,,Contact opportunity: Flyer/poster contact,Contact opportunity: Brochure/rack-card contact,Not indicated,Contact opportunity: Front-desk referral contact,Not indicated,Not indicated,Not indicated,Not indicated,Not indicated,Not indicated,Not indicated,Not indicated
local_listing,spanish-peaks-country-galleries-directory-la-veta-walsenburg-huerfano-visitor-facing-g,Spanish Peaks Country Galleries Directory,La Veta / Walsenburg,Huerfano,CO,Arts & culture,False,Direct website,https://spanishpeakscountry.com/business-directory/categories/galleries,https://spanishpeakscountry.com/business-directory/categories/galleries,Not indicated,Not indicated,Not indicated,Not indicated,Listed route: Existing directory profile,Not indicated,Not indicated,Not indicated,Not indicated,Not indicated,Not indicated,Contact opportunity: Cross-promotion contact
local_listing,2k-design-huerfano-design-maker-vendor,2K Design,Walsenburg,Huerfano,CO,Arts & culture,True,Hosted profile,,https://www.walsenburgmercantile.com/meet-our-vendors,Not indicated,Not indicated,Not indicated,Not indicated,Not indicated,Not indicated,Not indicated,Not indicated,Not indicated,Not indicated,Not indicated,Not indicated
local_listing,yellowpages-lead-38-special-walsenburg-huerfano,38 Special,Walsenburg,Huerfano,CO,Local business or service,False,Hosted profile,,https://www.yellowpages.com/walsenburg-co/business-listings/1,Not indicated,Not indicated,Not indicated,Not indicated,Not indicated,Not indicated,Not indicated,Not indicated,Not indicated,Not indicated,Not indicated,Not indicated
local_listing,3rd-times-a-charm-huerfano-maker-vendor,3rd Times A Charm,Walsenburg,Huerfano,CO,Arts & culture,True,Hosted profile,,https://www.walsenburgmercantile.com/meet-our-vendors,Not indicated,Not indicated,Not indicated,Not indicated,Not indicated,Not indicated,Not indicated,Not indicated,Not indicated,Not indicated,Not indicated,Not indicated
local_listing,yellowpages-lead-7-eleven-walsenburg-huerfano,7-Eleven,Walsenburg,Huerfano,CO,Local business or service,False,Hosted profile,,https://www.yellowpages.com/walsenburg-co/business-listings/1,Not indicated,Not indicated,Not indicated,Not indicated,Not indicated,Not indicated,Not indicated,Not indicated,Not indicated,Not indicated,Not indicated,Not indicated
local_listing,719-tines-huerfano-local-maker-vendor,719 Tines,Walsenburg,Huerfano,CO,Arts & culture,True,Hosted profile,,https://www.walsenburgmercantile.com/meet-our-vendors,Not indicated,Not indicated,Not indicated,Not indicated,Not indicated,Not indicated,Not indicated,Not indicated,Not indicated,Not indicated,Not indicated,Not indicated
local_listing,travel-guide-a-and-w-walsenburg-huerfano,A&W,Walsenburg,Huerfano,CO,Food & drink,True,Direct website,https://awrestaurants.com/locations/colorado/walsenburg/455-us-highway-85,https://spanishpeakscountry.com/business-directory/categories/dining; https://spanishpeakscountry.com/business-directory/listing/aw,Contact opportunity: Flyer/poster contact,Not indicated,Not indicated,Contact opportunity: Front-desk referral contact,Listed route: Existing directory profile,Not indicated,Not indicated,Not indicated,Not indicated,Not indicated,Not indicated,Not indicated
local_listing,yellowpages-lead-a-w-all-american-food-walsenburg-huerfano,A&W All-American Food,Walsenburg,Huerfano,CO,Food & drink,False,Hosted profile,,https://www.yellowpages.com/walsenburg-co/business-listings/1,Not indicated,Not indicated,Not indicated,Not indicated,Not indicated,Not indicated,Not indicated,Not indicated,Not indicated,Not indicated,Not indicated,Not indicated
local_listing,yellowpages-lead-acorn-petroleum-walsenburg-huerfano,Acorn Petroleum Inc,Walsenburg,Huerfano,CO,Local business or service,False,Hosted profile,,https://www.yellowpages.com/walsenburg-co/business-listings/1,Not indicated,Not indicated,Not indicated,Not indicated,Not indicated,Not indicated,Not indicated,Not indicated,Not indicated,Not indicated,Not indicated,Not indicated
local_listing,yellowpages-lead-adt-security-walsenburg-huerfano,ADT Security,Walsenburg,Huerfano,CO,Local business or service,False,Hosted profile,,https://www.yellowpages.com/walsenburg-co/business-listings/1,Not indicated,Not indicated,Not indicated,Not indicated,Not indicated,Not indicated,Not indicated,Not indicated,Not indicated,Not indicated,Not indicated,Not indicated
local_listing,yellowpages-lead-advance-auto-parts-walsenburg-huerfano,Advance Auto Parts,Walsenburg,Huerfano,CO,Auto & transportation,False,Hosted profile,,https://www.yellowpages.com/walsenburg-co/business-listings/1,Not indicated,Not indicated,Not indicated,Not indicated,Not indicated,Not indicated,Not indicated,Not indicated,Not indicated,Not indicated,Not indicated,Not indicated
local_listing,yellowpages-lead-alta-convenience-store-6117-walsenburg-huerfano,Alta Convenience Store #6117,Walsenburg,Huerfano,CO,Local business or service,False,Hosted profile,,https://www.yellowpages.com/walsenburg-co/business-listings/1,Not indicated,Not indicated,Not indicated,Not indicated,Not indicated,Not indicated,Not indicated,Not indicated,Not indicated,Not indicated,Not indicated,Contact opportunity: Cross-promotion contact
local_listing,amber-schalla-silver-huerfano-silver-jewelry-vendor,Amber Schalla Silver,Walsenburg,Huerfano,CO,Arts & culture,True,Hosted profile,,https://www.walsenburgmercantile.com/meet-our-vendors,Not indicated,Not indicated,Not indicated,Not indicated,Not indicated,Not indicated,Not indicated,Not indicated,Not indicated,Not indicated,Not indicated,Not indicated
local_listing,yellowpages-lead-american-family-insurance-john-zanotelli-walsenburg-huerfano,American Family Insurance - John Zanotelli,Walsenburg,Huerfano,CO,Professional services,False,Hosted profile,,https://www.yellowpages.com/walsenburg-co/business-listings/1,Not indicated,Not indicated,Not indicated,Not indicated,Not indicated,Not indicated,Not indicated,Not indicated,Not indicated,Not indicated,Contact opportunity: Sponsorship contact,Contact opportunity: Cross-promotion contact
local_listing,yellowpages-lead-american-family-insurance-ryan-k-balfour-walsenburg-huerfano,AMERICAN FAMILY INSURANCE - Ryan K Balfour,Walsenburg,Huerfano,CO,Professional services,False,Hosted profile,,https://www.yellowpages.com/walsenburg-co/business-listings/1,Not indicated,Not indicated,Not indicated,Not indicated,Not indicated,Not indicated,Not indicated,Not indicated,Not indicated,Not indicated,Contact opportunity: Sponsorship contact,Contact opportunity: Cross-promotion contact
local_listing,travel-guide-anchor-motel-walsenburg-huerfano,Anchor Motel,Walsenburg,Huerfano,CO,Lodging & stays,True,Direct website,https://anchormotelandcottages.com/,https://spanishpeakscountry.com/business-directory/categories/lodging; https://spanishpeakscountry.com/business-directory/listing/anchor-motel; https://www.yellowpages.com/walsenburg-co/business-listings/1,Contact opportunity: Flyer/poster contact,Contact opportunity: Brochure/rack-card contact,Not indicated,Contact opportunity: Front-desk referral contact,Listed route: Existing directory profile,Not indicated,Not indicated,Not indicated,Not indicated,Not indicated,Not indicated,Not indicated
local_listing,andreatta-beef-huerfano-local-food-producer-vendor,Andreatta Beef,Walsenburg,Huerfano,CO,Food & drink,True,Hosted profile,,https://www.walsenburgmercantile.com/meet-our-vendors,Contact opportunity: Flyer/poster contact,Not indicated,Not indicated,Contact opportunity: Front-desk referral contact,Not indicated,Not indicated,Not indicated,Not indicated,Not indicated,Not indicated,Not indicated,Not indicated
local_listing,travel-guide-antique-avenue-walsenburg-huerfano,Antique Avenue,Walsenburg,Huerfano,CO,Retail & local goods,True,Hosted profile,https://www.spanishpeakscountry.com/,https://spanishpeakscountry.com/business-directory/categories/shopping; https://spanishpeakscountry.com/business-directory/listing/antique-avenue; https://www.yellowpages.com/walsenburg-co/business-listings/1,Contact opportunity: Flyer/poster contact,Not indicated,Not indicated,Contact opportunity: Front-desk referral contact,Listed route: Existing directory profile,Contact opportunity: Event calendar contact,Not indicated,Not indicated,Not indicated,Not indicated,Contact opportunity: Sponsorship contact,Contact opportunity: Cross-promotion contact
local_listing,yellowpages-lead-antiques-so-much-more-deja-vu-walsenburg-huerfano,Antiques and so much more......deja vu ltd,Walsenburg,Huerfano,CO,Local business or service,False,Hosted profile,,https://www.yellowpages.com/walsenburg-co/business-listings/1,Not indicated,Not indicated,Not indicated,Not indicated,Not indicated,Not indicated,Not indicated,Not indicated,Not indicated,Not indicated,Not indicated,Not indicated
local_listing,travel-guide-armidas-walsenburg-huerfano,Armidas,Walsenburg,Huerfano,CO,Retail & local goods,True,Hosted profile,https://www.spanishpeakscountry.com/,https://spanishpeakscountry.com/business-directory/categories/shopping; https://spanishpeakscountry.com/business-directory/listing/armidas,Contact opportunity: Flyer/poster contact,Not indicated,Not indicated,Contact opportunity: Front-desk referral contact,Listed route: Existing directory profile,Not indicated,Not indicated,Not indicated,Not indicated,Not indicated,Not indicated,Not indicated
local_listing,artist-vicky-de-taos-huerfano-artist-vendor,Artist Vicky De Taos,Walsenburg,Huerfano,CO,Arts & culture,True,Hosted profile,,https://www.walsenburgmercantile.com/meet-our-vendors,Not indicated,Not indicated,Not indicated,Not indicated,Not indicated,Not indicated,Not indicated,Not indicated,Not indicated,Not indicated,Not indicated,Not indicated
local_listing,travel-guide-arts-and-antiques-walsenburg-huerfano,Arts & Antiques,Walsenburg,Huerfano,CO,Retail & local goods,True,Hosted profile,https://www.spanishpeakscountry.com/,https://spanishpeakscountry.com/business-directory/categories/shopping; https://spanishpeakscountry.com/business-directory/listing/arts-antiques,Contact opportunity: Flyer/poster contact,Not indicated,Not indicated,Contact opportunity: Front-desk referral contact,Listed route: Existing directory profile,Not indicated,Not indicated,Not indicated,Not indicated,Not indicated,Not indicated,Not indicated
local_listing,yellowpages-lead-ashcatek-walsenburg-huerfano,Ashcatek,Walsenburg,Huerfano,CO,Local business or service,False,Hosted profile,,https://www.yellowpages.com/walsenburg-co/business-listings/1,Not indicated,Not indicated,Not indicated,Not indicated,Not indicated,Not indicated,Not indicated,Not indicated,Not indicated,Not indicated,Not indicated,Not indicated
local_listing,yellowpages-lead-baudino-s-market-walsenburg-huerfano,Baudino's Market,Walsenburg,Huerfano,CO,Retail & local goods,False,Hosted profile,,https://www.yellowpages.com/walsenburg-co/business-listings/1,Not indicated,Not indicated,Not indicated,Not indicated,Not indicated,Not indicated,Not indicated,Not indicated,Not indicated,Not indicated,Not indicated,Not indicated
local_listing,travel-guide-bear-spot-walsenburg-huerfano,The Bear Spot,Walsenburg,Huerfano,CO,Retail & local goods,True,Direct website,https://thebearspot.com/,https://spanishpeakscountry.com/business-directory/categories/shopping; https://spanishpeakscountry.com/business-directory/listing/the-bear-spot,Contact opportunity: Flyer/poster contact,Not indicated,Not indicated,Contact opportunity: Front-desk referral contact,Listed route: Existing directory profile,Not indicated,Not indicated,Not indicated,Not indicated,Not indicated,Not indicated,Not indicated
local_listing,yellowpages-lead-best-friends-grooming-shop-walsenburg-huerfano,Best Friends Grooming Shop,Walsenburg,Huerfano,CO,Retail & local goods,False,Hosted profile,,https://www.yellowpages.com/walsenburg-co/business-listings/1,Not indicated,Not indicated,Not indicated,Not indicated,Not indicated,Not indicated,Not indicated,Not indicated,Not indicated,Not indicated,Not indicated,Not indicated
local_listing,travel-guide-best-western-rambler-walsenburg-huerfano,Best Western Rambler,Walsenburg,Huerfano,CO,Lodging & stays,True,Direct website,https://www.bestwestern.com/en_US/book/hotels-in-walsenburg/best-western-rambler/propertyCode.06038.html,https://spanishpeakscountry.com/business-directory/categories/lodging; https://spanishpeakscountry.com/business-directory/listing/best-western-rambler,Contact opportunity: Flyer/poster contact,Contact opportunity: Brochure/rack-card contact,Not indicated,Contact opportunity: Front-desk referral contact,Listed route: Existing directory profile,Not indicated,Not indicated,Not indicated,Not indicated,Not indicated,Not indicated,Not indicated
local_listing,yellowpages-lead-best-western-rambler-motel-walsenburg-huerfano,Best Western Rambler Motel,Walsenburg,Huerfano,CO,Lodging & stays,False,Hosted profile,,https://www.yellowpages.com/walsenburg-co/business-listings/1,Not indicated,Not indicated,Not indicated,Not indicated,Not indicated,Not indicated,Not indicated,Not indicated,Not indicated,Not indicated,Contact opportunity: Sponsorship contact,Not indicated
local_listing,between-the-knotted-lines-huerfano-fiber-textile-vendor,Between the Knotted Lines,Walsenburg,Huerfano,CO,Arts & culture,True,Hosted profile,,https://www.walsenburgmercantile.com/meet-our-vendors,Not indicated,Not indicated,Not indicated,Not indicated,Not indicated,Not indicated,Not indicated,Not indicated,Not indicated,Not indicated,Not indicated,Not indicated
local_listing,travel-guide-birco-rv-parts-and-services-at-dakota-campground-walsenburg-huerfano,BIRCO RV Parts and Services at Dakota Campground,Walsenburg,Huerfano,CO,Lodging & stays,False,Hosted profile,https://www.coloradodirectory.com/dakotacamp,https://www.coloradodirectory.com/dakotacamp; https://www.coloradodirectory.com/walsenburg/,Not indicated,Not indicated,Not indicated,Not indicated,Listed route: Existing directory profile,Not indicated,Not indicated,Not indicated,Not indicated,Not indicated,Not indicated,Not indicated
local_listing,yellowpages-lead-black-hills-corporation-walsenburg-huerfano,Black Hills Corporation,Walsenburg,Huerfano,CO,Local business or service,False,Hosted profile,,https://www.yellowpages.com/walsenburg-co/business-listings/1,Not indicated,Not indicated,Not indicated,Not indicated,Not indicated,Not indicated,Not indicated,Not indicated,Not indicated,Not indicated,Not indicated,Not indicated
local_listing,blue-hemp-honey-huerfano-local-food-product-maker-vendor,Blue Hemp Honey,Walsenburg,Huerfano,CO,Arts & culture,True,Hosted profile,,https://www.walsenburgmercantile.com/meet-our-vendors,Not indicated,Not indicated,Not indicated,Not indicated,Not indicated,Not indicated,Not indicated,Not indicated,Not indicated,Not indicated,Not indicated,Not indicated
local_listing,bob-bader-custom-wood-products-huerfano-woodworking-maker-vendor,Bob Bader Custom Wood Products,Walsenburg,Huerfano,CO,Arts & culture,True,Hosted profile,,https://www.walsenburgmercantile.com/meet-our-vendors,Not indicated,Not indicated,Not indicated,Not indicated,Not indicated,Not indicated,Not indicated,Not indicated,Not indicated,Not indicated,Not indicated,Not indicated
local_listing,boonelicious-llc-huerfano-food-local-treat-vendor,Boonelicious LLC,Walsenburg,Huerfano,CO,Food & drink,True,Hosted profile,,https://www.walsenburgmercantile.com/meet-our-vendors,Contact opportunity: Flyer/poster contact,Not indicated,Not indicated,Contact opportunity: Front-desk referral contact,Not indicated,Not indicated,Not indicated,Not indicated,Not indicated,Not indicated,Not indicated,Not indicated
local_listing,borrowed-blooms-huerfano-floral-local-goods-vendor,Borrowed Blooms,Walsenburg,Huerfano,CO,Arts & culture,True,Hosted profile,,https://www.walsenburgmercantile.com/meet-our-vendors,Not indicated,Not indicated,Not indicated,Not indicated,Not indicated,Not indicated,Not indicated,Not indicated,Not indicated,Not indicated,Not indicated,Not indicated
local_listing,yellowpages-lead-borrowed-blooms-floral-walsenburg-huerfano,Borrowed Blooms Floral,Walsenburg,Huerfano,CO,Local business or service,False,Hosted profile,,https://www.yellowpages.com/walsenburg-co/business-listings/1,Not indicated,Not indicated,Not indicated,Not indicated,Not indicated,Not indicated,Not indicated,Not indicated,Not indicated,Not indicated,Not indicated,Not indicated
local_listing,botanical-creations-huerfano-botanical-goods-maker-vendor,Botanical Creations,Walsenburg,Huerfano,CO,Arts & culture,True,Hosted profile,,https://www.walsenburgmercantile.com/meet-our-vendors,Not indicated,Not indicated,Not indicated,Not indicated,Not indicated,Not indicated,Not indicated,Not indicated,Not indicated,Not indicated,Not indicated,Not indicated
local_listing,travel-guide-branch-cafe-walsenburg-huerfano,The Branch Cafe,Walsenburg,Huerfano,CO,Food & drink,True,Hosted profile,https://www.spanishpeakscountry.com/,https://spanishpeakscountry.com/business-directory/categories/dining; https://spanishpeakscountry.com/business-directory/listing/tinas-family-cafe,Contact opportunity: Flyer/poster contact,Not indicated,Not indicated,Contact opportunity: Front-desk referral contact,Listed route: Existing directory profile,Not indicated,Not indicated,Not indicated,Not indicated,Not indicated,Not indicated,Not indicated
local_listing,travel-guide-bud-hut-walsenburg-huerfano,Bud Hut,Walsenburg,Huerfano,CO,Retail & local goods,True,Direct website,https://www.budhutinc.com/,https://spanishpeakscountry.com/business-directory/categories/shopping; https://spanishpeakscountry.com/business-directory/listing/bud-hut,Contact opportunity: Flyer/poster contact,Not indicated,Not indicated,Contact opportunity: Front-desk referral contact,Listed route: Existing directory profile,Not indicated,Not indicated,Not indicated,Not indicated,Not indicated,Not indicated,Not indicated
local_listing,yellowpages-lead-budget-host-walsenburg-huerfano,Budget Host,Walsenburg,Huerfano,CO,Local business or service,False,Hosted profile,,https://www.yellowpages.com/walsenburg-co/business-listings/1,Not indicated,Not indicated,Not indicated,Not indicated,Not indicated,Not indicated,Not indicated,Not indicated,Not indicated,Not indicated,Not indicated,Not indicated
local_listing,yellowpages-lead-butte-valley-construction-walsenburg-huerfano,Butte Valley Construction,Walsenburg,Huerfano,CO,"Home, land & contracting",False,Hosted profile,,https://www.yellowpages.com/walsenburg-co/business-listings/1,Not indicated,Not indicated,Not indicated,Not indicated,Not indicated,Not indicated,Not indicated,Not indicated,Not indicated,Not indicated,Contact opportunity: Sponsorship contact,Contact opportunity: Cross-promotion contact
local_listing,yellowpages-lead-c-s-garden-supply-walsenburg-huerfano,C S Garden Supply,Walsenburg,Huerfano,CO,"Home, land & contracting",False,Hosted profile,,https://www.yellowpages.com/walsenburg-co/business-listings/1,Not indicated,Not indicated,Not indicated,Not indicated,Not indicated,Not indicated,Not indicated,Not indicated,Not indicated,Not indicated,Not indicated,Not indicated
local_listing,travel-guide-c1b-true-organics-walsenburg-huerfano,C1B True Organics,Walsenburg,Huerfano,CO,Retail & local goods,True,Direct website,https://c1btrueorganics.com/,https://spanishpeakscountry.com/business-directory/categories/shopping; https://spanishpeakscountry.com/business-directory/listing/c1b-true-organics,Contact opportunity: Flyer/poster contact,Not indicated,Not indicated,Contact opportunity: Front-desk referral contact,Listed route: Existing directory profile,Not indicated,Not indicated,Not indicated,Not indicated,Not indicated,Not indicated,Not indicated
local_listing,travel-guide-canna-city-walsenburg-huerfano,Canna City,Walsenburg,Huerfano,CO,Retail & local goods,True,Direct website,https://www.cannacity.us/home,https://spanishpeakscountry.com/business-directory/categories/shopping; https://spanishpeakscountry.com/business-directory/listing/canna-city,Contact opportunity: Flyer/poster contact,Not indicated,Not indicated,Contact opportunity: Front-desk referral contact,Listed route: Existing directory profile,Not indicated,Not indicated,Not indicated,Not indicated,Not indicated,Not indicated,Not indicated
local_listing,travel-guide-cannaco-walsenburg-huerfano,Cannaco,Walsenburg,Huerfano,CO,Retail & local goods,True,Hosted profile,https://spanishpeakscountry.com/business-directory/listing/cannaco,https://spanishpeakscountry.com/business-directory/categories/shopping; https://spanishpeakscountry.com/business-directory/listing/cannaco,Contact opportunity: Flyer/poster contact,Not indicated,Not indicated,Contact opportunity: Front-desk referral contact,Listed route: Existing directory profile,Not indicated,Not indicated,Not indicated,Not indicated,Not indicated,Not indicated,Not indicated
local_listing,yellowpages-lead-career-building-academy-walsenburg-huerfano,Career Building Academy,Walsenburg,Huerfano,CO,Local business or service,False,Hosted profile,,https://www.yellowpages.com/walsenburg-co/business-listings/1,Not indicated,Not indicated,Not indicated,Not indicated,Not indicated,Not indicated,Not indicated,Not indicated,Not indicated,Not indicated,Not indicated,Not indicated
local_listing,yellowpages-lead-careeronestop-walsenburg-huerfano,CareerOneStop,Walsenburg,Huerfano,CO,Local business or service,False,Hosted profile,,https://www.yellowpages.com/walsenburg-co/business-listings/1,Not indicated,Not indicated,Not indicated,Not indicated,Not indicated,Not indicated,Not indicated,Not indicated,Not indicated,Not indicated,Not indicated,Not indicated
local_listing,yellowpages-lead-carl-s-jr-walsenburg-huerfano,Carl's Jr.,Walsenburg,Huerfano,CO,Local business or service,False,Hosted profile,,https://www.yellowpages.com/walsenburg-co/business-listings/1,Not indicated,Not indicated,Not indicated,Not indicated,Not indicated,Not indicated,Not indicated,Not indicated,Not indicated,Not indicated,Not indicated,Not indicated
local_listing,yellowpages-lead-cat-scale-walsenburg-huerfano,CAT Scale,Walsenburg,Huerfano,CO,Local business or service,False,Hosted profile,,https://www.yellowpages.com/walsenburg-co/business-listings/1,Not indicated,Not indicated,Not indicated,Not indicated,Not indicated,Not indicated,Not indicated,Not indicated,Not indicated,Not indicated,Not indicated,Not indicated
local_listing,centennial-cuts-huerfano-local-food-maker-vendor,Centennial Cuts,Walsenburg,Huerfano,CO,Arts & culture,True,Hosted profile,,https://www.walsenburgmercantile.com/meet-our-vendors,Not indicated,Not indicated,Not indicated,Not indicated,Not indicated,Not indicated,Not indicated,Not indicated,Not indicated,Not indicated,Not indicated,Not indicated
local_listing,centennial-jewelry-huerfano-jewelry-vendor,Centennial Jewelry,Walsenburg,Huerfano,CO,Arts & culture,True,Hosted profile,,https://www.walsenburgmercantile.com/meet-our-vendors,Not indicated,Not indicated,Not indicated,Not indicated,Not indicated,Not indicated,Not indicated,Not indicated,Not indicated,Not indicated,Not indicated,Not indicated
local_listing,chae-organics-huerfano-body-care-local-goods-vendor,Chae Organics,Walsenburg,Huerfano,CO,Arts & culture,True,Hosted profile,,https://www.walsenburgmercantile.com/meet-our-vendors; https://www.yellowpages.com/walsenburg-co/business-listings/1,Not indicated,Not indicated,Not indicated,Not indicated,Not indicated,Not indicated,Not indicated,Not indicated,Not indicated,Not indicated,Not indicated,Not indicated
local_listing,yellowpages-lead-chelsie-s-wings-burgers-sprts-walsenburg-huerfano,Chelsie's Wings Burgers-SPRTS,Walsenburg,Huerfano,CO,Local business or service,False,Hosted profile,,https://www.yellowpages.com/walsenburg-co/business-listings/1,Not indicated,Not indicated,Not indicated,Not indicated,Not indicated,Not indicated,Not indicated,Not indicated,Not indicated,Not indicated,Not indicated,Not indicated
local_listing,chollafire-huerfano-local-maker-vendor,Chollafire,Walsenburg,Huerfano,CO,Arts & culture,True,Hosted profile,,https://www.walsenburgmercantile.com/meet-our-vendors,Not indicated,Not indicated,Not indicated,Not indicated,Not indicated,Not indicated,Not indicated,Not indicated,Not indicated,Not indicated,Not indicated,Not indicated
local_listing,city-of-walsenburg-huerfano-government,City of Walsenburg,Walsenburg,Huerfano,CO,Public offices,False,Direct website,https://cityofwalsenburg.colorado.gov,https://cityofwalsenburg.colorado.gov,Not indicated,Not indicated,Not indicated,Not indicated,Not indicated,Not indicated,Not indicated,Not indicated,Not indicated,Not indicated,Not indicated,Not indicated
local_listing,yellowpages-lead-collectors-corner-walsenburg-huerfano,Collectors Corner,Walsenburg,Huerfano,CO,Local business or service,False,Hosted profile,,https://www.yellowpages.com/walsenburg-co/business-listings/1,Not indicated,Not indicated,Not indicated,Not indicated,Not indicated,Not indicated,Not indicated,Not indicated,Not indicated,Not indicated,Not indicated,Not indicated
local_listing,colorado-crunch-huerfano-local-food-product-maker-vendor,Colorado Crunch,Walsenburg,Huerfano,CO,Arts & culture,True,Hosted profile,,https://www.walsenburgmercantile.com/meet-our-vendors,Not indicated,Not indicated,Not indicated,Not indicated,Not indicated,Not indicated,Not indicated,Not indicated,Not indicated,Not indicated,Not indicated,Not indicated
local_listing,yellowpages-lead-colorado-farm-bureau-insurance-walsenburg-huerfano,Colorado Farm Bureau Insurance,Walsenburg,Huerfano,CO,Professional services,False,Hosted profile,,https://www.yellowpages.com/walsenburg-co/business-listings/1,Not indicated,Not indicated,Not indicated,Not indicated,Not indicated,Not indicated,Not indicated,Not indicated,Not indicated,Not indicated,Contact opportunity: Sponsorship contact,Not indicated
local_listing,yellowpages-lead-colorado-state-government-walsenburg-huerfano,Colorado State Government,Walsenburg,Huerfano,CO,Public offices,False,Hosted profile,,https://www.yellowpages.com/walsenburg-co/business-listings/1,Not indicated,Not indicated,Not indicated,Not indicated,Not indicated,Not indicated,Not indicated,Not indicated,Not indicated,Not indicated,Not indicated,Not indicated
local_listing,yellowpages-lead-community-banks-of-colorado-walsenburg-huerfano,Community Banks of Colorado,Walsenburg,Huerfano,CO,Nonprofit & community,False,Hosted profile,,https://www.yellowpages.com/walsenburg-co/business-listings/1,Not indicated,Not indicated,Not indicated,Not indicated,Not indicated,Not indicated,Not indicated,Not indicated,Not indicated,Not indicated,Contact opportunity: Sponsorship contact,Contact opportunity: Cross-promotion contact
local_listing,yellowpages-lead-conoco-walsenburg-huerfano,Conoco,Walsenburg,Huerfano,CO,Local business or service,False,Hosted profile,,https://www.yellowpages.com/walsenburg-co/business-listings/1,Not indicated,Not indicated,Not indicated,Not indicated,Not indicated,Not indicated,Not indicated,Not indicated,Not indicated,Not indicated,Contact opportunity: Sponsorship contact,Not indicated
local_listing,yellowpages-lead-corine-s-mexican-food-restaurant-walsenburg-huerfano,Corine's Mexican Food & Restaurant,Walsenburg,Huerfano,CO,Food & drink,False,Hosted profile,,https://www.yellowpages.com/walsenburg-co/business-listings/1,Not indicated,Not indicated,Not indicated,Not indicated,Not indicated,Not indicated,Not indicated,Not indicated,Not indicated,Not indicated,Not indicated,Not indicated
local_listing,travel-guide-corine-s-mexican-restaurant-walsenburg-huerfano,Corine's Mexican Restaurant,Walsenburg,Huerfano,CO,Food & drink,True,Direct website,https://www.corinesrestaurant.com/,https://spanishpeakscountry.com/business-directory/categories/dining; https://spanishpeakscountry.com/business-directory/listing/corines-mexican-restaurant,Contact opportunity: Flyer/poster contact,Not indicated,Not indicated,Contact opportunity: Front-desk referral contact,Listed route: Existing directory profile,Not indicated,Not indicated,Not indicated,Not indicated,Not indicated,Not indicated,Not indicated
local_listing,costacustoms-huerfano-custom-goods-maker-vendor,CostaCustoms,Walsenburg,Huerfano,CO,Arts & culture,True,Hosted profile,,https://www.walsenburgmercantile.com/meet-our-vendors,Not indicated,Not indicated,Not indicated,Not indicated,Not indicated,Not indicated,Not indicated,Not indicated,Not indicated,Not indicated,Not indicated,Not indicated
local_listing,cowgirl-style-huerfano-local-goods-maker-vendor,Cowgirl Style,Walsenburg,Huerfano,CO,Arts & culture,True,Hosted profile,,https://www.walsenburgmercantile.com/meet-our-vendors,Not indicated,Not indicated,Not indicated,Not indicated,Not indicated,Not indicated,Not indicated,Not indicated,Not indicated,Not indicated,Not indicated,Not indicated
local_listing,yellowpages-lead-coyote-cafe-walsenburg-huerfano,Coyote Cafe,Walsenburg,Huerfano,CO,Food & drink,False,Hosted profile,,https://www.yellowpages.com/walsenburg-co/business-listings/1,Not indicated,Not indicated,Not indicated,Not indicated,Not indicated,Not indicated,Not indicated,Not indicated,Not indicated,Not indicated,Not indicated,Not indicated
local_listing,craftsman-cottage-artisans-huerfano-artisans-maker-vendor,Craftsman Cottage Artisans,Walsenburg,Huerfano,CO,Arts & culture,True,Hosted profile,,https://www.walsenburgmercantile.com/meet-our-vendors,Not indicated,Not indicated,Not indicated,Not indicated,Not indicated,Not indicated,Not indicated,Not indicated,Not indicated,Not indicated,Not indicated,Not indicated
local_listing,travel-guide-crafty-canary-brewery-walsenburg-huerfano,Crafty Canary Brewery,Walsenburg,Huerfano,CO,Food & drink,True,Direct website,https://craftycanarybrewery.com/,https://spanishpeakscountry.com/business-directory/categories/dining; https://spanishpeakscountry.com/business-directory/listing/crafty-canary-brewery,Contact opportunity: Flyer/poster contact,Not indicated,Not indicated,Contact opportunity: Front-desk referral contact,Listed route: Existing directory profile,Not indicated,Not indicated,Not indicated,Not indicated,Not indicated,Not indicated,Not indicated
local_listing,travel-guide-crown-lanes-walsenburg-huerfano,Crown Lanes,Walsenburg,Huerfano,CO,Local business or service,True,Direct website,https://walsenburgbowling.com/,https://spanishpeakscountry.com/business-directory/categories/play/; https://spanishpeakscountry.com/business-directory/listing/crow-lanes,Not indicated,Not indicated,Not indicated,Not indicated,Listed route: Existing directory profile,Not indicated,Not indicated,Not indicated,Not indicated,Not indicated,Not indicated,Not indicated
local_listing,yellowpages-lead-cst-walsenburg-huerfano,"CST, LLC",Walsenburg,Huerfano,CO,Local business or service,False,Hosted profile,,https://www.yellowpages.com/walsenburg-co/business-listings/1,Not indicated,Not indicated,Not indicated,Not indicated,Not indicated,Not indicated,Not indicated,Not indicated,Not indicated,Not indicated,Not indicated,Not indicated
local_listing,csu-pueblo-at-spanish-peaks-huerfano-education-workforce,CSU Pueblo at Spanish Peaks,Walsenburg,Huerfano,CO,Business support,False,No online link,,,Not indicated,Not indicated,Not indicated,Not indicated,Not indicated,Not indicated,Not indicated,Not indicated,Not indicated,Not indicated,Not indicated,Not indicated
local_listing,customization-by-elizabeth-huerfano-custom-goods-maker-vendor,Customization By Elizabeth,Walsenburg,Huerfano,CO,Arts & culture,True,Hosted profile,,https://www.walsenburgmercantile.com/meet-our-vendors,Not indicated,Not indicated,Not indicated,Not indicated,Not indicated,Not indicated,Not indicated,Not indicated,Not indicated,Not indicated,Not indicated,Not indicated
local_listing,travel-guide-dakota-campground-walsenburg-huerfano,Dakota Campground,Walsenburg,Huerfano,CO,Lodging & stays,False,Hosted profile,https://www.coloradodirectory.com/dakotacamp,https://www.coloradodirectory.com/dakotacamp; https://www.coloradodirectory.com/walsenburg/,Not indicated,Not indicated,Not indicated,Not indicated,Listed route: Existing directory profile,Not indicated,Not indicated,Not indicated,Not indicated,Not indicated,Not indicated,Not indicated
local_listing,travel-guide-dakota-campground-rv-service-center-walsenburg-huerfano,Dakota Campground RV Service Center,Walsenburg,Huerfano,CO,Lodging & stays,True,Hosted profile,https://www.spanishpeakscountry.com/,https://spanishpeakscountry.com/business-directory/categories/lodging; https://spanishpeakscountry.com/business-directory/listing/dakota-campground-rv-service-center,Contact opportunity: Flyer/poster contact,Contact opportunity: Brochure/rack-card contact,Not indicated,Contact opportunity: Front-desk referral contact,Listed route: Existing directory profile,Not indicated,Not indicated,Not indicated,Not indicated,Not indicated,Not indicated,Not indicated
local_listing,yellowpages-lead-daniel-s-walsenburg-huerfano,Daniel's Inc,Walsenburg,Huerfano,CO,Local business or service,False,Hosted profile,,https://www.yellowpages.com/walsenburg-co/business-listings/1,Not indicated,Not indicated,Not indicated,Not indicated,Not indicated,Not indicated,Not indicated,Not indicated,Not indicated,Not indicated,Not indicated,Not indicated
local_listing,yellowpages-lead-daniels-towing-auto-repair-walsenburg-huerfano,Daniels Towing & Auto Repair,Walsenburg,Huerfano,CO,Auto & transportation,False,Hosted profile,,https://www.yellowpages.com/walsenburg-co/business-listings/1,Not indicated,Not indicated,Not indicated,Not indicated,Not indicated,Not indicated,Not indicated,Not indicated,Not indicated,Not indicated,Not indicated,Contact opportunity: Cross-promotion contact
local_listing,desert-salt-rainbow-woman-huerfano-local-maker-vendor,Desert Salt Rainbow Woman,Walsenburg,Huerfano,CO,Arts & culture,True,Hosted profile,,https://www.walsenburgmercantile.com/meet-our-vendors,Not indicated,Not indicated,Not indicated,Not indicated,Not indicated,Not indicated,Not indicated,Not indicated,Not indicated,Not indicated,Not indicated,Not indicated
local_listing,designs-by-dustbunny-huerfano-design-maker-vendor,Designs By Dustbunny,Walsenburg,Huerfano,CO,Arts & culture,True,Hosted profile,,https://www.walsenburgmercantile.com/meet-our-vendors,Not indicated,Not indicated,Not indicated,Not indicated,Not indicated,Not indicated,Not indicated,Not indicated,Not indicated,Not indicated,Not indicated,Not indicated
local_listing,dewitt-enterprises-huerfano-local-maker-vendor,DeWitt Enterprises,Walsenburg,Huerfano,CO,Retail & local goods,True,Hosted profile,https://www.walsenburgmercantile.com/vendors/dewitt-enterprise,https://www.walsenburgmercantile.com/vendors/dewitt-enterprise,Contact opportunity: Flyer/poster contact,Not indicated,Not indicated,Contact opportunity: Front-desk referral contact,Not indicated,Not indicated,Not indicated,Not indicated,Not indicated,Not indicated,Not indicated,Not indicated
local_listing,yellowpages-lead-diane-m-ernewein-pt-walsenburg-huerfano,"Diane M Ernewein, PT",Walsenburg,Huerfano,CO,Local business or service,False,Hosted profile,,https://www.yellowpages.com/walsenburg-co/business-listings/1,Not indicated,Not indicated,Not indicated,Not indicated,Not indicated,Not indicated,Not indicated,Not indicated,Not indicated,Not indicated,Not indicated,Not indicated
local_listing,yellowpages-lead-dollar-general-walsenburg-huerfano,Dollar General,Walsenburg,Huerfano,CO,Local business or service,False,Hosted profile,,https://www.yellowpages.com/walsenburg-co/business-listings/1,Not indicated,Not indicated,Not indicated,Not indicated,Not indicated,Not indicated,Not indicated,Not indicated,Not indicated,Not indicated,Contact opportunity: Sponsorship contact,Not indicated
local_listing,donovans-creations-huerfano-maker-vendor,Donovans Creations,Walsenburg,Huerfano,CO,Arts & culture,True,Hosted profile,,https://www.walsenburgmercantile.com/meet-our-vendors,Not indicated,Not indicated,Not indicated,Not indicated,Not indicated,Not indicated,Not indicated,Not indicated,Not indicated,Not indicated,Not indicated,Not indicated
local_listing,yellowpages-lead-dorcas-circle-walsenburg-huerfano,Dorcas Circle,Walsenburg,Huerfano,CO,Local business or service,False,Hosted profile,,https://www.yellowpages.com/walsenburg-co/business-listings/1,Not indicated,Not indicated,Not indicated,Not indicated,Not indicated,Not indicated,Not indicated,Not indicated,Not indicated,Not indicated,Not indicated,Not indicated
local_listing,yellowpages-lead-dr-james-theodore-vigil-dc-walsenburg-huerfano,"Dr. James Theodore Vigil, DC",Walsenburg,Huerfano,CO,Local business or service,False,Hosted profile,,https://www.yellowpages.com/walsenburg-co/business-listings/1,Not indicated,Not indicated,Not indicated,Not indicated,Not indicated,Not indicated,Not indicated,Not indicated,Not indicated,Not indicated,Not indicated,Not indicated
local_listing,dreaming-frog-huerfano-maker-vendor,Dreaming Frog,Walsenburg,Huerfano,CO,Arts & culture,True,Hosted profile,,https://www.walsenburgmercantile.com/meet-our-vendors,Not indicated,Not indicated,Not indicated,Not indicated,Not indicated,Not indicated,Not indicated,Not indicated,Not indicated,Not indicated,Not indicated,Not indicated
local_listing,e-z-p-z-woodworking-art-huerfano-woodworking-art-vendor,E-Z P-Z Woodworking Art,Walsenburg,Huerfano,CO,Arts & culture,True,Hosted profile,,https://www.walsenburgmercantile.com/meet-our-vendors,Not indicated,Not indicated,Not indicated,Not indicated,Not indicated,Not indicated,Not indicated,Not indicated,Not indicated,Not indicated,Not indicated,Not indicated
local_listing,ecozoica-apothecary-huerfano-apothecary-local-goods-vendor,Ecozoica Apothecary,Walsenburg,Huerfano,CO,Arts & culture,True,Hosted profile,,https://www.walsenburgmercantile.com/meet-our-vendors,Not indicated,Not indicated,Not indicated,Not indicated,Not indicated,Not indicated,Not indicated,Not indicated,Not indicated,Not indicated,Not indicated,Not indicated
local_listing,yellowpages-lead-ettleman-fred-insurance-agency-walsenburg-huerfano,Ettleman Fred Insurance Agency Inc,Walsenburg,Huerfano,CO,Professional services,False,Hosted profile,,https://www.yellowpages.com/walsenburg-co/business-listings/1,Not indicated,Not indicated,Not indicated,Not indicated,Not indicated,Not indicated,Not indicated,Not indicated,Not indicated,Not indicated,Contact opportunity: Sponsorship contact,Contact opportunity: Cross-promotion contact
local_listing,yellowpages-lead-everything-nice-walsenburg-huerfano,Everything Nice,Walsenburg,Huerfano,CO,Local business or service,False,Hosted profile,,https://www.yellowpages.com/walsenburg-co/business-listings/1,Not indicated,Not indicated,Not indicated,Not indicated,Not indicated,Not indicated,Not indicated,Not indicated,Not indicated,Not indicated,Not indicated,Not indicated
local_listing,eves-crafts-and-creations-huerfano-crafts-maker-vendor,Eves Crafts and Creations,Walsenburg,Huerfano,CO,Arts & culture,True,Hosted profile,,https://www.walsenburgmercantile.com/meet-our-vendors,Not indicated,Not indicated,Not indicated,Not indicated,Not indicated,Not indicated,Not indicated,Not indicated,Not indicated,Not indicated,Not indicated,Not indicated
local_listing,travel-guide-family-dollar-walsenburg-huerfano,Family Dollar,Walsenburg,Huerfano,CO,Retail & local goods,True,Hosted profile,https://spanishpeakscountry.com/business-directory/listing/family-dollar,https://spanishpeakscountry.com/business-directory/categories/shopping; https://spanishpeakscountry.com/business-directory/listing/family-dollar; https://www.yellowpages.com/walsenburg-co/business-listings/1,Contact opportunity: Flyer/poster contact,Not indicated,Not indicated,Contact opportunity: Front-desk referral contact,Listed route: Existing directory profile,Not indicated,Not indicated,Not indicated,Not indicated,Not indicated,Contact opportunity: Sponsorship contact,Not indicated
local_listing,fancy-huerfano-local-maker-vendor,Fancy,Walsenburg,Huerfano,CO,Arts & culture,True,Hosted profile,,https://www.walsenburgmercantile.com/meet-our-vendors,Not indicated,Not indicated,Not indicated,Not indicated,Not indicated,Not indicated,Not indicated,Not indicated,Not indicated,Not indicated,Not indicated,Not indicated
local_listing,yellowpages-lead-farmers-insurance-group-walsenburg-huerfano,Farmers Insurance Group,Walsenburg,Huerfano,CO,Professional services,False,Hosted profile,,https://www.yellowpages.com/walsenburg-co/business-listings/1,Not indicated,Not indicated,Not indicated,Not indicated,Not indicated,Not indicated,Not indicated,Not indicated,Not indicated,Not indicated,Contact opportunity: Sponsorship contact,Not indicated
local_listing,travel-guide-first-choice-market-walsenburg-huerfano,First Choice Market,Walsenburg,Huerfano,CO,Retail & local goods,True,Hosted profile,https://spanishpeakscountry.com/business-directory/listing/first-choice-market,https://spanishpeakscountry.com/business-directory/categories/shopping; https://spanishpeakscountry.com/business-directory/listing/first-choice-market; https://www.yellowpages.com/walsenburg-co/business-listings/1,Contact opportunity: Flyer/poster contact,Not indicated,Not indicated,Contact opportunity: Front-desk referral contact,Listed route: Existing directory profile,Not indicated,Not indicated,Not indicated,Not indicated,Not indicated,Not indicated,Not indicated
local_listing,yellowpages-lead-first-national-bank-in-trinidad-huerfano-county-branch-walsenburg-huerfano,The First National Bank in Trinidad-Huerfano County Branch,Walsenburg,Huerfano,CO,Public offices,False,Hosted profile,,https://www.yellowpages.com/walsenburg-co/business-listings/1,Not indicated,Not indicated,Not indicated,Not indicated,Not indicated,Not indicated,Not indicated,Not indicated,Not indicated,Not indicated,Not indicated,Not indicated
local_listing,flamingo-book-club-huerfano-book-literary-vendor,Flamingo Book Club,Walsenburg,Huerfano,CO,Arts & culture,True,Hosted profile,,https://www.walsenburgmercantile.com/meet-our-vendors,Not indicated,Not indicated,Not indicated,Not indicated,Not indicated,Not indicated,Not indicated,Not indicated,Not indicated,Not indicated,Not indicated,Not indicated
local_listing,flyda-huerfano-local-maker-vendor,Flyda,Walsenburg,Huerfano,CO,Arts & culture,True,Hosted profile,,https://www.walsenburgmercantile.com/meet-our-vendors,Not indicated,Not indicated,Not indicated,Not indicated,Not indicated,Not indicated,Not indicated,Not indicated,Not indicated,Not indicated,Not indicated,Not indicated
local_listing,fox-canyon-knives-huerfano-knives-metal-craft-vendor,Fox Canyon Knives,Walsenburg,Huerfano,CO,Arts & culture,True,Hosted profile,,https://www.walsenburgmercantile.com/meet-our-vendors,Not indicated,Not indicated,Not indicated,Not indicated,Not indicated,Not indicated,Not indicated,Not indicated,Not indicated,Not indicated,Not indicated,Not indicated
local_listing,fox-theatre-walsenburg-huerfano-arts-culture-venue,Fox Theatre Walsenburg,Walsenburg,Huerfano,CO,Arts & culture,True,Direct website,https://foxtheatrewalsenburg.org,https://foxtheatrewalsenburg.org; https://spanishpeakscountry.com/business-directory/categories/venues/; https://spanishpeakscountry.com/business-directory/listing/fox-theatre-walsenburg,Contact opportunity: Flyer/poster contact,Not indicated,Not indicated,Contact opportunity: Front-desk referral contact,Listed route: Existing directory profile,Contact opportunity: Event calendar contact,Not indicated,Not indicated,Not indicated,Not indicated,Contact opportunity: Sponsorship contact,Contact opportunity: Cross-promotion contact
local_listing,travel-guide-george-s-drive-inn-walsenburg-huerfano,George's Drive-Inn,Walsenburg,Huerfano,CO,Food & drink,True,Hosted profile,https://www.spanishpeakscountry.com/,https://spanishpeakscountry.com/business-directory/categories/dining; https://spanishpeakscountry.com/business-directory/listing/georges-drive-inn,Contact opportunity: Flyer/poster contact,Not indicated,Not indicated,Contact opportunity: Front-desk referral contact,Listed route: Existing directory profile,Not indicated,Not indicated,Not indicated,Not indicated,Not indicated,Not indicated,Not indicated
local_listing,yellowpages-lead-getz-brenda-s-atty-walsenburg-huerfano,"Getz, Brenda S, ATTY",Walsenburg,Huerfano,CO,Local business or service,False,Hosted profile,,https://www.yellowpages.com/walsenburg-co/business-listings/1,Not indicated,Not indicated,Not indicated,Not indicated,Not indicated,Not indicated,Not indicated,Not indicated,Not indicated,Not indicated,Not indicated,Not indicated
local_listing,travel-guide-green-elephant-walsenburg-huerfano,The Green Elephant,Walsenburg,Huerfano,CO,Retail & local goods,True,Hosted profile,https://www.spanishpeakscountry.com/,https://spanishpeakscountry.com/business-directory/categories/shopping; https://spanishpeakscountry.com/business-directory/listing/the-green-elephant,Contact opportunity: Flyer/poster contact,Not indicated,Not indicated,Contact opportunity: Front-desk referral contact,Listed route: Existing directory profile,Not indicated,Not indicated,Not indicated,Not indicated,Not indicated,Not indicated,Not indicated
local_listing,yellowpages-lead-greyhound-bus-lines-walsenburg-huerfano,Greyhound Bus Lines,Walsenburg,Huerfano,CO,Local business or service,False,Hosted profile,,https://www.yellowpages.com/walsenburg-co/business-listings/1,Not indicated,Not indicated,Not indicated,Not indicated,Not indicated,Not indicated,Not indicated,Not indicated,Not indicated,Not indicated,Not indicated,Not indicated
local_listing,yellowpages-lead-groceries-unlimited-walsenburg-huerfano,Groceries Unlimited,Walsenburg,Huerfano,CO,Retail & local goods,False,Hosted profile,,https://www.yellowpages.com/walsenburg-co/business-listings/1,Not indicated,Not indicated,Not indicated,Not indicated,Not indicated,Not indicated,Not indicated,Not indicated,Not indicated,Not indicated,Not indicated,Not indicated
local_listing,yellowpages-lead-h-r-block-walsenburg-huerfano,H&R Block,Walsenburg,Huerfano,CO,Local business or service,False,Hosted profile,,https://www.yellowpages.com/walsenburg-co/business-listings/1,Not indicated,Not indicated,Not indicated,Not indicated,Not indicated,Not indicated,Not indicated,Not indicated,Not indicated,Not indicated,Contact opportunity: Sponsorship contact,Not indicated
local_listing,yellowpages-lead-hammernik-judith-a-cpa-walsenburg-huerfano,"Hammernik, Judith A, CPA",Walsenburg,Huerfano,CO,Local business or service,False,Hosted profile,,https://www.yellowpages.com/walsenburg-co/business-listings/1,Not indicated,Not indicated,Not indicated,Not indicated,Not indicated,Not indicated,Not indicated,Not indicated,Not indicated,Not indicated,Not indicated,Not indicated
local_listing,yellowpages-lead-harness-wind-sun-walsenburg-huerfano,Harness the Wind & Sun,Walsenburg,Huerfano,CO,Local business or service,False,Hosted profile,,https://www.yellowpages.com/walsenburg-co/business-listings/1,Not indicated,Not indicated,Not indicated,Not indicated,Not indicated,Not indicated,Not indicated,Not indicated,Not indicated,Not indicated,Not indicated,Not indicated
local_listing,yellowpages-lead-harold-andreatta-walsenburg-huerfano,Harold Andreatta,Walsenburg,Huerfano,CO,Local business or service,False,Hosted profile,,https://www.yellowpages.com/walsenburg-co/business-listings/1,Not indicated,Not indicated,Not indicated,Not indicated,Not indicated,Not indicated,Not indicated,Not indicated,Not indicated,Not indicated,Not indicated,Not indicated
local_listing,heart-song-huerfano-local-maker-vendor,Heart Song,Walsenburg,Huerfano,CO,Arts & culture,True,Hosted profile,,https://www.walsenburgmercantile.com/meet-our-vendors,Not indicated,Not indicated,Not indicated,Not indicated,Not indicated,Not indicated,Not indicated,Not indicated,Not indicated,Not indicated,Not indicated,Not indicated
local_listing,hearts-and-crafts-huerfano-crafts-maker-vendor,Hearts & Crafts,Walsenburg,Huerfano,CO,Arts & culture,True,Hosted profile,,https://www.walsenburgmercantile.com/meet-our-vendors,Not indicated,Not indicated,Not indicated,Not indicated,Not indicated,Not indicated,Not indicated,Not indicated,Not indicated,Not indicated,Not indicated,Not indicated
local_listing,yellowpages-lead-hollowpoint-gun-shop-walsenburg-huerfano,Hollowpoint Gun Shop,Walsenburg,Huerfano,CO,Retail & local goods,False,Hosted profile,,https://www.yellowpages.com/walsenburg-co/business-listings/1,Not indicated,Not indicated,Not indicated,Not indicated,Not indicated,Not indicated,Not indicated,Not indicated,Not indicated,Not indicated,Not indicated,Not indicated
local_listing,huerfano-huerfano-leading-local-pages-and-channels-to-watch,Huerfano,Walsenburg,Huerfano,CO,Media & news,False,Hosted profile,https://spanishpeakscountry.com,https://spanishpeakscountry.com,Not indicated,Not indicated,Not indicated,Not indicated,Not indicated,Not indicated,Not indicated,Not indicated,Contact opportunity: Digital advertising contact,Contact opportunity: Pitch a story or announcement,Not indicated,Not indicated
local_listing,yellowpages-lead-huerfano-cafe-walsenburg-huerfano,The Huerfano Cafe,Walsenburg,Huerfano,CO,Food & drink,False,Hosted profile,,https://www.yellowpages.com/walsenburg-co/business-listings/1,Not indicated,Not indicated,Not indicated,Not indicated,Not indicated,Not indicated,Not indicated,Not indicated,Not indicated,Not indicated,Not indicated,Not indicated
local_listing,yellowpages-lead-huerfano-county-concrete-walsenburg-huerfano,Huerfano County Concrete,Walsenburg,Huerfano,CO,Public offices,False,Hosted profile,,https://www.yellowpages.com/walsenburg-co/business-listings/1,Not indicated,Not indicated,Not indicated,Not indicated,Not indicated,Not indicated,Not indicated,Not indicated,Not indicated,Not indicated,Not indicated,Not indicated
local_listing,huerfano-county-courthouse-huerfano-government-landmark,Huerfano County Courthouse,Walsenburg,Huerfano,CO,Public offices,True,Contact only,,,Contact opportunity: Flyer/poster contact,Not indicated,Not indicated,Not indicated,Not indicated,Not indicated,Not indicated,Not indicated,Not indicated,Not indicated,Not indicated,Not indicated
local_listing,huerfano-county-government-huerfano-government,Huerfano County Government,Walsenburg,Huerfano,CO,Public offices,True,Hosted profile,https://www.huerfano.us/,https://www.huerfano.us/,Contact opportunity: Flyer/poster contact,Not indicated,Contact opportunity: Bulletin-board contact,Not indicated,Not indicated,Not indicated,Not indicated,Not indicated,Not indicated,Not indicated,Not indicated,Not indicated
local_listing,huerfano-county-government-building-huerfano-bulletin-public-building,Huerfano County Government building,Walsenburg,Huerfano,CO,Public offices,True,Contact only,,,Contact opportunity: Flyer/poster contact,Not indicated,Contact opportunity: Bulletin-board contact,Not indicated,Not indicated,Not indicated,Not indicated,Not indicated,Contact opportunity: Digital advertising contact,Contact opportunity: Pitch a story or announcement,Not indicated,Contact opportunity: Cross-promotion contact
local_listing,yellowpages-lead-huerfano-county-health-department-walsenburg-huerfano,Huerfano County Health Department,Walsenburg,Huerfano,CO,Health & wellness,False,Hosted profile,,https://www.yellowpages.com/walsenburg-co/business-listings/1,Not indicated,Not indicated,Not indicated,Not indicated,Not indicated,Not indicated,Not indicated,Not indicated,Not indicated,Not indicated,Not indicated,Not indicated
local_listing,walsenburg-mining-museum-huerfano-county-historical-society-huerfano-art,Walsenburg Mining Museum / Huerfano County Historical Society,Walsenburg,Huerfano,CO,Arts & culture,True,Direct website,https://www.huerfanohistory.org/mining-museum,https://spanishpeakscountry.com/business-directory/listing/walsenburg-mining-museum; https://www.walsenburgmercantile.com/meet-our-vendors,Contact opportunity: Flyer/poster contact,Contact opportunity: Brochure/rack-card contact,Contact opportunity: Bulletin-board contact,Contact opportunity: Front-desk referral contact,Listed route: Existing directory profile,Not indicated,Not indicated,Contact opportunity: Newsletter contact,Not indicated,Not indicated,Not indicated,Contact opportunity: Cross-promotion contact
local_listing,huerfano-county-walsenburg-la-veta-cuchara-huerfano-social-media-digital,"Huerfano County / Walsenburg, La Veta & Cuchara",Walsenburg,Huerfano,CO,Media & news,False,Hosted profile,https://huerfano.us,https://huerfano.us,Not indicated,Not indicated,Not indicated,Not indicated,Not indicated,Not indicated,Not indicated,Not indicated,Contact opportunity: Digital advertising contact,Contact opportunity: Pitch a story or announcement,Not indicated,Contact opportunity: Cross-promotion contact
local_listing,huerfano-county-co-walsenburg-la-veta-gardner-unincorporated-communities,"Huerfano County, CO Walsenburg, La Veta, Gardner & unincorporated communities",Walsenburg,Huerfano,CO,Public offices,False,Hosted profile,https://huerfano.us,https://huerfano.us,Not indicated,Not indicated,Not indicated,Not indicated,Not indicated,Not indicated,Not indicated,Not indicated,Not indicated,Not indicated,Not indicated,Not indicated
local_listing,yellowpages-lead-huerfano-emergency-dispatch-walsenburg-huerfano,Huerfano Emergency Dispatch,Walsenburg,Huerfano,CO,Local business or service,False,Hosted profile,,https://www.yellowpages.com/walsenburg-co/business-listings/1,Not indicated,Not indicated,Not indicated,Not indicated,Not indicated,Not indicated,Not indicated,Not indicated,Not indicated,Not indicated,Not indicated,Contact opportunity: Cross-promotion contact
local_listing,huerfano-heritage-center-huerfano-arts-culture,Huerfano County Heritage Center,Walsenburg,Huerfano,CO,Arts & culture,True,No online link,https://www.huerfanohistory.org/visit-us,https://spanishpeakscountry.com/business-directory/listing/hurfano-county-heritage-center; https://www.huerfanohistory.org/,Contact opportunity: Flyer/poster contact,Contact opportunity: Brochure/rack-card contact,Contact opportunity: Bulletin-board contact,Contact opportunity: Front-desk referral contact,Listed route: Existing directory profile,Not indicated,Not indicated,Contact opportunity: Newsletter contact,Not indicated,Not indicated,Not indicated,Contact opportunity: Cross-promotion contact
local_listing,travel-guide-huerfano-nursery-and-garden-walsenburg-huerfano,Huerfano Nursery and Garden,Walsenburg,Huerfano,CO,Retail & local goods,True,Direct website,https://walsenburgnursery.com/,https://spanishpeakscountry.com/business-directory/categories/shopping; https://spanishpeakscountry.com/business-directory/listing/huerfano-nursery-and-garden,Contact opportunity: Flyer/poster contact,Not indicated,Not indicated,Contact opportunity: Front-desk referral contact,Listed route: Existing directory profile,Not indicated,Not indicated,Not indicated,Not indicated,Not indicated,Not indicated,Not indicated
local_listing,yellowpages-lead-huerfano-school-district-transportation-department-walsenburg-huerfano,Huerfano School District Transportation Department,Walsenburg,Huerfano,CO,Education & learning,False,Hosted profile,,https://www.yellowpages.com/walsenburg-co/business-listings/1,Not indicated,Not indicated,Not indicated,Not indicated,Not indicated,Not indicated,Not indicated,Contact opportunity: Newsletter contact,Not indicated,Not indicated,Not indicated,Contact opportunity: Cross-promotion contact
local_listing,travel-guide-ideal-gardens-walsenburg-huerfano,Ideal Gardens,Walsenburg,Huerfano,CO,Retail & local goods,True,Hosted profile,https://www.spanishpeakscountry.com/,https://spanishpeakscountry.com/business-directory/categories/shopping; https://spanishpeakscountry.com/business-directory/listing/ideal-gardens,Contact opportunity: Flyer/poster contact,Not indicated,Not indicated,Contact opportunity: Front-desk referral contact,Listed route: Existing directory profile,Not indicated,Not indicated,Not indicated,Not indicated,Not indicated,Not indicated,Not indicated
local_listing,ink-by-bink-huerfano-visual-art-design-vendor,Ink By Bink,Walsenburg,Huerfano,CO,Arts & culture,True,Hosted profile,,https://www.walsenburgmercantile.com/meet-our-vendors,Not indicated,Not indicated,Not indicated,Not indicated,Not indicated,Not indicated,Not indicated,Not indicated,Not indicated,Not indicated,Not indicated,Not indicated
local_listing,travel-guide-inn-at-pennington-place-walsenburg-huerfano,The Inn at Pennington Place,Walsenburg,Huerfano,CO,Lodging & stays,True,Direct website,https://penningtonplaceinn.com/,https://spanishpeakscountry.com/business-directory/categories/lodging; https://spanishpeakscountry.com/business-directory/listing/the-inn-at-pennington-place,Contact opportunity: Flyer/poster contact,Contact opportunity: Brochure/rack-card contact,Not indicated,Contact opportunity: Front-desk referral contact,Listed route: Existing directory profile,Not indicated,Not indicated,Not indicated,Not indicated,Not indicated,Not indicated,Not indicated
local_listing,yellowpages-lead-j-m-tire-walsenburg-huerfano,"J. M. Tire, Inc.",Walsenburg,Huerfano,CO,Auto & transportation,False,Hosted profile,,https://www.yellowpages.com/walsenburg-co/business-listings/1,Not indicated,Not indicated,Not indicated,Not indicated,Not indicated,Not indicated,Not indicated,Not indicated,Not indicated,Not indicated,Not indicated,Contact opportunity: Cross-promotion contact
local_listing,jc-creations-huerfano-creative-goods-vendor,JC CREATIONS,Walsenburg,Huerfano,CO,Arts & culture,True,Hosted profile,,https://www.walsenburgmercantile.com/meet-our-vendors,Not indicated,Not indicated,Not indicated,Not indicated,Not indicated,Not indicated,Not indicated,Not indicated,Not indicated,Not indicated,Not indicated,Not indicated
local_listing,yellowpages-lead-job-service-center-walsenburg-huerfano,Job Service Center,Walsenburg,Huerfano,CO,Local business or service,False,Hosted profile,,https://www.yellowpages.com/walsenburg-co/business-listings/1,Not indicated,Not indicated,Not indicated,Not indicated,Not indicated,Not indicated,Not indicated,Not indicated,Not indicated,Not indicated,Not indicated,Contact opportunity: Cross-promotion contact
local_listing,yellowpages-lead-john-mall-auto-shop-walsenburg-huerfano,John Mall Auto Shop,Walsenburg,Huerfano,CO,Retail & local goods,False,Hosted profile,,https://www.yellowpages.com/walsenburg-co/business-listings/1,Not indicated,Not indicated,Not indicated,Not indicated,Not indicated,Not indicated,Not indicated,Not indicated,Not indicated,Not indicated,Not indicated,Not indicated
local_listing,yellowpages-lead-john-mall-high-school-walsenburg-huerfano,John Mall High School,Walsenburg,Huerfano,CO,Education & learning,False,Hosted profile,,https://www.yellowpages.com/walsenburg-co/business-listings/1,Not indicated,Not indicated,Not indicated,Not indicated,Not indicated,Not indicated,Not indicated,Not indicated,Not indicated,Not indicated,Not indicated,Not indicated
local_listing,jv-jungle-cuts-huerfano-local-maker-vendor,JV Jungle Cuts,Walsenburg,Huerfano,CO,Arts & culture,True,Hosted profile,,https://www.walsenburgmercantile.com/meet-our-vendors,Not indicated,Not indicated,Not indicated,Not indicated,Not indicated,Not indicated,Not indicated,Not indicated,Not indicated,Not indicated,Not indicated,Not indicated
local_listing,yellowpages-lead-kays-liquor-walsenburg-huerfano,Kays Liquor,Walsenburg,Huerfano,CO,Local business or service,False,Hosted profile,,https://www.yellowpages.com/walsenburg-co/business-listings/1,Not indicated,Not indicated,Not indicated,Not indicated,Not indicated,Not indicated,Not indicated,Not indicated,Not indicated,Not indicated,Not indicated,Contact opportunity: Cross-promotion contact
local_listing,yellowpages-lead-kennels-at-rio-cucharas-veterinary-clinic-walsenburg-huerfano,Kennels At Rio Cucharas Veterinary Clinic,Walsenburg,Huerfano,CO,Health & wellness,False,Hosted profile,,https://www.yellowpages.com/walsenburg-co/business-listings/1,Not indicated,Not indicated,Not indicated,Not indicated,Not indicated,Not indicated,Not indicated,Not indicated,Not indicated,Not indicated,Not indicated,Not indicated
local_listing,yellowpages-lead-kfc-walsenburg-huerfano,Kfc,Walsenburg,Huerfano,CO,Local business or service,False,Hosted profile,,https://www.yellowpages.com/walsenburg-co/business-listings/1,Not indicated,Not indicated,Not indicated,Not indicated,Not indicated,Not indicated,Not indicated,Not indicated,Not indicated,Not indicated,Contact opportunity: Sponsorship contact,Not indicated
local_listing,travel-guide-kfc-and-taco-bell-walsenburg-huerfano,KFC and Taco Bell,Walsenburg,Huerfano,CO,Food & drink,True,Hosted profile,https://www.spanishpeakscountry.com/,https://spanishpeakscountry.com/business-directory/categories/dining; https://spanishpeakscountry.com/business-directory/listing/kfc-and-taco-bell,Contact opportunity: Flyer/poster contact,Not indicated,Not indicated,Contact opportunity: Front-desk referral contact,Listed route: Existing directory profile,Not indicated,Not indicated,Not indicated,Not indicated,Not indicated,Not indicated,Not indicated
local_listing,kfez-101-3-gnarly-101-3-huerfano-media-radio,KFEZ 101.3 / Gnarly 101.3,Walsenburg,Huerfano,CO,Media & news,False,No online link,,,Not indicated,Not indicated,Not indicated,Not indicated,Not indicated,Not indicated,Not indicated,Not indicated,Not indicated,Not indicated,Not indicated,Not indicated
local_listing,kissed-by-katie-huerfano-local-maker-vendor,Kissed By Katie,Walsenburg,Huerfano,CO,Arts & culture,True,Hosted profile,,https://www.walsenburgmercantile.com/meet-our-vendors,Not indicated,Not indicated,Not indicated,Not indicated,Not indicated,Not indicated,Not indicated,Not indicated,Not indicated,Not indicated,Not indicated,Not indicated
local_listing,yellowpages-lead-knights-inn-walsenburg-huerfano,Knights Inn,Walsenburg,Huerfano,CO,Lodging & stays,False,Hosted profile,,https://www.yellowpages.com/walsenburg-co/business-listings/1,Not indicated,Not indicated,Not indicated,Not indicated,Not indicated,Not indicated,Not indicated,Not indicated,Not indicated,Not indicated,Not indicated,Not indicated
local_listing,kspk-fm-102-3-huerfano-media-radio,KSPK-FM 102.3,Walsenburg,Huerfano,CO,Media & news,False,Direct website,https://kspk.com,https://kspk.com,Not indicated,Not indicated,Not indicated,Not indicated,Not indicated,Contact opportunity: Event calendar contact,Not indicated,Contact opportunity: Newsletter contact,Contact opportunity: Digital advertising contact,Contact opportunity: Pitch a story or announcement,Contact opportunity: Sponsorship contact,Contact opportunity: Cross-promotion contact
local_listing,yellowpages-lead-la-veta-cemetery-dist-walsenburg-huerfano,La Veta Cemetery Dist,Walsenburg,Huerfano,CO,Local business or service,False,Hosted profile,,https://www.yellowpages.com/walsenburg-co/business-listings/1,Not indicated,Not indicated,Not indicated,Not indicated,Not indicated,Not indicated,Not indicated,Not indicated,Not indicated,Not indicated,Not indicated,Contact opportunity: Cross-promotion contact
local_listing,las-animas-huerfano-counties-district-health-department-huerfano-governm,Las Animas-Huerfano Counties District Health Department,Walsenburg,Huerfano,CO,Public offices,False,Direct website,https://la-h-health.colorado.gov,https://la-h-health.colorado.gov,Not indicated,Not indicated,Not indicated,Not indicated,Not indicated,Not indicated,Not indicated,Contact opportunity: Newsletter contact,Not indicated,Not indicated,Not indicated,Contact opportunity: Cross-promotion contact
local_listing,lathrop-state-park-huerfano-tourism-outdoor-recreation,Lathrop State Park,Walsenburg,Huerfano,CO,Tourism & visitor info,False,Hosted profile,https://www.coloradodirectory.com/costateparks/lathrop.html,https://spanishpeakscountry.com/scenic-points/; https://www.coloradodirectory.com/costateparks/lathrop.html; https://www.coloradodirectory.com/walsenburg/,Not indicated,Not indicated,Not indicated,Not indicated,Not indicated,Not indicated,Not indicated,Not indicated,Not indicated,Not indicated,Not indicated,Not indicated
local_listing,travel-guide-lathrop-state-park-campground-walsenburg-huerfano,Lathrop State Park Campground,Walsenburg,Huerfano,CO,Lodging & stays,True,Direct website,https://cpw.state.co.us/placestogo/parks/Lathrop,https://spanishpeakscountry.com/business-directory/categories/lodging; https://spanishpeakscountry.com/business-directory/listing/lathrop-state-park-campground,Contact opportunity: Flyer/poster contact,Contact opportunity: Brochure/rack-card contact,Not indicated,Contact opportunity: Front-desk referral contact,Listed route: Existing directory profile,Not indicated,Not indicated,Not indicated,Not indicated,Not indicated,Not indicated,Not indicated
local_listing,yellowpages-lead-legends-flooring-interior-walsenburg-huerfano,Legends Flooring & Interior,Walsenburg,Huerfano,CO,Local business or service,False,Hosted profile,,https://www.yellowpages.com/walsenburg-co/business-listings/1,Not indicated,Not indicated,Not indicated,Not indicated,Not indicated,Not indicated,Not indicated,Not indicated,Not indicated,Not indicated,Not indicated,Not indicated
local_listing,lighthouse-coffee-and-his-majesty-s-bakery-huerfano-bakery-coffee,Lighthouse Coffee & His Majesty's Bakery,Walsenburg,Huerfano,CO,Food & drink,True,Hosted profile,https://spanishpeakscountry.com/business-directory/listing/lighthouse-coffee-his-majestys-bakery,https://spanishpeakscountry.com/business-directory; https://spanishpeakscountry.com/business-directory/categories/dining; https://spanishpeakscountry.com/business-directory/listing/lighthouse-coffee-his-majestys-bakery,Contact opportunity: Flyer/poster contact,Not indicated,Not indicated,Contact opportunity: Front-desk referral contact,Listed route: Existing directory profile,Not indicated,Not indicated,Not indicated,Not indicated,Not indicated,Not indicated,Not indicated
local_listing,yellowpages-lead-lincare-walsenburg-huerfano,Lincare,Walsenburg,Huerfano,CO,Local business or service,False,Hosted profile,,https://www.yellowpages.com/walsenburg-co/business-listings/1,Not indicated,Not indicated,Not indicated,Not indicated,Not indicated,Not indicated,Not indicated,Not indicated,Not indicated,Not indicated,Not indicated,Not indicated
local_listing,lisa-lynn-wildlife-artist-huerfano-wildlife-artist,Lisa Lynn - Wildlife Artist,Walsenburg,Huerfano,CO,Arts & culture,True,Hosted profile,,https://www.walsenburgmercantile.com/meet-our-vendors,Not indicated,Not indicated,Not indicated,Not indicated,Not indicated,Not indicated,Not indicated,Not indicated,Not indicated,Not indicated,Not indicated,Not indicated
local_listing,travel-guide-loaf-n-jug-walsenburg-huerfano,Loaf N' Jug,Walsenburg,Huerfano,CO,Food & drink,True,Direct website,https://www.loafnjug.com/,https://spanishpeakscountry.com/business-directory/categories/dining; https://spanishpeakscountry.com/business-directory/listing/loaf-n-jug,Contact opportunity: Flyer/poster contact,Not indicated,Not indicated,Contact opportunity: Front-desk referral contact,Listed route: Existing directory profile,Not indicated,Not indicated,Not indicated,Not indicated,Not indicated,Not indicated,Not indicated
local_listing,travel-guide-lofts-downtown-walsenburg-huerfano,The Lofts Downtown,Walsenburg,Huerfano,CO,Lodging & stays,True,Hosted profile,https://spanishpeakscountry.com/business-directory/listing/the-lofts-downtown,https://spanishpeakscountry.com/business-directory/categories/lodging; https://spanishpeakscountry.com/business-directory/listing/the-lofts-downtown,Contact opportunity: Flyer/poster contact,Contact opportunity: Brochure/rack-card contact,Not indicated,Contact opportunity: Front-desk referral contact,Listed route: Existing directory profile,Not indicated,Not indicated,Not indicated,Not indicated,Not indicated,Not indicated,Not indicated
local_listing,yellowpages-lead-love-s-travel-stop-walsenburg-huerfano,Love's Travel Stop,Walsenburg,Huerfano,CO,Local business or service,False,Hosted profile,,https://www.yellowpages.com/walsenburg-co/business-listings/1,Not indicated,Not indicated,Not indicated,Not indicated,Not indicated,Not indicated,Not indicated,Not indicated,Not indicated,Not indicated,Contact opportunity: Sponsorship contact,Not indicated
local_listing,yellowpages-lead-main-event-walsenburg-huerfano,Main Event,Walsenburg,Huerfano,CO,Events & venues,False,Hosted profile,,https://www.yellowpages.com/walsenburg-co/business-listings/1,Not indicated,Not indicated,Not indicated,Not indicated,Not indicated,Contact opportunity: Event calendar contact,Not indicated,Not indicated,Not indicated,Not indicated,Contact opportunity: Sponsorship contact,Contact opportunity: Cross-promotion contact
local_listing,travel-guide-main-street-antiques-walsenburg-huerfano,Main Street Antiques,Walsenburg,Huerfano,CO,Retail & local goods,True,Hosted profile,https://www.spanishpeakscountry.com/,https://spanishpeakscountry.com/business-directory/categories/shopping; https://spanishpeakscountry.com/business-directory/listing/main-street-antiques,Contact opportunity: Flyer/poster contact,Not indicated,Not indicated,Contact opportunity: Front-desk referral contact,Listed route: Existing directory profile,Not indicated,Not indicated,Not indicated,Not indicated,Not indicated,Not indicated,Not indicated
local_listing,mallory-s-treehouse-huerfano-local-maker-vendor,Mallory's Treehouse,Walsenburg,Huerfano,CO,Arts & culture,True,Hosted profile,,https://www.walsenburgmercantile.com/meet-our-vendors,Not indicated,Not indicated,Not indicated,Not indicated,Not indicated,Not indicated,Not indicated,Not indicated,Not indicated,Not indicated,Not indicated,Not indicated
local_listing,mike-snoddy-huerfano-local-maker-vendor,Mike Snoddy,Walsenburg,Huerfano,CO,Arts & culture,True,Hosted profile,,https://www.walsenburgmercantile.com/meet-our-vendors,Not indicated,Not indicated,Not indicated,Not indicated,Not indicated,Not indicated,Not indicated,Not indicated,Not indicated,Not indicated,Not indicated,Not indicated
local_listing,mimi-s-creations-huerfano-creative-goods-vendor,Mimi's Creations,Walsenburg,Huerfano,CO,Arts & culture,True,Hosted profile,,https://www.walsenburgmercantile.com/meet-our-vendors,Not indicated,Not indicated,Not indicated,Not indicated,Not indicated,Not indicated,Not indicated,Not indicated,Not indicated,Not indicated,Not indicated,Not indicated
local_listing,mimi-s-merch-huerfano-merchandise-maker-vendor,Mimi's Merch,Walsenburg,Huerfano,CO,Arts & culture,True,Hosted profile,,https://www.walsenburgmercantile.com/meet-our-vendors,Not indicated,Not indicated,Not indicated,Not indicated,Not indicated,Not indicated,Not indicated,Not indicated,Not indicated,Not indicated,Not indicated,Not indicated
local_listing,moon-mountain-studio-huerfano-studio-maker-vendor,Moon Mountain Studio,Walsenburg,Huerfano,CO,Arts & culture,True,Hosted profile,,https://www.walsenburgmercantile.com/meet-our-vendors,Not indicated,Not indicated,Not indicated,Not indicated,Not indicated,Not indicated,Not indicated,Not indicated,Not indicated,Not indicated,Not indicated,Not indicated
local_listing,mountain-bubbles-huerfano-body-care-local-goods-vendor,Mountain Bubbles,Walsenburg,Huerfano,CO,Arts & culture,True,Hosted profile,,https://www.walsenburgmercantile.com/meet-our-vendors,Not indicated,Not indicated,Not indicated,Not indicated,Not indicated,Not indicated,Not indicated,Not indicated,Not indicated,Not indicated,Not indicated,Not indicated
local_listing,yellowpages-lead-mountain-creek-home-health-walsenburg-huerfano,Mountain Creek Home Health,Walsenburg,Huerfano,CO,Health & wellness,False,Hosted profile,,https://www.yellowpages.com/walsenburg-co/business-listings/1,Not indicated,Not indicated,Not indicated,Not indicated,Not indicated,Not indicated,Not indicated,Not indicated,Not indicated,Not indicated,Not indicated,Not indicated
local_listing,mountain-escapes-huerfano-local-goods-vendor,Mountain Escapes,Walsenburg,Huerfano,CO,Arts & culture,True,Hosted profile,,https://www.walsenburgmercantile.com/meet-our-vendors,Not indicated,Not indicated,Not indicated,Not indicated,Not indicated,Not indicated,Not indicated,Not indicated,Not indicated,Not indicated,Not indicated,Not indicated
local_listing,mountain-view-sanctuary-huerfano-local-goods-vendor,Mountain View Sanctuary,Walsenburg,Huerfano,CO,Arts & culture,True,Hosted profile,,https://www.walsenburgmercantile.com/meet-our-vendors,Not indicated,Not indicated,Not indicated,Not indicated,Not indicated,Not indicated,Not indicated,Not indicated,Not indicated,Not indicated,Not indicated,Not indicated
local_listing,museum-of-friends-huerfano-contemporary-art-museum-gallery,Museum of Friends,Walsenburg,Huerfano,CO,Arts & culture,True,Direct website,https://www.museumoffriends.org/,https://spanishpeakscountry.com/art/; https://spanishpeakscountry.com/business-directory/categories/galleries; https://spanishpeakscountry.com/business-directory/categories/shopping; https://spanishpeakscountry.com/business-directory/listing/museum-of-friends; https://spanishpeakscountry.com/museums/; https://www.museumoffriends.org/,Contact opportunity: Flyer/poster contact,Contact opportunity: Brochure/rack-card contact,Not indicated,Contact opportunity: Front-desk referral contact,Listed route: Existing directory profile,Not indicated,Not indicated,Not indicated,Not indicated,Not indicated,Not indicated,Contact opportunity: Cross-promotion contact
local_listing,nickell-designs-huerfano-design-maker-vendor,Nickell Designs,Walsenburg,Huerfano,CO,Arts & culture,True,Hosted profile,,https://www.walsenburgmercantile.com/meet-our-vendors,Not indicated,Not indicated,Not indicated,Not indicated,Not indicated,Not indicated,Not indicated,Not indicated,Not indicated,Not indicated,Not indicated,Not indicated
local_listing,yellowpages-lead-o-reilly-auto-parts-walsenburg-huerfano,O'Reilly Auto Parts,Walsenburg,Huerfano,CO,Auto & transportation,False,Hosted profile,,https://www.yellowpages.com/walsenburg-co/business-listings/1,Not indicated,Not indicated,Not indicated,Not indicated,Not indicated,Not indicated,Not indicated,Not indicated,Not indicated,Not indicated,Contact opportunity: Sponsorship contact,Not indicated
local_listing,odie-art-huerfano-artist-vendor,Odie Art,Walsenburg,Huerfano,CO,Arts & culture,True,Hosted profile,,https://www.walsenburgmercantile.com/meet-our-vendors,Not indicated,Not indicated,Not indicated,Not indicated,Not indicated,Not indicated,Not indicated,Not indicated,Not indicated,Not indicated,Not indicated,Not indicated
local_listing,yellowpages-lead-ojo-springs-drilling-well-walsenburg-huerfano,Ojo' Springs Drilling & Well,Walsenburg,Huerfano,CO,Local business or service,False,Hosted profile,,https://www.yellowpages.com/walsenburg-co/business-listings/1,Not indicated,Not indicated,Not indicated,Not indicated,Not indicated,Not indicated,Not indicated,Not indicated,Not indicated,Not indicated,Not indicated,Not indicated
local_listing,yellowpages-lead-ol-reliable-car-care-walsenburg-huerfano,Ol' Reliable Car Care,Walsenburg,Huerfano,CO,Local business or service,False,Hosted profile,,https://www.yellowpages.com/walsenburg-co/business-listings/1,Not indicated,Not indicated,Not indicated,Not indicated,Not indicated,Not indicated,Not indicated,Not indicated,Not indicated,Not indicated,Not indicated,Not indicated
local_listing,travel-guide-our-home-vacation-rentals-green-karma-getaway-and-hippie-train-lodge-walsenburg-huerfano,Our Home Vacation Rentals - Green Karma Getaway & Hippie Train Lodge,Walsenburg,Huerfano,CO,Lodging & stays,True,Direct website,https://vacationinwalsenbu.wixsite.com/ourhomerental,https://spanishpeakscountry.com/business-directory/categories/lodging; https://spanishpeakscountry.com/business-directory/listing/our-home-vacation-rental,Contact opportunity: Flyer/poster contact,Contact opportunity: Brochure/rack-card contact,Not indicated,Contact opportunity: Front-desk referral contact,Listed route: Existing directory profile,Not indicated,Not indicated,Not indicated,Not indicated,Not indicated,Not indicated,Not indicated
local_listing,travel-guide-paco-s-starlite-tavern-walsenburg-huerfano,Paco's Starlite Tavern,Walsenburg,Huerfano,CO,Food & drink,True,Hosted profile,https://www.spanishpeakscountry.com/,https://spanishpeakscountry.com/business-directory/categories/dining; https://spanishpeakscountry.com/business-directory/listing/pacos-starlite-tavern,Contact opportunity: Flyer/poster contact,Not indicated,Not indicated,Contact opportunity: Front-desk referral contact,Listed route: Existing directory profile,Not indicated,Not indicated,Not indicated,Not indicated,Not indicated,Not indicated,Not indicated
local_listing,yellowpages-lead-paperback-trading-post-walsenburg-huerfano,Paperback Trading Post,Walsenburg,Huerfano,CO,Local business or service,False,Hosted profile,,https://www.yellowpages.com/walsenburg-co/business-listings/1,Not indicated,Not indicated,Not indicated,Not indicated,Not indicated,Not indicated,Not indicated,Not indicated,Not indicated,Not indicated,Not indicated,Not indicated
local_listing,travel-guide-pawn-shop-walsenburg-huerfano,The Pawn Shop,Walsenburg,Huerfano,CO,Retail & local goods,True,Hosted profile,https://www.spanishpeakscountry.com/,https://spanishpeakscountry.com/business-directory/categories/shopping; https://spanishpeakscountry.com/business-directory/listing/the-pawn-shop,Contact opportunity: Flyer/poster contact,Not indicated,Not indicated,Contact opportunity: Front-desk referral contact,Listed route: Existing directory profile,Not indicated,Not indicated,Not indicated,Not indicated,Not indicated,Not indicated,Not indicated
local_listing,peakview-school-huerfano-education,Peakview School,Walsenburg,Huerfano,CO,Education & learning,False,Direct website,https://huerfano.k12.co.us,https://huerfano.k12.co.us; https://www.yellowpages.com/walsenburg-co/business-listings/1,Not indicated,Not indicated,Not indicated,Not indicated,Not indicated,Not indicated,Not indicated,Not indicated,Not indicated,Not indicated,Not indicated,Not indicated
local_listing,yellowpages-lead-peet-s-coffee-tea-walsenburg-huerfano,Peet's Coffee & Tea,Walsenburg,Huerfano,CO,Food & drink,False,Hosted profile,,https://www.yellowpages.com/walsenburg-co/business-listings/1,Not indicated,Not indicated,Not indicated,Not indicated,Not indicated,Not indicated,Not indicated,Not indicated,Not indicated,Not indicated,Not indicated,Not indicated
local_listing,yellowpages-lead-pepsi-beverages-company-walsenburg-huerfano,Pepsi Beverages Company,Walsenburg,Huerfano,CO,Local business or service,False,Hosted profile,,https://www.yellowpages.com/walsenburg-co/business-listings/1,Not indicated,Not indicated,Not indicated,Not indicated,Not indicated,Not indicated,Not indicated,Not indicated,Not indicated,Not indicated,Not indicated,Not indicated
local_listing,yellowpages-lead-pharmacy-at-spanish-peaks-walsenburg-huerfano,The Pharmacy at Spanish Peaks,Walsenburg,Huerfano,CO,Health & wellness,False,Hosted profile,,https://www.yellowpages.com/walsenburg-co/business-listings/1,Not indicated,Not indicated,Not indicated,Not indicated,Not indicated,Not indicated,Not indicated,Not indicated,Not indicated,Not indicated,Not indicated,Contact opportunity: Cross-promotion contact
local_listing,yellowpages-lead-philip-owen-warlick-dds-walsenburg-huerfano,"Philip Owen Warlick, DDS",Walsenburg,Huerfano,CO,Local business or service,False,Hosted profile,,https://www.yellowpages.com/walsenburg-co/business-listings/1,Not indicated,Not indicated,Not indicated,Not indicated,Not indicated,Not indicated,Not indicated,Not indicated,Not indicated,Not indicated,Not indicated,Not indicated
local_listing,yellowpages-lead-phillips-66-walsenburg-huerfano,Phillips 66,Walsenburg,Huerfano,CO,Local business or service,False,Hosted profile,,https://www.yellowpages.com/walsenburg-co/business-listings/1,Not indicated,Not indicated,Not indicated,Not indicated,Not indicated,Not indicated,Not indicated,Not indicated,Not indicated,Not indicated,Contact opportunity: Sponsorship contact,Not indicated
local_listing,yellowpages-lead-pryority-auto-service-walsenburg-huerfano,Pryority Auto Service,Walsenburg,Huerfano,CO,Auto & transportation,False,Hosted profile,,https://www.yellowpages.com/walsenburg-co/business-listings/1,Not indicated,Not indicated,Not indicated,Not indicated,Not indicated,Not indicated,Not indicated,Not indicated,Not indicated,Not indicated,Not indicated,Contact opportunity: Cross-promotion contact
local_listing,yellowpages-lead-rain-enterprises-walsenburg-huerfano,Rain Enterprises,Walsenburg,Huerfano,CO,Local business or service,False,Hosted profile,,https://www.yellowpages.com/walsenburg-co/business-listings/1,Not indicated,Not indicated,Not indicated,Not indicated,Not indicated,Not indicated,Not indicated,Not indicated,Not indicated,Not indicated,Not indicated,Not indicated
local_listing,yellowpages-lead-rambler-66-walsenburg-huerfano,Rambler 66,Walsenburg,Huerfano,CO,Local business or service,False,Hosted profile,,https://www.yellowpages.com/walsenburg-co/business-listings/1,Not indicated,Not indicated,Not indicated,Not indicated,Not indicated,Not indicated,Not indicated,Not indicated,Not indicated,Not indicated,Not indicated,Not indicated
local_listing,yellowpages-lead-rambler-restaurant-walsenburg-huerfano,Rambler Restaurant,Walsenburg,Huerfano,CO,Food & drink,False,Hosted profile,,https://www.yellowpages.com/walsenburg-co/business-listings/1,Not indicated,Not indicated,Not indicated,Not indicated,Not indicated,Not indicated,Not indicated,Not indicated,Not indicated,Not indicated,Not indicated,Not indicated
local_listing,yellowpages-lead-reata-realty-walsenburg-huerfano,Reata Realty,Walsenburg,Huerfano,CO,Professional services,False,Hosted profile,,https://www.yellowpages.com/walsenburg-co/business-listings/1,Not indicated,Not indicated,Not indicated,Not indicated,Not indicated,Not indicated,Not indicated,Not indicated,Not indicated,Not indicated,Not indicated,Not indicated
local_listing,yellowpages-lead-redbox-walsenburg-huerfano,Redbox,Walsenburg,Huerfano,CO,Local business or service,False,Hosted profile,,https://www.yellowpages.com/walsenburg-co/business-listings/1,Not indicated,Not indicated,Not indicated,Not indicated,Not indicated,Not indicated,Not indicated,Not indicated,Not indicated,Not indicated,Not indicated,Not indicated
local_listing,redhyl-welding-huerfano-welding-metal-craft-vendor,Redhyl Welding,Walsenburg,Huerfano,CO,Arts & culture,True,Hosted profile,,https://www.walsenburgmercantile.com/meet-our-vendors,Not indicated,Not indicated,Not indicated,Not indicated,Not indicated,Not indicated,Not indicated,Not indicated,Not indicated,Not indicated,Not indicated,Not indicated
local_listing,travel-guide-regalburg-coffee-and-deli-walsenburg-huerfano,RegalBurg Coffee and Deli,Walsenburg,Huerfano,CO,Food & drink,True,Hosted profile,https://www.walsenburgmercantile.com/,https://spanishpeakscountry.com/business-directory/categories/dining; https://spanishpeakscountry.com/business-directory/listing/regalburg-coffee-and-deli,Contact opportunity: Flyer/poster contact,Not indicated,Not indicated,Contact opportunity: Front-desk referral contact,Listed route: Existing directory profile,Not indicated,Not indicated,Not indicated,Not indicated,Not indicated,Not indicated,Not indicated
local_listing,yellowpages-lead-rio-cucharas-inn-walsenburg-huerfano,Rio Cucharas Inn,Walsenburg,Huerfano,CO,Lodging & stays,False,Hosted profile,,https://www.yellowpages.com/walsenburg-co/business-listings/1,Not indicated,Not indicated,Not indicated,Not indicated,Not indicated,Not indicated,Not indicated,Not indicated,Not indicated,Not indicated,Not indicated,Not indicated
local_listing,yellowpages-lead-rocky-mountain-eye-center-walsenburg-huerfano,Rocky Mountain Eye Center Inc,Walsenburg,Huerfano,CO,Local business or service,False,Hosted profile,,https://www.yellowpages.com/walsenburg-co/business-listings/1,Not indicated,Not indicated,Not indicated,Not indicated,Not indicated,Not indicated,Not indicated,Not indicated,Not indicated,Not indicated,Not indicated,Not indicated
local_listing,yellowpages-lead-rosa-s-cantina-walsenburg-huerfano,Rosa's Cantina,Walsenburg,Huerfano,CO,Local business or service,False,Hosted profile,,https://www.yellowpages.com/walsenburg-co/business-listings/1,Not indicated,Not indicated,Not indicated,Not indicated,Not indicated,Not indicated,Not indicated,Not indicated,Not indicated,Not indicated,Not indicated,Not indicated
local_listing,yellowpages-lead-roscoe-engineering-walsenburg-huerfano,Roscoe Engineering,Walsenburg,Huerfano,CO,Local business or service,False,Hosted profile,,https://www.yellowpages.com/walsenburg-co/business-listings/1,Not indicated,Not indicated,Not indicated,Not indicated,Not indicated,Not indicated,Not indicated,Not indicated,Not indicated,Not indicated,Contact opportunity: Sponsorship contact,Contact opportunity: Cross-promotion contact
local_listing,yellowpages-lead-ruiz-ruiz-stucco-walsenburg-huerfano,Ruiz & Ruiz Stucco,Walsenburg,Huerfano,CO,Local business or service,False,Hosted profile,,https://www.yellowpages.com/walsenburg-co/business-listings/1,Not indicated,Not indicated,Not indicated,Not indicated,Not indicated,Not indicated,Not indicated,Not indicated,Not indicated,Not indicated,Not indicated,Not indicated
local_listing,yellowpages-lead-safeway-walsenburg-huerfano,Safeway,Walsenburg,Huerfano,CO,Local business or service,False,Hosted profile,,https://www.yellowpages.com/walsenburg-co/business-listings/1,Not indicated,Not indicated,Not indicated,Not indicated,Not indicated,Not indicated,Not indicated,Not indicated,Not indicated,Not indicated,Contact opportunity: Sponsorship contact,Not indicated
local_listing,yellowpages-lead-saint-marys-catholic-church-walsenburg-huerfano,Saint Marys Catholic Church,Walsenburg,Huerfano,CO,Nonprofit & community,False,Hosted profile,,https://www.yellowpages.com/walsenburg-co/business-listings/1,Not indicated,Not indicated,Not indicated,Not indicated,Not indicated,Not indicated,Not indicated,Contact opportunity: Newsletter contact,Not indicated,Not indicated,Not indicated,Not indicated
local_listing,yellowpages-lead-san-isabel-electric-assn-walsenburg-huerfano,San Isabel Electric Assn Inc,Walsenburg,Huerfano,CO,"Home, land & contracting",False,Hosted profile,,https://www.yellowpages.com/walsenburg-co/business-listings/1,Not indicated,Not indicated,Not indicated,Not indicated,Not indicated,Not indicated,Not indicated,Not indicated,Not indicated,Not indicated,Contact opportunity: Sponsorship contact,Contact opportunity: Cross-promotion contact
local_listing,yellowpages-lead-sands-motel-walsenburg-huerfano,Sands Motel,Walsenburg,Huerfano,CO,Lodging & stays,False,Hosted profile,,https://www.yellowpages.com/walsenburg-co/business-listings/1,Not indicated,Not indicated,Not indicated,Not indicated,Not indicated,Not indicated,Not indicated,Not indicated,Not indicated,Not indicated,Not indicated,Not indicated
local_listing,travel-guide-sands-motel-and-apartments-walsenburg-huerfano,Sands Motel & Apartments,Walsenburg,Huerfano,CO,Lodging & stays,True,Hosted profile,https://www.spanishpeakscountry.com/,https://spanishpeakscountry.com/business-directory/categories/lodging; https://spanishpeakscountry.com/business-directory/listing/sands-motel-apartments; https://www.yellowpages.com/walsenburg-co/business-listings/1,Contact opportunity: Flyer/poster contact,Contact opportunity: Brochure/rack-card contact,Not indicated,Contact opportunity: Front-desk referral contact,Listed route: Existing directory profile,Not indicated,Not indicated,Not indicated,Not indicated,Not indicated,Not indicated,Not indicated
local_listing,yellowpages-lead-school-rem-ser-head-start-walsenburg-huerfano,School Rem Ser Head Start,Walsenburg,Huerfano,CO,Education & learning,False,Hosted profile,,https://www.yellowpages.com/walsenburg-co/business-listings/1,Not indicated,Not indicated,Not indicated,Not indicated,Not indicated,Not indicated,Not indicated,Not indicated,Not indicated,Not indicated,Not indicated,Not indicated
local_listing,yellowpages-lead-schools-public-huerfano-school-district-re-1-walsenburg-huerfano,Schools-Public Huerfano School District Re 1,Walsenburg,Huerfano,CO,Education & learning,False,Hosted profile,,https://www.yellowpages.com/walsenburg-co/business-listings/1,Not indicated,Not indicated,Not indicated,Not indicated,Not indicated,Not indicated,Not indicated,Contact opportunity: Newsletter contact,Not indicated,Not indicated,Not indicated,Contact opportunity: Cross-promotion contact
local_listing,scotty-b-s-custom-t-s-huerfano-custom-apparel-maker-vendor,Scotty B's Custom T's,Walsenburg,Huerfano,CO,Arts & culture,True,Hosted profile,,https://www.walsenburgmercantile.com/meet-our-vendors,Not indicated,Not indicated,Not indicated,Not indicated,Not indicated,Not indicated,Not indicated,Not indicated,Not indicated,Not indicated,Not indicated,Not indicated
local_listing,scrap-happy-huerfano-recycled-craft-maker-vendor,Scrap Happy,Walsenburg,Huerfano,CO,Arts & culture,True,Hosted profile,,https://www.walsenburgmercantile.com/meet-our-vendors,Not indicated,Not indicated,Not indicated,Not indicated,Not indicated,Not indicated,Not indicated,Not indicated,Not indicated,Not indicated,Not indicated,Not indicated
local_listing,second-chance-huerfano-local-goods-vendor,Second Chance,Walsenburg,Huerfano,CO,Arts & culture,True,Hosted profile,,https://www.walsenburgmercantile.com/meet-our-vendors,Not indicated,Not indicated,Not indicated,Not indicated,Not indicated,Not indicated,Not indicated,Not indicated,Not indicated,Not indicated,Not indicated,Not indicated
local_listing,travel-guide-second-street-bar-and-grill-walsenburg-huerfano,Second Street Bar and Grill,Walsenburg,Huerfano,CO,Food & drink,True,Direct website,https://secondstreetbar.square.site/,https://spanishpeakscountry.com/business-directory/categories/dining; https://spanishpeakscountry.com/business-directory/listing/second-street-bar-and-grill,Contact opportunity: Flyer/poster contact,Not indicated,Not indicated,Contact opportunity: Front-desk referral contact,Listed route: Existing directory profile,Not indicated,Not indicated,Not indicated,Not indicated,Not indicated,Not indicated,Not indicated
local_listing,yellowpages-lead-secret-garden-walsenburg-huerfano,The Secret Garden,Walsenburg,Huerfano,CO,"Home, land & contracting",False,Hosted profile,,https://www.yellowpages.com/walsenburg-co/business-listings/1,Not indicated,Not indicated,Not indicated,Not indicated,Not indicated,Not indicated,Not indicated,Not indicated,Not indicated,Not indicated,Not indicated,Not indicated
local_listing,travel-guide-serendipity-specialty-retail-and-coffee-shop-walsenburg-huerfano,Serendipity Specialty Retail and Coffee Shop,Walsenburg,Huerfano,CO,Food & drink,True,Direct website,https://serendipitywalsenburg.com/,https://spanishpeakscountry.com/business-directory/categories/dining; https://spanishpeakscountry.com/business-directory/listing/serendipity-specialty-retail-and-coffee-shop,Contact opportunity: Flyer/poster contact,Not indicated,Not indicated,Contact opportunity: Front-desk referral contact,Listed route: Existing directory profile,Not indicated,Not indicated,Not indicated,Not indicated,Not indicated,Not indicated,Not indicated
local_listing,yellowpages-lead-sheldon-garrett-atty-walsenburg-huerfano,"Sheldon, Garrett, ATTY",Walsenburg,Huerfano,CO,Local business or service,False,Hosted profile,,https://www.yellowpages.com/walsenburg-co/business-listings/1,Not indicated,Not indicated,Not indicated,Not indicated,Not indicated,Not indicated,Not indicated,Not indicated,Not indicated,Not indicated,Not indicated,Not indicated
local_listing,travel-guide-silkworm-walsenburg-huerfano,Silkworm,Walsenburg,Huerfano,CO,Retail & local goods,True,Hosted profile,https://www.spanishpeakscountry.com/,https://spanishpeakscountry.com/business-directory/categories/shopping; https://spanishpeakscountry.com/business-directory/listing/silkworm,Contact opportunity: Flyer/poster contact,Not indicated,Not indicated,Contact opportunity: Front-desk referral contact,Listed route: Existing directory profile,Not indicated,Not indicated,Not indicated,Not indicated,Not indicated,Not indicated,Not indicated
local_listing,travel-guide-silver-dollar-walsenburg-huerfano,Silver Dollar,Walsenburg,Huerfano,CO,Food & drink,True,Hosted profile,https://www.spanishpeakscountry.com/,https://spanishpeakscountry.com/business-directory/categories/dining; https://spanishpeakscountry.com/business-directory/listing/silver-dollar; https://www.yellowpages.com/walsenburg-co/business-listings/1,Contact opportunity: Flyer/poster contact,Not indicated,Not indicated,Contact opportunity: Front-desk referral contact,Listed route: Existing directory profile,Not indicated,Not indicated,Not indicated,Not indicated,Not indicated,Not indicated,Not indicated
local_listing,silver-mountain-pottery-huerfano-pottery-ceramics-vendor,Silver Mountain Pottery,Walsenburg,Huerfano,CO,Arts & culture,True,Hosted profile,,https://www.walsenburgmercantile.com/meet-our-vendors,Not indicated,Not indicated,Not indicated,Not indicated,Not indicated,Not indicated,Not indicated,Not indicated,Not indicated,Not indicated,Not indicated,Not indicated
local_listing,simply-gray-boutique-huerfano-boutique-creative-retail-vendor,Simply Gray Boutique,Walsenburg,Huerfano,CO,Arts & culture,True,Hosted profile,,https://www.walsenburgmercantile.com/meet-our-vendors,Contact opportunity: Flyer/poster contact,Not indicated,Not indicated,Not indicated,Not indicated,Not indicated,Not indicated,Not indicated,Not indicated,Not indicated,Not indicated,Not indicated
local_listing,simply-stitchz-huerfano-fiber-textile-vendor,Simply Stitchz,Walsenburg,Huerfano,CO,Arts & culture,True,Hosted profile,,https://www.walsenburgmercantile.com/meet-our-vendors,Not indicated,Not indicated,Not indicated,Not indicated,Not indicated,Not indicated,Not indicated,Not indicated,Not indicated,Not indicated,Not indicated,Not indicated
local_listing,soco-chili-huerfano-local-food-product-maker-vendor,SOCO Chili,Walsenburg,Huerfano,CO,Arts & culture,True,Hosted profile,,https://www.walsenburgmercantile.com/meet-our-vendors,Not indicated,Not indicated,Not indicated,Not indicated,Not indicated,Not indicated,Not indicated,Not indicated,Not indicated,Not indicated,Not indicated,Not indicated
local_listing,yellowpages-lead-soco-grow-walsenburg-huerfano,Soco Grow,Walsenburg,Huerfano,CO,Local business or service,False,Hosted profile,,https://www.yellowpages.com/walsenburg-co/business-listings/1,Not indicated,Not indicated,Not indicated,Not indicated,Not indicated,Not indicated,Not indicated,Not indicated,Not indicated,Not indicated,Not indicated,Not indicated
local_listing,sofia-sugar-shack-huerfano-sweets-local-treat-vendor,Sofia Sugar Shack,Walsenburg,Huerfano,CO,Arts & culture,True,Hosted profile,,https://www.walsenburgmercantile.com/meet-our-vendors,Not indicated,Not indicated,Not indicated,Not indicated,Not indicated,Not indicated,Not indicated,Not indicated,Not indicated,Not indicated,Not indicated,Not indicated
local_listing,southern-colorado-crafts-huerfano-crafts-maker-vendor,Southern Colorado Crafts,Walsenburg,Huerfano,CO,Arts & culture,True,Hosted profile,,https://www.walsenburgmercantile.com/meet-our-vendors,Not indicated,Not indicated,Not indicated,Not indicated,Not indicated,Not indicated,Not indicated,Not indicated,Not indicated,Not indicated,Not indicated,Not indicated
local_listing,yellowpages-lead-southern-colorado-land-livestock-walsenburg-huerfano,Southern Colorado Land & Livestock Co,Walsenburg,Huerfano,CO,Local business or service,False,Hosted profile,,https://www.yellowpages.com/walsenburg-co/business-listings/1,Not indicated,Not indicated,Not indicated,Not indicated,Not indicated,Not indicated,Not indicated,Not indicated,Not indicated,Not indicated,Not indicated,Not indicated
local_listing,yellowpages-lead-spanish-peaks-child-care-center-walsenburg-huerfano,Spanish Peaks Child Care Center,Walsenburg,Huerfano,CO,Local business or service,False,Hosted profile,,https://www.yellowpages.com/walsenburg-co/business-listings/1,Not indicated,Not indicated,Not indicated,Not indicated,Not indicated,Not indicated,Not indicated,Not indicated,Not indicated,Not indicated,Not indicated,Contact opportunity: Cross-promotion contact
local_listing,travel-guide-spanish-peaks-guesthouse-walsenburg-huerfano,Spanish Peaks Guesthouse,Walsenburg,Huerfano,CO,Lodging & stays,True,Direct website,https://www.airbnb.com/rooms/18055771,https://spanishpeakscountry.com/business-directory/categories/lodging; https://spanishpeakscountry.com/business-directory/listing/spanish-peaks-guesthouse,Contact opportunity: Flyer/poster contact,Contact opportunity: Brochure/rack-card contact,Not indicated,Contact opportunity: Front-desk referral contact,Listed route: Existing directory profile,Not indicated,Not indicated,Not indicated,Not indicated,Not indicated,Not indicated,Not indicated
local_listing,yellowpages-lead-spanish-peaks-info-systems-walsenburg-huerfano,Spanish Peaks Info Systems,Walsenburg,Huerfano,CO,Local business or service,False,Hosted profile,,https://www.yellowpages.com/walsenburg-co/business-listings/1,Not indicated,Not indicated,Not indicated,Not indicated,Not indicated,Not indicated,Not indicated,Not indicated,Not indicated,Not indicated,Not indicated,Contact opportunity: Cross-promotion contact
local_listing,spanish-peaks-library-district-walsenburg-branch-huerfano-library-educat,"Spanish Peaks Library District, Walsenburg Branch",Walsenburg,Huerfano,CO,Education & learning,True,Direct website,https://spld.org,https://spld.org,Contact opportunity: Flyer/poster contact,Not indicated,Contact opportunity: Bulletin-board contact,Contact opportunity: Front-desk referral contact,Not indicated,Contact opportunity: Event calendar contact,Not indicated,Contact opportunity: Newsletter contact,Not indicated,Not indicated,Not indicated,Contact opportunity: Cross-promotion contact
local_listing,spanish-peaks-regional-airport-huerfano-government-transportation,Spanish Peaks Regional Airport,Walsenburg,Huerfano,CO,Public offices,False,No online link,,,Not indicated,Not indicated,Not indicated,Not indicated,Not indicated,Not indicated,Not indicated,Not indicated,Not indicated,Not indicated,Not indicated,Not indicated
local_listing,yellowpages-lead-spanish-peaks-regional-health-walsenburg-huerfano,Spanish Peaks Regional Health,Walsenburg,Huerfano,CO,Health & wellness,False,Hosted profile,,https://www.yellowpages.com/walsenburg-co/business-listings/1,Not indicated,Not indicated,Not indicated,Not indicated,Not indicated,Not indicated,Not indicated,Not indicated,Not indicated,Not indicated,Not indicated,Contact opportunity: Cross-promotion contact
local_listing,spanish-peaks-regional-health-center-huerfano-healthcare,Spanish Peaks Regional Health Center,Walsenburg,Huerfano,CO,Health & wellness,False,Direct website,https://sprhc.org,https://sprhc.org,Not indicated,Not indicated,Not indicated,Not indicated,Not indicated,Not indicated,Not indicated,Not indicated,Not indicated,Not indicated,Not indicated,Not indicated
local_listing,yellowpages-lead-spanish-peaks-rentals-walsenburg-huerfano,Spanish Peaks Rentals,Walsenburg,Huerfano,CO,Local business or service,False,Hosted profile,,https://www.yellowpages.com/walsenburg-co/business-listings/1,Not indicated,Not indicated,Not indicated,Not indicated,Not indicated,Not indicated,Not indicated,Not indicated,Not indicated,Not indicated,Not indicated,Contact opportunity: Cross-promotion contact
local_listing,spanish-peaks-veterans-community-living-center-huerfano-healthcare,Spanish Peaks Veterans Community Living Center,Walsenburg,Huerfano,CO,Nonprofit & community,False,Direct website,https://sprhc.org,https://sprhc.org,Not indicated,Not indicated,Not indicated,Not indicated,Not indicated,Not indicated,Not indicated,Not indicated,Not indicated,Not indicated,Not indicated,Not indicated
local_listing,yellowpages-lead-sporleder-feeds-walsenburg-huerfano,Sporleder Feeds,Walsenburg,Huerfano,CO,Local business or service,False,Hosted profile,,https://www.yellowpages.com/walsenburg-co/business-listings/1,Not indicated,Not indicated,Not indicated,Not indicated,Not indicated,Not indicated,Not indicated,Not indicated,Not indicated,Not indicated,Not indicated,Contact opportunity: Cross-promotion contact
local_listing,yellowpages-lead-st-mary-credit-union-walsenburg-huerfano,St Mary Credit Union,Walsenburg,Huerfano,CO,Professional services,False,Hosted profile,,https://www.yellowpages.com/walsenburg-co/business-listings/1,Not indicated,Not indicated,Not indicated,Not indicated,Not indicated,Not indicated,Not indicated,Not indicated,Not indicated,Not indicated,Not indicated,Not indicated
local_listing,yellowpages-lead-star-drug-health-mart-walsenburg-huerfano,Star Drug Health Mart,Walsenburg,Huerfano,CO,Health & wellness,False,Hosted profile,,https://www.yellowpages.com/walsenburg-co/business-listings/1,Not indicated,Not indicated,Not indicated,Not indicated,Not indicated,Not indicated,Not indicated,Not indicated,Not indicated,Not indicated,Not indicated,Not indicated
local_listing,yellowpages-lead-star-drug-pharmacy-walsenburg-huerfano,Star Drug Pharmacy,Walsenburg,Huerfano,CO,Health & wellness,False,Hosted profile,,https://www.yellowpages.com/walsenburg-co/business-listings/1,Not indicated,Not indicated,Not indicated,Not indicated,Not indicated,Not indicated,Not indicated,Not indicated,Not indicated,Not indicated,Not indicated,Contact opportunity: Cross-promotion contact
local_listing,stardust-farm-and-flowers-huerfano-flowers-local-goods-vendor,Stardust Farm & Flowers,Walsenburg,Huerfano,CO,Arts & culture,True,Hosted profile,,https://www.walsenburgmercantile.com/meet-our-vendors,Not indicated,Not indicated,Not indicated,Not indicated,Not indicated,Not indicated,Not indicated,Not indicated,Not indicated,Not indicated,Not indicated,Not indicated
local_listing,yellowpages-lead-state-farm-insurance-walsenburg-huerfano,State Farm Insurance,Walsenburg,Huerfano,CO,Professional services,False,Hosted profile,,https://www.yellowpages.com/walsenburg-co/business-listings/1,Not indicated,Not indicated,Not indicated,Not indicated,Not indicated,Not indicated,Not indicated,Not indicated,Not indicated,Not indicated,Contact opportunity: Sponsorship contact,Not indicated
local_listing,travel-guide-stokehouse-walsenburg-huerfano,The Stokehouse,Walsenburg,Huerfano,CO,Food & drink,True,Hosted profile,https://www.walsenburgmercantile.com/stokehouse,https://spanishpeakscountry.com/business-directory/categories/dining; https://spanishpeakscountry.com/business-directory/listing/the-stokehouse,Contact opportunity: Flyer/poster contact,Not indicated,Not indicated,Contact opportunity: Front-desk referral contact,Listed route: Existing directory profile,Not indicated,Not indicated,Not indicated,Not indicated,Not indicated,Not indicated,Not indicated
local_listing,travel-guide-story-creek-outfitters-walsenburg-huerfano,Story Creek Outfitters,Walsenburg,Huerfano,CO,Local business or service,True,Direct website,https://storycreek.com/wp/,https://spanishpeakscountry.com/business-directory/categories/play/; https://spanishpeakscountry.com/business-directory/listing/story-creek-outfitters,Not indicated,Not indicated,Not indicated,Not indicated,Listed route: Existing directory profile,Not indicated,Not indicated,Not indicated,Not indicated,Not indicated,Not indicated,Not indicated
local_listing,studio-katie-huerfano-studio-artist-vendor,Studio Katie,Walsenburg,Huerfano,CO,Arts & culture,True,Hosted profile,,https://www.walsenburgmercantile.com/meet-our-vendors,Not indicated,Not indicated,Not indicated,Not indicated,Not indicated,Not indicated,Not indicated,Not indicated,Not indicated,Not indicated,Not indicated,Not indicated
local_listing,travel-guide-subway-walsenburg-huerfano,Subway,Walsenburg,Huerfano,CO,Food & drink,True,Direct website,https://restaurants.subway.com/united-states/co/walsenburg/228-n-main-st,https://spanishpeakscountry.com/business-directory/categories/dining; https://spanishpeakscountry.com/business-directory/listing/subway; https://www.yellowpages.com/walsenburg-co/business-listings/1,Contact opportunity: Flyer/poster contact,Not indicated,Not indicated,Contact opportunity: Front-desk referral contact,Listed route: Existing directory profile,Not indicated,Not indicated,Not indicated,Not indicated,Not indicated,Contact opportunity: Sponsorship contact,Not indicated
local_listing,sunrise-mesa-design-huerfano-design-maker-vendor,Sunrise Mesa Design,Walsenburg,Huerfano,CO,Arts & culture,True,Hosted profile,,https://www.walsenburgmercantile.com/meet-our-vendors,Not indicated,Not indicated,Not indicated,Not indicated,Not indicated,Not indicated,Not indicated,Not indicated,Not indicated,Not indicated,Not indicated,Not indicated
local_listing,suzy-s-salsa-huerfano-local-food-product-maker-vendor,Suzy's Salsa,Walsenburg,Huerfano,CO,Arts & culture,True,Hosted profile,,https://www.walsenburgmercantile.com/meet-our-vendors,Not indicated,Not indicated,Not indicated,Not indicated,Not indicated,Not indicated,Not indicated,Not indicated,Not indicated,Not indicated,Not indicated,Not indicated
local_listing,yellowpages-lead-systems-builders-walsenburg-huerfano,Systems Builders,Walsenburg,Huerfano,CO,Local business or service,False,Hosted profile,,https://www.yellowpages.com/walsenburg-co/business-listings/1,Not indicated,Not indicated,Not indicated,Not indicated,Not indicated,Not indicated,Not indicated,Not indicated,Not indicated,Not indicated,Not indicated,Not indicated
local_listing,travel-guide-t-m-ranch-walsenburg-huerfano,The T/M Ranch,Walsenburg,Huerfano,CO,Local business or service,True,Direct website,https://tmranch.org/,https://spanishpeakscountry.com/business-directory/categories/play/; https://spanishpeakscountry.com/business-directory/listing/the-t-m-ranch,Not indicated,Not indicated,Not indicated,Not indicated,Listed route: Existing directory profile,Not indicated,Not indicated,Not indicated,Not indicated,Not indicated,Not indicated,Not indicated
local_listing,travel-guide-tc-s-diner-walsenburg-huerfano,TC's Diner,Walsenburg,Huerfano,CO,Food & drink,True,Hosted profile,https://www.spanishpeakscountry.com/,https://spanishpeakscountry.com/business-directory/categories/dining; https://spanishpeakscountry.com/business-directory/listing/tcs-diner,Contact opportunity: Flyer/poster contact,Not indicated,Not indicated,Contact opportunity: Front-desk referral contact,Listed route: Existing directory profile,Not indicated,Not indicated,Not indicated,Not indicated,Not indicated,Not indicated,Not indicated
local_listing,yellowpages-lead-tesitor-insurance-consulting-walsenburg-huerfano,Tesitor Insurance Consulting,Walsenburg,Huerfano,CO,Professional services,False,Hosted profile,,https://www.yellowpages.com/walsenburg-co/business-listings/1,Not indicated,Not indicated,Not indicated,Not indicated,Not indicated,Not indicated,Not indicated,Not indicated,Not indicated,Not indicated,Contact opportunity: Sponsorship contact,Contact opportunity: Cross-promotion contact
local_listing,yellowpages-lead-tinas-family-cafe-walsenburg-huerfano,Tinas Family Cafe,Walsenburg,Huerfano,CO,Food & drink,False,Hosted profile,,https://www.yellowpages.com/walsenburg-co/business-listings/1,Not indicated,Not indicated,Not indicated,Not indicated,Not indicated,Not indicated,Not indicated,Not indicated,Not indicated,Not indicated,Not indicated,Not indicated
local_listing,too-cool-chicks-huerfano-local-maker-vendor,Too Cool Chicks,Walsenburg,Huerfano,CO,Arts & culture,True,Hosted profile,,https://www.walsenburgmercantile.com/meet-our-vendors,Not indicated,Not indicated,Not indicated,Not indicated,Not indicated,Not indicated,Not indicated,Not indicated,Not indicated,Not indicated,Not indicated,Not indicated
local_listing,tourist-information-center-at-heritage-park-huerfano-visitor-center,Tourist Information Center at Heritage Park,Walsenburg,Huerfano,CO,Tourism & visitor info,False,No online link,,,Not indicated,Not indicated,Not indicated,Not indicated,Contact opportunity: Directory listing contact,Not indicated,Not indicated,Not indicated,Not indicated,Not indicated,Not indicated,Not indicated
local_listing,yellowpages-lead-tri-state-generation-transmission-association-walsenburg-huerfano,Tri-State Generation & Transmission Association,Walsenburg,Huerfano,CO,Local business or service,False,Hosted profile,,https://www.yellowpages.com/walsenburg-co/business-listings/1,Not indicated,Not indicated,Not indicated,Not indicated,Not indicated,Not indicated,Not indicated,Contact opportunity: Newsletter contact,Not indicated,Not indicated,Not indicated,Contact opportunity: Cross-promotion contact
local_listing,yellowpages-lead-triple-h-self-storage-walsenburg-huerfano,Triple H Self Storage,Walsenburg,Huerfano,CO,Professional services,False,Hosted profile,,https://www.yellowpages.com/walsenburg-co/business-listings/1,Not indicated,Not indicated,Not indicated,Not indicated,Not indicated,Not indicated,Not indicated,Not indicated,Not indicated,Not indicated,Contact opportunity: Sponsorship contact,Contact opportunity: Cross-promotion contact
local_listing,two-hare-trading-huerfano-local-goods-maker-vendor,Two Hare Trading,Walsenburg,Huerfano,CO,Arts & culture,True,Hosted profile,,https://www.walsenburgmercantile.com/meet-our-vendors,Not indicated,Not indicated,Not indicated,Not indicated,Not indicated,Not indicated,Not indicated,Not indicated,Not indicated,Not indicated,Not indicated,Not indicated
local_listing,yellowpages-lead-u-haul-neighborhood-dealer-walsenburg-huerfano,U-Haul Neighborhood Dealer,Walsenburg,Huerfano,CO,Local business or service,False,Hosted profile,,https://www.yellowpages.com/walsenburg-co/business-listings/1,Not indicated,Not indicated,Not indicated,Not indicated,Not indicated,Not indicated,Not indicated,Not indicated,Not indicated,Not indicated,Not indicated,Not indicated
local_listing,yellowpages-lead-united-methodist-church-of-la-veta-walsenburg-huerfano,United Methodist Church of La Veta,Walsenburg,Huerfano,CO,Nonprofit & community,False,Hosted profile,,https://www.yellowpages.com/walsenburg-co/business-listings/1,Not indicated,Not indicated,Not indicated,Not indicated,Not indicated,Not indicated,Not indicated,Contact opportunity: Newsletter contact,Not indicated,Not indicated,Not indicated,Not indicated
local_listing,yellowpages-lead-united-states-postal-service-walsenburg-huerfano,United States Postal Service,Walsenburg,Huerfano,CO,Local business or service,False,Hosted profile,,https://www.yellowpages.com/walsenburg-co/business-listings/1,Not indicated,Not indicated,Not indicated,Not indicated,Not indicated,Not indicated,Not indicated,Not indicated,Not indicated,Not indicated,Not indicated,Contact opportunity: Cross-promotion contact
local_listing,yellowpages-lead-ups-authorized-shipping-provider-walsenburg-huerfano,UPS Authorized Shipping Provider,Walsenburg,Huerfano,CO,Local business or service,False,Hosted profile,,https://www.yellowpages.com/walsenburg-co/business-listings/1,Not indicated,Not indicated,Not indicated,Not indicated,Not indicated,Not indicated,Not indicated,Not indicated,Not indicated,Not indicated,Not indicated,Not indicated
local_listing,yellowpages-lead-ups-drop-box-walsenburg-huerfano,UPS Drop Box,Walsenburg,Huerfano,CO,Local business or service,False,Hosted profile,,https://www.yellowpages.com/walsenburg-co/business-listings/1,Not indicated,Not indicated,Not indicated,Not indicated,Not indicated,Not indicated,Not indicated,Not indicated,Not indicated,Not indicated,Not indicated,Not indicated
local_listing,yellowpages-lead-uptown-liquors-walsenburg-huerfano,Uptown Liquors,Walsenburg,Huerfano,CO,Local business or service,False,Hosted profile,,https://www.yellowpages.com/walsenburg-co/business-listings/1,Not indicated,Not indicated,Not indicated,Not indicated,Not indicated,Not indicated,Not indicated,Not indicated,Not indicated,Not indicated,Not indicated,Contact opportunity: Cross-promotion contact
local_listing,yellowpages-lead-uptownclothingsupply-com-walsenburg-huerfano,Uptownclothingsupply.com,Walsenburg,Huerfano,CO,Local business or service,False,Hosted profile,,https://www.yellowpages.com/walsenburg-co/business-listings/1,Not indicated,Not indicated,Not indicated,Not indicated,Not indicated,Not indicated,Not indicated,Not indicated,Not indicated,Not indicated,Not indicated,Not indicated
local_listing,vanishing-horizons-huerfano-creative-goods-vendor,Vanishing Horizons,Walsenburg,Huerfano,CO,Arts & culture,True,Hosted profile,,https://www.walsenburgmercantile.com/meet-our-vendors,Not indicated,Not indicated,Not indicated,Not indicated,Not indicated,Not indicated,Not indicated,Not indicated,Not indicated,Not indicated,Not indicated,Not indicated
local_listing,yellowpages-lead-vigil-family-chiropractic-walsenburg-huerfano,Vigil Family Chiropractic,Walsenburg,Huerfano,CO,Local business or service,False,Hosted profile,,https://www.yellowpages.com/walsenburg-co/business-listings/1,Not indicated,Not indicated,Not indicated,Not indicated,Not indicated,Not indicated,Not indicated,Not indicated,Not indicated,Not indicated,Not indicated,Contact opportunity: Cross-promotion contact
local_listing,yellowpages-lead-walsenburg-golf-club-walsenburg-huerfano,Walsenburg Golf Club,Walsenburg,Huerfano,CO,Outdoor recreation,False,Hosted profile,,https://www.yellowpages.com/walsenburg-co/business-listings/1,Not indicated,Not indicated,Not indicated,Not indicated,Not indicated,Not indicated,Not indicated,Not indicated,Not indicated,Not indicated,Not indicated,Not indicated
local_listing,walsenburg-golf-course-huerfano-tourism-recreation,Walsenburg Golf Course,Walsenburg,Huerfano,CO,Tourism & visitor info,True,Direct website,https://www.golfwalsenburg.com/,https://spanishpeakscountry.com/business-directory/categories/play/; https://spanishpeakscountry.com/business-directory/listing/walsenburg-golf-course,Contact opportunity: Flyer/poster contact,Not indicated,Not indicated,Not indicated,Listed route: Existing directory profile,Not indicated,Not indicated,Not indicated,Not indicated,Not indicated,Not indicated,Not indicated
local_listing,yellowpages-lead-walsenburg-housing-authority-walsenburg-huerfano,Walsenburg Housing Authority,Walsenburg,Huerfano,CO,Local business or service,False,Hosted profile,,https://www.yellowpages.com/walsenburg-co/business-listings/1,Not indicated,Not indicated,Not indicated,Not indicated,Not indicated,Not indicated,Not indicated,Not indicated,Not indicated,Not indicated,Not indicated,Not indicated
local_listing,yellowpages-lead-walsenburg-insurance-center-walsenburg-huerfano,Walsenburg Insurance Center,Walsenburg,Huerfano,CO,Professional services,False,Hosted profile,,https://www.yellowpages.com/walsenburg-co/business-listings/1,Not indicated,Not indicated,Not indicated,Not indicated,Not indicated,Not indicated,Not indicated,Not indicated,Not indicated,Not indicated,Contact opportunity: Sponsorship contact,Contact opportunity: Cross-promotion contact
local_listing,walsenburg-jr-sr-high-school-huerfano-education,Walsenburg Jr./Sr. High School,Walsenburg,Huerfano,CO,Education & learning,False,Direct website,https://huerfano.k12.co.us,https://huerfano.k12.co.us,Not indicated,Not indicated,Not indicated,Not indicated,Not indicated,Not indicated,Not indicated,Not indicated,Not indicated,Not indicated,Not indicated,Not indicated
local_listing,yellowpages-lead-walsenburg-lumber-walsenburg-huerfano,Walsenburg Lumber,Walsenburg,Huerfano,CO,Local business or service,False,Hosted profile,,https://www.yellowpages.com/walsenburg-co/business-listings/1,Not indicated,Not indicated,Not indicated,Not indicated,Not indicated,Not indicated,Not indicated,Not indicated,Not indicated,Not indicated,Not indicated,Not indicated
local_listing,travel-guide-walsenburg-mercantile-walsenburg-huerfano,Walsenburg Mercantile,Walsenburg,Huerfano,CO,Retail & local goods,True,Direct website,https://www.walsenburgmercantile.com/,https://spanishpeakscountry.com/business-directory/categories/shopping; https://spanishpeakscountry.com/business-directory/listing/walsenburg-mercantile,Contact opportunity: Flyer/poster contact,Not indicated,Not indicated,Contact opportunity: Front-desk referral contact,Listed route: Existing directory profile,Not indicated,Not indicated,Not indicated,Not indicated,Not indicated,Not indicated,Not indicated
local_listing,walsenburg-mercantile-makers-directory-huerfano-local-makers-artists-entre,Walsenburg Mercantile makers directory,Walsenburg,Huerfano,CO,Retail & local goods,True,Direct website,https://www.walsenburgmercantile.com/,https://www.walsenburgmercantile.com/meet-our-vendors,Contact opportunity: Flyer/poster contact,Not indicated,Not indicated,Contact opportunity: Front-desk referral contact,Not indicated,Not indicated,Not indicated,Not indicated,Not indicated,Not indicated,Not indicated,Not indicated
local_listing,walsenburg-mercantile-meet-our-makers-directory-walsenburg-huerfano-digital-maker-and,Walsenburg Mercantile Meet Our Makers Directory,Walsenburg,Huerfano,CO,Arts & culture,False,Direct website,https://www.walsenburgmercantile.com/meet-our-vendors,https://www.walsenburgmercantile.com/meet-our-vendors,Not indicated,Not indicated,Not indicated,Not indicated,Not indicated,Not indicated,Not indicated,Not indicated,Not indicated,Not indicated,Not indicated,Not indicated
local_listing,walsenburg-studio-huerfano-art-studio-gallery,Walsenburg Studio,Walsenburg,Huerfano,CO,Arts & culture,True,Direct website,https://www.walsenburgstudio.com/,https://spanishpeakscountry.com/business-directory/categories/galleries; https://spanishpeakscountry.com/business-directory/categories/shopping; https://spanishpeakscountry.com/business-directory/listing/walsenburg-studio,Contact opportunity: Flyer/poster contact,Contact opportunity: Brochure/rack-card contact,Not indicated,Contact opportunity: Front-desk referral contact,Listed route: Existing directory profile,Not indicated,Not indicated,Not indicated,Not indicated,Not indicated,Not indicated,Contact opportunity: Cross-promotion contact
local_listing,yellowpages-lead-weber-water-well-drilling-pump-service-walsenburg-huerfano,Weber Water Well Drilling & Pump Service,Walsenburg,Huerfano,CO,Local business or service,False,Hosted profile,,https://www.yellowpages.com/walsenburg-co/business-listings/1,Not indicated,Not indicated,Not indicated,Not indicated,Not indicated,Not indicated,Not indicated,Not indicated,Not indicated,Not indicated,Not indicated,Contact opportunity: Cross-promotion contact
local_listing,yellowpages-lead-whispering-paws-walsenburg-huerfano,Whispering Paws,Walsenburg,Huerfano,CO,Local business or service,False,Hosted profile,,https://www.yellowpages.com/walsenburg-co/business-listings/1,Not indicated,Not indicated,Not indicated,Not indicated,Not indicated,Not indicated,Not indicated,Not indicated,Not indicated,Not indicated,Not indicated,Not indicated
local_listing,yellowpages-lead-ace-hardware-aguilar-las-animas,Ace Hardware,Aguilar,Las Animas,CO,Retail & local goods,False,Hosted profile,,https://www.yellowpages.com/aguilar-co,Not indicated,Not indicated,Not indicated,Not indicated,Not indicated,Not indicated,Not indicated,Not indicated,Not indicated,Not indicated,Contact opportunity: Sponsorship contact,Not indicated
local_listing,ace-hi-tavern-las-animas-bar,Ace-Hi Tavern,Aguilar,Las Animas,CO,Food & drink,True,Contact only,,,Contact opportunity: Flyer/poster contact,Not indicated,Not indicated,Contact opportunity: Front-desk referral contact,Not indicated,Not indicated,Not indicated,Not indicated,Not indicated,Not indicated,Not indicated,Not indicated
local_listing,aguilar-bakery-cafe-las-animas-bakery-cafe,Aguilar Bakery & Cafe,Aguilar,Las Animas,CO,Food & drink,True,Contact only,,,Contact opportunity: Flyer/poster contact,Not indicated,Not indicated,Contact opportunity: Front-desk referral contact,Not indicated,Not indicated,Not indicated,Not indicated,Not indicated,Not indicated,Not indicated,Not indicated
local_listing,aguilar-bar-grill-las-animas-restaurant-bar,Aguilar Bar & Grill,Aguilar,Las Animas,CO,Food & drink,True,Contact only,,,Contact opportunity: Flyer/poster contact,Not indicated,Not indicated,Contact opportunity: Front-desk referral contact,Not indicated,Not indicated,Not indicated,Not indicated,Not indicated,Not indicated,Not indicated,Not indicated
local_listing,aguilar-country-cottages-las-animas-lodging,Aguilar Country Cottages,Aguilar,Las Animas,CO,Lodging & stays,True,Direct website,https://aguilarcountrycottages.com,https://aguilarcountrycottages.com,Contact opportunity: Flyer/poster contact,Contact opportunity: Brochure/rack-card contact,Not indicated,Contact opportunity: Front-desk referral contact,Not indicated,Not indicated,Not indicated,Not indicated,Not indicated,Not indicated,Not indicated,Not indicated
local_listing,yellowpages-lead-aguilar-elementary-school-aguilar-las-animas,Aguilar Elementary School,Aguilar,Las Animas,CO,Education & learning,False,Hosted profile,,https://www.yellowpages.com/aguilar-co,Not indicated,Not indicated,Not indicated,Not indicated,Not indicated,Not indicated,Not indicated,Not indicated,Not indicated,Not indicated,Not indicated,Not indicated
local_listing,yellowpages-lead-aguilar-public-library-aguilar-las-animas,Aguilar Public Library,Aguilar,Las Animas,CO,Education & learning,False,Hosted profile,,https://www.yellowpages.com/aguilar-co,Not indicated,Not indicated,Not indicated,Not indicated,Not indicated,Contact opportunity: Event calendar contact,Not indicated,Contact opportunity: Newsletter contact,Not indicated,Not indicated,Not indicated,Not indicated
local_listing,branson-bike-club-branson-hi-lo-gravel-grinder-las-animas-recreation-eve,Branson Bike Club / Branson Hi-Lo Gravel Grinder,Aguilar,Las Animas,CO,Events & venues,False,No online link,,,Not indicated,Not indicated,Not indicated,Not indicated,Not indicated,Not indicated,Not indicated,Not indicated,Not indicated,Not indicated,Not indicated,Not indicated
local_listing,branson-community-church-las-animas-faith-community,Branson Community Church,Aguilar,Las Animas,CO,Nonprofit & community,False,No online link,,,Not indicated,Not indicated,Not indicated,Not indicated,Not indicated,Not indicated,Not indicated,Not indicated,Not indicated,Not indicated,Not indicated,Not indicated
local_listing,branson-school-branson-school-online-las-animas-education,Branson School / Branson School Online,Aguilar,Las Animas,CO,Education & learning,False,Direct website,https://bransonschoolonline.com,https://bransonschoolonline.com,Not indicated,Not indicated,Not indicated,Not indicated,Not indicated,Not indicated,Not indicated,Not indicated,Not indicated,Not indicated,Not indicated,Not indicated
local_listing,branson-trinchera-reunion-las-animas-community-event,Branson-Trinchera Reunion,Aguilar,Las Animas,CO,Events & venues,False,No online link,,,Not indicated,Not indicated,Not indicated,Not indicated,Not indicated,Not indicated,Not indicated,Not indicated,Not indicated,Not indicated,Not indicated,Not indicated
local_listing,cokedale-mining-museum-town-hall-post-office-complex-las-animas-museum-g,Cokedale Mining Museum / Town Hall / Post Office complex,Aguilar,Las Animas,CO,Arts & culture,False,No online link,,,Not indicated,Not indicated,Not indicated,Not indicated,Not indicated,Not indicated,Not indicated,Not indicated,Not indicated,Not indicated,Not indicated,Not indicated
local_listing,yellowpages-lead-exit-30-bbq-cafe-aguilar-las-animas,Exit 30 BBQ & Cafe,Aguilar,Las Animas,CO,Food & drink,False,Hosted profile,,https://www.yellowpages.com/aguilar-co,Not indicated,Not indicated,Not indicated,Not indicated,Not indicated,Not indicated,Not indicated,Not indicated,Not indicated,Not indicated,Not indicated,Not indicated
local_listing,hoehne-post-office-las-animas-government-service,Hoehne Post Office,Aguilar,Las Animas,CO,Public offices,False,No online link,,,Not indicated,Not indicated,Not indicated,Not indicated,Not indicated,Not indicated,Not indicated,Not indicated,Not indicated,Not indicated,Not indicated,Not indicated
local_listing,louden-community-library-las-animas-library-community-venue,Louden Community Library,Aguilar,Las Animas,CO,Events & venues,False,Contact only,,,Not indicated,Not indicated,Not indicated,Not indicated,Not indicated,Contact opportunity: Event calendar contact,Not indicated,Contact opportunity: Newsletter contact,Not indicated,Not indicated,Contact opportunity: Sponsorship contact,Contact opportunity: Cross-promotion contact
local_listing,ol-e-smokes-las-animas-retail,Ol'e Smokes,Aguilar,Las Animas,CO,Retail & local goods,True,Contact only,,,Contact opportunity: Flyer/poster contact,Not indicated,Not indicated,Contact opportunity: Front-desk referral contact,Not indicated,Not indicated,Not indicated,Not indicated,Not indicated,Not indicated,Not indicated,Not indicated
local_listing,our-lady-of-guadalupe-church-and-medina-cemetery-las-animas-heritage-cul,Our Lady of Guadalupe Church and Medina Cemetery,Aguilar,Las Animas,CO,Nonprofit & community,False,No online link,,,Not indicated,Not indicated,Not indicated,Not indicated,Not indicated,Not indicated,Not indicated,Not indicated,Not indicated,Not indicated,Not indicated,Not indicated
local_listing,yellowpages-lead-ringo-s-food-market-aguilar-las-animas,Ringo's Food Market,Aguilar,Las Animas,CO,Food & drink,False,Hosted profile,,https://www.yellowpages.com/aguilar-co,Not indicated,Not indicated,Not indicated,Not indicated,Not indicated,Not indicated,Not indicated,Not indicated,Not indicated,Not indicated,Not indicated,Not indicated
local_listing,the-station-las-animas-restaurant-bar-venue,The Station,Aguilar,Las Animas,CO,Events & venues,True,Direct website,https://aguilarstation.com,https://aguilarstation.com,Contact opportunity: Flyer/poster contact,Not indicated,Not indicated,Contact opportunity: Front-desk referral contact,Not indicated,Contact opportunity: Event calendar contact,Not indicated,Not indicated,Not indicated,Not indicated,Contact opportunity: Sponsorship contact,Contact opportunity: Cross-promotion contact
local_listing,yellowpages-lead-tina-s-family-cafe-aguilar-las-animas,Tina's Family Cafe,Aguilar,Las Animas,CO,Food & drink,False,Hosted profile,,https://www.yellowpages.com/aguilar-co,Not indicated,Not indicated,Not indicated,Not indicated,Not indicated,Not indicated,Not indicated,Not indicated,Not indicated,Not indicated,Not indicated,Not indicated
local_listing,yellowpages-lead-tjs-mechnical-aguilar-las-animas,Tjs Mechnical Inc,Aguilar,Las Animas,CO,Local business or service,False,Hosted profile,,https://www.yellowpages.com/aguilar-co,Not indicated,Not indicated,Not indicated,Not indicated,Not indicated,Not indicated,Not indicated,Not indicated,Not indicated,Not indicated,Not indicated,Not indicated
local_listing,town-of-branson-las-animas-government-community-hub,Town of Branson,Aguilar,Las Animas,CO,Nonprofit & community,False,Direct website,https://bransoncolorado.com,https://bransoncolorado.com,Not indicated,Not indicated,Not indicated,Not indicated,Not indicated,Not indicated,Not indicated,Not indicated,Not indicated,Not indicated,Not indicated,Not indicated
local_listing,u-s-post-office-branson-las-animas-government-service,U.S. Post Office - Branson,Aguilar,Las Animas,CO,Public offices,False,No online link,,,Not indicated,Not indicated,Not indicated,Not indicated,Not indicated,Not indicated,Not indicated,Not indicated,Not indicated,Not indicated,Not indicated,Not indicated
local_listing,yellowpages-lead-united-states-postal-service-aguilar-las-animas,United States Postal Service,Aguilar,Las Animas,CO,Local business or service,False,Hosted profile,,https://www.yellowpages.com/aguilar-co,Not indicated,Not indicated,Not indicated,Not indicated,Not indicated,Not indicated,Not indicated,Not indicated,Not indicated,Not indicated,Not indicated,Contact opportunity: Cross-promotion contact
local_listing,weston-supply-u-s-post-office-las-animas-retail-service-postal,Weston Supply & U.S. Post Office,Aguilar,Las Animas,CO,Retail & local goods,False,No online link,,,Not indicated,Not indicated,Not indicated,Not indicated,Not indicated,Not indicated,Not indicated,Not indicated,Not indicated,Not indicated,Not indicated,Not indicated
local_listing,yellowpages-lead-wildlife-division-aguilar-las-animas,Wildlife Division,Aguilar,Las Animas,CO,Local business or service,False,Hosted profile,,https://www.yellowpages.com/aguilar-co,Not indicated,Not indicated,Not indicated,Not indicated,Not indicated,Not indicated,Not indicated,Not indicated,Not indicated,Not indicated,Not indicated,Not indicated
local_listing,boncarbo-las-animas-local listing-sparse-nodes,Boncarbo,Boncarbo,Las Animas,CO,Nonprofit & community,False,No online link,,,Not indicated,Not indicated,Not indicated,Not indicated,Not indicated,Not indicated,Not indicated,Not indicated,Not indicated,Not indicated,Not indicated,Not indicated
local_listing,trinchera-las-animas-local listing-sparse-nodes,Trinchera,Branson,Las Animas,CO,Nonprofit & community,False,No online link,,,Not indicated,Not indicated,Not indicated,Not indicated,Not indicated,Not indicated,Not indicated,Not indicated,Not indicated,Not indicated,Not indicated,Not indicated
local_listing,kim-las-animas-local listing-sparse-nodes,Kim,Kim,Las Animas,CO,Nonprofit & community,False,No online link,,,Not indicated,Not indicated,Not indicated,Not indicated,Not indicated,Not indicated,Not indicated,Not indicated,Not indicated,Not indicated,Not indicated,Not indicated
local_listing,model-las-animas-local listing-sparse-nodes,Model,Model,Las Animas,CO,Nonprofit & community,False,No online link,,,Not indicated,Not indicated,Not indicated,Not indicated,Not indicated,Not indicated,Not indicated,Not indicated,Not indicated,Not indicated,Not indicated,Not indicated
local_listing,segundo-las-animas-local listing-sparse-nodes,Segundo,Segundo,Las Animas,CO,Nonprofit & community,False,No online link,,,Not indicated,Not indicated,Not indicated,Not indicated,Not indicated,Not indicated,Not indicated,Not indicated,Not indicated,Not indicated,Not indicated,Not indicated
local_listing,starkville-las-animas-local listing-sparse-nodes,Starkville,Starkville,Las Animas,CO,Nonprofit & community,False,No online link,,,Not indicated,Not indicated,Not indicated,Not indicated,Not indicated,Not indicated,Not indicated,Not indicated,Not indicated,Not indicated,Not indicated,Not indicated
local_listing,2026-get-lit-literary-festival-and-trinidad-art-festival-trinidad-las-animas-writer-ar,2026 GET LIT Literary Festival and Trinidad Art Festival,Trinidad,Las Animas,CO,Arts & culture,False,Hosted profile,https://www.trinidadcreativedistrict.org/copy-of-2025-get-lit-literary-festival,https://www.trinidadcreativedistrict.org/copy-of-2025-get-lit-literary-festival,Not indicated,Not indicated,Not indicated,Not indicated,Not indicated,Contact opportunity: Event calendar contact,Not indicated,Contact opportunity: Newsletter contact,Not indicated,Not indicated,Contact opportunity: Sponsorship contact,Contact opportunity: Cross-promotion contact
local_listing,221b-gallery-las-animas-experimental-multi-disciplinary-gallery,221B Gallery,Trinidad,Las Animas,CO,Arts & culture,True,Direct website,https://221bgallery.com/; https://pug-okra-fbcs.squarespace.com,https://221bgallery.com/; https://www.trinidadcreativedistrict.org/arts-in-the-trinidad-colorado-community,Contact opportunity: Flyer/poster contact,Contact opportunity: Brochure/rack-card contact,Not indicated,Contact opportunity: Front-desk referral contact,Not indicated,Not indicated,Not indicated,Contact opportunity: Newsletter contact,Contact opportunity: Digital advertising contact,Contact opportunity: Pitch a story or announcement,Not indicated,Contact opportunity: Cross-promotion contact
local_listing,yellowpages-lead-a-1-automatics-towing-trinidad-las-animas,A-1 Automatics & Towing,Trinidad,Las Animas,CO,Local business or service,False,Hosted profile,,https://www.yellowpages.com/trinidad-co/business-listings/1,Not indicated,Not indicated,Not indicated,Not indicated,Not indicated,Not indicated,Not indicated,Not indicated,Not indicated,Not indicated,Not indicated,Contact opportunity: Cross-promotion contact
local_listing,a-r-mitchell-museum-of-western-art-las-animas-museum-arts,A.R. Mitchell Museum of Western Art,Trinidad,Las Animas,CO,Arts & culture,True,Direct website,https://armitchellmuseum.com/,https://armitchellmuseum.com/; https://www.trinidadcreativedistrict.org/arts-in-the-trinidad-colorado-community; https://www.exploreraton.com/history; https://visittrinidadcolorado.com/shop/,Contact opportunity: Flyer/poster contact,Contact opportunity: Brochure/rack-card contact,Not indicated,Contact opportunity: Front-desk referral contact,Not indicated,Not indicated,Not indicated,Contact opportunity: Newsletter contact,Not indicated,Not indicated,Not indicated,Contact opportunity: Cross-promotion contact
local_listing,yellowpages-lead-advance-america-trinidad-las-animas,Advance America,Trinidad,Las Animas,CO,Local business or service,False,Hosted profile,,https://www.yellowpages.com/trinidad-co/business-listings/1,Not indicated,Not indicated,Not indicated,Not indicated,Not indicated,Not indicated,Not indicated,Not indicated,Not indicated,Not indicated,Not indicated,Not indicated
local_listing,yellowpages-lead-advanced-climate-solutions-trinidad-las-animas,Advanced Climate Solutions,Trinidad,Las Animas,CO,Local business or service,False,Hosted profile,,https://www.yellowpages.com/trinidad-co/business-listings/1,Not indicated,Not indicated,Not indicated,Not indicated,Not indicated,Not indicated,Not indicated,Not indicated,Not indicated,Not indicated,Not indicated,Not indicated
local_listing,yellowpages-lead-al-s-gas-service-trinidad-las-animas,Al's Gas Service,Trinidad,Las Animas,CO,Auto & transportation,False,Hosted profile,,https://www.yellowpages.com/trinidad-co/business-listings/1,Not indicated,Not indicated,Not indicated,Not indicated,Not indicated,Not indicated,Not indicated,Not indicated,Not indicated,Not indicated,Not indicated,Contact opportunity: Cross-promotion contact
local_listing,yellowpages-lead-all-that-is-energy-trinidad-las-animas,All That Is Energy,Trinidad,Las Animas,CO,Local business or service,False,Hosted profile,,https://www.yellowpages.com/trinidad-co/business-listings/1,Not indicated,Not indicated,Not indicated,Not indicated,Not indicated,Not indicated,Not indicated,Not indicated,Not indicated,Not indicated,Not indicated,Not indicated
local_listing,almack-s-kitchen-las-animas-restaurant,AlMack's Kitchen,Trinidad,Las Animas,CO,Food & drink,True,Direct website,https://almackskitchen.com,https://almackskitchen.com; https://visittrinidadcolorado.com/dine/; https://www.yellowpages.com/trinidad-co/business-listings/1,Contact opportunity: Flyer/poster contact,Not indicated,Not indicated,Contact opportunity: Front-desk referral contact,Not indicated,Not indicated,Not indicated,Not indicated,Contact opportunity: Digital advertising contact,Contact opportunity: Pitch a story or announcement,Not indicated,Contact opportunity: Cross-promotion contact
local_listing,yellowpages-lead-american-legion-trinidad-las-animas,American Legion,Trinidad,Las Animas,CO,Local business or service,False,Hosted profile,,https://www.yellowpages.com/trinidad-co/business-listings/1,Not indicated,Not indicated,Not indicated,Not indicated,Not indicated,Not indicated,Not indicated,Not indicated,Not indicated,Not indicated,Not indicated,Not indicated
local_listing,yellowpages-lead-american-paving-concrete-trinidad-las-animas,American Paving and Concrete,Trinidad,Las Animas,CO,Local business or service,False,Hosted profile,,https://www.yellowpages.com/trinidad-co/business-listings/1,Not indicated,Not indicated,Not indicated,Not indicated,Not indicated,Not indicated,Not indicated,Not indicated,Not indicated,Not indicated,Not indicated,Not indicated
local_listing,yellowpages-lead-apc-southern-trinidad-las-animas,APC Southern,Trinidad,Las Animas,CO,Local business or service,False,Hosted profile,,https://www.yellowpages.com/trinidad-co/business-listings/1,Not indicated,Not indicated,Not indicated,Not indicated,Not indicated,Not indicated,Not indicated,Not indicated,Not indicated,Not indicated,Not indicated,Not indicated
local_listing,yellowpages-lead-arm-n-hammer-construction-trinidad-las-animas,Arm N Hammer Construction Inc,Trinidad,Las Animas,CO,"Home, land & contracting",False,Hosted profile,,https://www.yellowpages.com/trinidad-co/business-listings/1,Not indicated,Not indicated,Not indicated,Not indicated,Not indicated,Not indicated,Not indicated,Not indicated,Not indicated,Not indicated,Contact opportunity: Sponsorship contact,Contact opportunity: Cross-promotion contact
local_listing,arts-culture-tourism-audiences-las-animas-las-animas-county-co,Arts/culture/tourism audiences,Trinidad,Las Animas,CO,Public offices,False,No online link,,,Not indicated,Not indicated,Not indicated,Not indicated,Not indicated,Not indicated,Not indicated,Not indicated,Not indicated,Not indicated,Not indicated,Not indicated
local_listing,travel-guide-ave-maria-shrine-trinidad-las-animas,Ave Maria Shrine,Trinidad,Las Animas,CO,Local business or service,False,Hosted profile,,https://visittrinidadcolorado.com/more-fun/,Not indicated,Not indicated,Not indicated,Not indicated,Not indicated,Not indicated,Not indicated,Not indicated,Not indicated,Not indicated,Not indicated,Not indicated
local_listing,yellowpages-lead-bealls-department-store-trinidad-las-animas,Bealls Department Store,Trinidad,Las Animas,CO,Local business or service,False,Hosted profile,,https://www.yellowpages.com/trinidad-co/business-listings/1,Not indicated,Not indicated,Not indicated,Not indicated,Not indicated,Not indicated,Not indicated,Not indicated,Not indicated,Not indicated,Not indicated,Not indicated
local_listing,yellowpages-lead-bella-luna-pizzeria-trinidad-las-animas,Bella Luna Pizzeria,Trinidad,Las Animas,CO,Local business or service,False,Hosted profile,,https://www.yellowpages.com/trinidad-co/business-listings/1,Not indicated,Not indicated,Not indicated,Not indicated,Not indicated,Not indicated,Not indicated,Not indicated,Not indicated,Not indicated,Not indicated,Not indicated
local_listing,travel-guide-bent-s-old-fort-national-historic-site-trinidad-las-animas,Bent's Old Fort National Historic Site,Trinidad,Las Animas,CO,Local business or service,False,Hosted profile,https://www.coloradodirectory.com/nationalparks/bentsfort.html,https://www.coloradodirectory.com/nationalparks/bentsfort.html; https://www.coloradodirectory.com/trinidad/,Not indicated,Not indicated,Not indicated,Not indicated,Listed route: Existing directory profile,Not indicated,Not indicated,Not indicated,Not indicated,Not indicated,Not indicated,Not indicated
local_listing,yellowpages-lead-big-o-tires-trinidad-las-animas,Big O Tires,Trinidad,Las Animas,CO,Local business or service,False,Hosted profile,,https://www.yellowpages.com/trinidad-co/business-listings/1,Not indicated,Not indicated,Not indicated,Not indicated,Not indicated,Not indicated,Not indicated,Not indicated,Not indicated,Not indicated,Not indicated,Contact opportunity: Cross-promotion contact
local_listing,yellowpages-lead-big-pine-realty-trinidad-las-animas,Big Pine Realty,Trinidad,Las Animas,CO,Professional services,False,Hosted profile,,https://www.yellowpages.com/trinidad-co/business-listings/1,Not indicated,Not indicated,Not indicated,Not indicated,Not indicated,Not indicated,Not indicated,Not indicated,Not indicated,Not indicated,Not indicated,Not indicated
local_listing,travel-guide-big-r-trinidad-las-animas,Big R,Trinidad,Las Animas,CO,Arts & culture,False,Hosted profile,,https://visittrinidadcolorado.com/shop/,Not indicated,Not indicated,Not indicated,Not indicated,Not indicated,Not indicated,Not indicated,Not indicated,Not indicated,Not indicated,Not indicated,Not indicated
local_listing,travel-guide-birding-and-wildlife-viewing-trinidad-las-animas,Birding & Wildlife Viewing,Trinidad,Las Animas,CO,Outdoor recreation,False,Hosted profile,,https://visittrinidadcolorado.com/outdoor-recreation/,Not indicated,Not indicated,Not indicated,Not indicated,Not indicated,Not indicated,Not indicated,Not indicated,Not indicated,Not indicated,Not indicated,Not indicated
local_listing,yellowpages-lead-bloom-house-trinidad-las-animas,Bloom House,Trinidad,Las Animas,CO,Local business or service,False,Hosted profile,,https://www.yellowpages.com/trinidad-co/business-listings/1,Not indicated,Not indicated,Not indicated,Not indicated,Not indicated,Not indicated,Not indicated,Not indicated,Not indicated,Not indicated,Not indicated,Not indicated
local_listing,yellowpages-lead-blue-diamond-builders-trinidad-las-animas,Blue Diamond Builders Inc,Trinidad,Las Animas,CO,Local business or service,False,Hosted profile,,https://www.yellowpages.com/trinidad-co/business-listings/1,Not indicated,Not indicated,Not indicated,Not indicated,Not indicated,Not indicated,Not indicated,Not indicated,Not indicated,Not indicated,Not indicated,Not indicated
local_listing,yellowpages-lead-bnsf-railway-company-trinidad-las-animas,BNSF Railway Company,Trinidad,Las Animas,CO,Local business or service,False,Hosted profile,,https://www.yellowpages.com/trinidad-co/business-listings/1,Not indicated,Not indicated,Not indicated,Not indicated,Not indicated,Not indicated,Not indicated,Not indicated,Not indicated,Not indicated,Not indicated,Not indicated
local_listing,bob-earl-s-las-animas-restaurant,Bob & Earl's,Trinidad,Las Animas,CO,Food & drink,True,Hosted profile,,https://visittrinidadcolorado.com/dine/,Contact opportunity: Flyer/poster contact,Not indicated,Not indicated,Contact opportunity: Front-desk referral contact,Not indicated,Not indicated,Not indicated,Not indicated,Contact opportunity: Digital advertising contact,Contact opportunity: Pitch a story or announcement,Not indicated,Contact opportunity: Cross-promotion contact
local_listing,yellowpages-lead-bob-earl-s-cafe-trinidad-las-animas,Bob & Earl's Cafe,Trinidad,Las Animas,CO,Food & drink,False,Hosted profile,,https://www.yellowpages.com/trinidad-co/business-listings/1,Not indicated,Not indicated,Not indicated,Not indicated,Not indicated,Not indicated,Not indicated,Not indicated,Not indicated,Not indicated,Not indicated,Not indicated
local_listing,yellowpages-lead-bombshells-salon-boutique-trinidad-las-animas,Bombshells Salon & Boutique,Trinidad,Las Animas,CO,Retail & local goods,False,Hosted profile,,https://www.yellowpages.com/trinidad-co/business-listings/1,Not indicated,Not indicated,Not indicated,Not indicated,Not indicated,Not indicated,Not indicated,Not indicated,Not indicated,Not indicated,Contact opportunity: Sponsorship contact,Not indicated
local_listing,travel-guide-books-and-more-trinidad-las-animas,Books & More Used Bookstore,Trinidad,Las Animas,CO,Education & learning,True,Hosted profile,https://carnegiepubliclibrary.org/about-us/friends-of-the-library/,https://carnegiepubliclibrary.org/about-us/friends-of-the-library/; https://visittrinidadcolorado.com/shop/,Contact opportunity: Flyer/poster contact,Not indicated,Contact opportunity: Bulletin-board contact,Contact opportunity: Front-desk referral contact,Not indicated,Contact opportunity: Event calendar contact,Not indicated,Contact opportunity: Newsletter contact,Not indicated,Not indicated,Not indicated,Not indicated
local_listing,boom-noodles-las-animas-restaurant,Boom Noodles,Trinidad,Las Animas,CO,Food & drink,True,Contact only,,,Contact opportunity: Flyer/poster contact,Not indicated,Not indicated,Contact opportunity: Front-desk referral contact,Not indicated,Not indicated,Not indicated,Not indicated,Contact opportunity: Digital advertising contact,Contact opportunity: Pitch a story or announcement,Not indicated,Contact opportunity: Cross-promotion contact
local_listing,travel-guide-boom-noodles-food-court-at-marketplace-trinidad-las-animas,Boom Noodles (Food Court at the Marketplace),Trinidad,Las Animas,CO,Food & drink,False,Hosted profile,,https://visittrinidadcolorado.com/dine/,Not indicated,Not indicated,Not indicated,Not indicated,Not indicated,Not indicated,Not indicated,Not indicated,Not indicated,Not indicated,Not indicated,Not indicated
local_listing,brick-city-tattoo-las-animas-tattoo-studio,Brick City Tattoo,Trinidad,Las Animas,CO,Arts & culture,True,Hosted profile,https://www.facebook.com/Brickcitytattooparlor/,https://visittrinidadcolorado.com/shop/,Contact opportunity: Flyer/poster contact,Not indicated,Not indicated,Not indicated,Listed route: Existing directory profile,Not indicated,Contact opportunity: Social-sharing contact,Not indicated,Not indicated,Not indicated,Not indicated,Contact opportunity: Cross-promotion contact
local_listing,brick-road-bakery-las-animas-bakery-cafe,Brick Road Bakery,Trinidad,Las Animas,CO,Food & drink,True,Hosted profile,,https://visittrinidadcolorado.com/dine/; https://visittrinidadcolorado.com/shop/,Contact opportunity: Flyer/poster contact,Not indicated,Not indicated,Contact opportunity: Front-desk referral contact,Listed route: Existing directory profile,Not indicated,Not indicated,Not indicated,Not indicated,Not indicated,Not indicated,Not indicated
local_listing,yellowpages-lead-brix-trinidad-las-animas,Brix,Trinidad,Las Animas,CO,Local business or service,False,Hosted profile,,https://www.yellowpages.com/trinidad-co/business-listings/1,Not indicated,Not indicated,Not indicated,Not indicated,Not indicated,Not indicated,Not indicated,Not indicated,Not indicated,Not indicated,Not indicated,Not indicated
local_listing,budget-host-summit-rv-park-las-animas-motel-rv-park,Budget Host & Summit RV Park,Trinidad,Las Animas,CO,Lodging & stays,True,Hosted profile,,https://visittrinidadcolorado.com/stay/,Contact opportunity: Flyer/poster contact,Contact opportunity: Brochure/rack-card contact,Not indicated,Contact opportunity: Front-desk referral contact,Not indicated,Not indicated,Not indicated,Not indicated,Contact opportunity: Digital advertising contact,Contact opportunity: Pitch a story or announcement,Not indicated,Contact opportunity: Cross-promotion contact
local_listing,yellowpages-lead-burger-king-trinidad-las-animas,Burger King,Trinidad,Las Animas,CO,Local business or service,False,Hosted profile,,https://www.yellowpages.com/trinidad-co/business-listings/1,Not indicated,Not indicated,Not indicated,Not indicated,Not indicated,Not indicated,Not indicated,Not indicated,Not indicated,Not indicated,Contact opportunity: Sponsorship contact,Not indicated
local_listing,yellowpages-lead-casa-village-apartments-trinidad-las-animas,Casa Village Apartments,Trinidad,Las Animas,CO,Public offices,False,Hosted profile,,https://www.yellowpages.com/trinidad-co/business-listings/1,Not indicated,Not indicated,Not indicated,Not indicated,Not indicated,Not indicated,Not indicated,Not indicated,Not indicated,Not indicated,Not indicated,Not indicated
local_listing,cawthon-rv-park-motel-las-animas-motel-rv-park,Cawthon RV Park & Motel,Trinidad,Las Animas,CO,Lodging & stays,True,Direct website,https://cawthonpark.com,https://cawthonpark.com; https://visittrinidadcolorado.com/stay/,Contact opportunity: Flyer/poster contact,Contact opportunity: Brochure/rack-card contact,Not indicated,Contact opportunity: Front-desk referral contact,Not indicated,Not indicated,Not indicated,Not indicated,Contact opportunity: Digital advertising contact,Contact opportunity: Pitch a story or announcement,Not indicated,Contact opportunity: Cross-promotion contact
local_listing,yellowpages-lead-cedar-street-printing-trinidad-las-animas,Cedar Street Printing,Trinidad,Las Animas,CO,Local business or service,False,Hosted profile,,https://www.yellowpages.com/trinidad-co/business-listings/1,Not indicated,Not indicated,Not indicated,Not indicated,Not indicated,Not indicated,Not indicated,Not indicated,Not indicated,Not indicated,Not indicated,Not indicated
local_listing,yellowpages-lead-chef-liu-s-chinese-restaurant-trinidad-las-animas,Chef Liu's Chinese Restaurant,Trinidad,Las Animas,CO,Food & drink,False,Hosted profile,,https://www.yellowpages.com/trinidad-co/business-listings/1,Not indicated,Not indicated,Not indicated,Not indicated,Not indicated,Not indicated,Not indicated,Not indicated,Not indicated,Not indicated,Not indicated,Not indicated
local_listing,yellowpages-lead-church-of-nazarene-trinidad-las-animas,Church of the Nazarene,Trinidad,Las Animas,CO,Nonprofit & community,False,Hosted profile,,https://www.yellowpages.com/trinidad-co/business-listings/1,Not indicated,Not indicated,Not indicated,Not indicated,Not indicated,Not indicated,Not indicated,Contact opportunity: Newsletter contact,Not indicated,Not indicated,Not indicated,Not indicated
local_listing,yellowpages-lead-city-of-trinidad-trinidad-las-animas,City of Trinidad,Trinidad,Las Animas,CO,Public offices,False,Hosted profile,,https://www.yellowpages.com/trinidad-co/business-listings/1,Not indicated,Not indicated,Not indicated,Not indicated,Not indicated,Not indicated,Not indicated,Not indicated,Not indicated,Not indicated,Not indicated,Not indicated
local_listing,city-of-trinidad-grants-page-las-animas,City of Trinidad Grants Page,Trinidad,Las Animas,CO,Funding & support,False,Hosted profile,https://www.trinidad.co.gov/services/grants.php,https://www.trinidad.co.gov/services/grants.php,Not indicated,Not indicated,Not indicated,Not indicated,Not indicated,Not indicated,Not indicated,Contact opportunity: Newsletter contact,Not indicated,Not indicated,Not indicated,Contact opportunity: Cross-promotion contact
local_listing,yellowpages-lead-classic-cuts-trinidad-las-animas,Classic Cuts,Trinidad,Las Animas,CO,Local business or service,False,Hosted profile,,https://www.yellowpages.com/trinidad-co/business-listings/1,Not indicated,Not indicated,Not indicated,Not indicated,Not indicated,Not indicated,Not indicated,Not indicated,Not indicated,Not indicated,Not indicated,Not indicated
local_listing,travel-guide-coach-john-gagliardi-sports-complex-and-trinidad-community-center-trinidad-las-animas,Coach John Gagliardi Sports Complex & Trinidad Community Center,Trinidad,Las Animas,CO,Nonprofit & community,False,Hosted profile,,https://visittrinidadcolorado.com/more-fun/,Not indicated,Not indicated,Not indicated,Not indicated,Not indicated,Contact opportunity: Event calendar contact,Not indicated,Not indicated,Not indicated,Not indicated,Not indicated,Not indicated
local_listing,yellowpages-lead-coatney-michael-w-do-trinidad-las-animas,"Coatney, Michael W, DO",Trinidad,Las Animas,CO,Local business or service,False,Hosted profile,,https://www.yellowpages.com/trinidad-co/business-listings/1,Not indicated,Not indicated,Not indicated,Not indicated,Not indicated,Not indicated,Not indicated,Not indicated,Not indicated,Not indicated,Not indicated,Not indicated
local_listing,travel-guide-coin-dancer-antiques-trinidad-las-animas,Coin Dancer Antiques,Trinidad,Las Animas,CO,Arts & culture,False,Hosted profile,,https://visittrinidadcolorado.com/shop/,Not indicated,Not indicated,Not indicated,Not indicated,Not indicated,Not indicated,Not indicated,Not indicated,Not indicated,Not indicated,Not indicated,Not indicated
local_listing,yellowpages-lead-colorado-cdl-training-school-trinidad-las-animas,Colorado CDL Training School,Trinidad,Las Animas,CO,Business support,False,Hosted profile,,https://www.yellowpages.com/trinidad-co/business-listings/1,Not indicated,Not indicated,Not indicated,Not indicated,Not indicated,Not indicated,Not indicated,Not indicated,Not indicated,Not indicated,Not indicated,Not indicated
local_listing,yellowpages-lead-colorado-farm-bureau-insurance-trinidad-las-animas,Colorado Farm Bureau Insurance,Trinidad,Las Animas,CO,Professional services,False,Hosted profile,,https://www.yellowpages.com/trinidad-co/business-listings/1,Not indicated,Not indicated,Not indicated,Not indicated,Not indicated,Not indicated,Not indicated,Not indicated,Not indicated,Not indicated,Contact opportunity: Sponsorship contact,Not indicated
local_listing,yellowpages-lead-colorado-floors-blinds-trinidad-las-animas,Colorado Floors And Blinds,Trinidad,Las Animas,CO,Local business or service,False,Hosted profile,,https://www.yellowpages.com/trinidad-co/business-listings/1,Not indicated,Not indicated,Not indicated,Not indicated,Not indicated,Not indicated,Not indicated,Not indicated,Not indicated,Not indicated,Not indicated,Not indicated
local_listing,yellowpages-lead-colorado-land-properties-trinidad-las-animas,Colorado Land & Properties,Trinidad,Las Animas,CO,Local business or service,False,Hosted profile,,https://www.yellowpages.com/trinidad-co/business-listings/1,Not indicated,Not indicated,Not indicated,Not indicated,Not indicated,Not indicated,Not indicated,Not indicated,Not indicated,Not indicated,Not indicated,Not indicated
local_listing,yellowpages-lead-colorado-state-government-trinidad-las-animas,Colorado State Government,Trinidad,Las Animas,CO,Public offices,False,Hosted profile,,https://www.yellowpages.com/trinidad-co/business-listings/1,Not indicated,Not indicated,Not indicated,Not indicated,Not indicated,Not indicated,Not indicated,Not indicated,Not indicated,Not indicated,Not indicated,Not indicated
local_listing,travel-guide-colorado-welcome-center-at-trinidad-trinidad-las-animas,Colorado Welcome Center at Trinidad,Trinidad,Las Animas,CO,Local business or service,False,Hosted profile,https://www.coloradodirectory.com/welcometrinidad,https://www.coloradodirectory.com/trinidad/; https://www.coloradodirectory.com/welcometrinidad,Not indicated,Not indicated,Not indicated,Not indicated,Listed route: Existing directory profile,Not indicated,Not indicated,Not indicated,Not indicated,Not indicated,Not indicated,Not indicated
local_listing,yellowpages-lead-coloradomountainspirit-com-trinidad-las-animas,ColoradoMountainSpirit.com,Trinidad,Las Animas,CO,Local business or service,False,Hosted profile,,https://www.yellowpages.com/trinidad-co/business-listings/1,Not indicated,Not indicated,Not indicated,Not indicated,Not indicated,Not indicated,Not indicated,Not indicated,Not indicated,Not indicated,Not indicated,Not indicated
local_listing,the-commons-space-to-create-las-animas-exhibition-space-rentable-arts-venu,The Commons @ Space to Create,Trinidad,Las Animas,CO,Arts & culture,True,Hosted profile,https://www.trinidadcreativedistrict.org/the-commons,https://www.trinidadcreativedistrict.org/arts-in-the-trinidad-colorado-community; https://www.trinidadcreativedistrict.org/the-commons,Contact opportunity: Flyer/poster contact,Not indicated,Not indicated,Contact opportunity: Front-desk referral contact,Not indicated,Contact opportunity: Event calendar contact,Not indicated,Contact opportunity: Newsletter contact,Not indicated,Not indicated,Contact opportunity: Sponsorship contact,Contact opportunity: Cross-promotion contact
local_listing,travel-guide-compton-ridge-clothiers-trinidad-las-animas,Compton Ridge Clothiers,Trinidad,Las Animas,CO,Arts & culture,False,Hosted profile,,https://visittrinidadcolorado.com/shop/,Not indicated,Not indicated,Not indicated,Not indicated,Not indicated,Not indicated,Not indicated,Not indicated,Not indicated,Not indicated,Not indicated,Not indicated
local_listing,yellowpages-lead-conoco-trinidad-las-animas,Conoco,Trinidad,Las Animas,CO,Local business or service,False,Hosted profile,,https://www.yellowpages.com/trinidad-co/business-listings/1,Not indicated,Not indicated,Not indicated,Not indicated,Not indicated,Not indicated,Not indicated,Not indicated,Not indicated,Not indicated,Contact opportunity: Sponsorship contact,Not indicated
local_listing,yellowpages-lead-cooke-motor-company-trinidad-las-animas,Cooke Motor Company,Trinidad,Las Animas,CO,Local business or service,False,Hosted profile,,https://www.yellowpages.com/trinidad-co/business-listings/1,Not indicated,Not indicated,Not indicated,Not indicated,Not indicated,Not indicated,Not indicated,Not indicated,Not indicated,Not indicated,Not indicated,Not indicated
local_listing,corazon-gallery-las-animas-nonprofit-gallery-local-artist-venue,Corazon Gallery,Trinidad,Las Animas,CO,Arts & culture,True,Direct website,https://www.corazongallery.org/,https://visittrinidadcolorado.com/shop/; https://www.trinidadcreativedistrict.org/arts-in-the-trinidad-colorado-community,Contact opportunity: Flyer/poster contact,Contact opportunity: Brochure/rack-card contact,Contact opportunity: Bulletin-board contact,Contact opportunity: Front-desk referral contact,Not indicated,Contact opportunity: Event calendar contact,Not indicated,Contact opportunity: Newsletter contact,Not indicated,Not indicated,Contact opportunity: Sponsorship contact,Contact opportunity: Cross-promotion contact
local_listing,corazon-gallery-las-animas-trinidad,Corazón Gallery / Corazón Art League,Trinidad,Las Animas,CO,Arts & culture,True,Direct website,https://www.corazongallery.org/,https://www.trinidadcreativedistrict.org/arts-in-the-trinidad-colorado-community,Contact opportunity: Flyer/poster contact,Contact opportunity: Brochure/rack-card contact,Contact opportunity: Bulletin-board contact,Contact opportunity: Front-desk referral contact,Not indicated,Not indicated,Not indicated,Contact opportunity: Newsletter contact,Not indicated,Not indicated,Not indicated,Contact opportunity: Cross-promotion contact
local_listing,yellowpages-lead-corner-shop-cafe-trinidad-las-animas,The Corner Shop Cafe,Trinidad,Las Animas,CO,Food & drink,False,Hosted profile,,https://www.yellowpages.com/trinidad-co/business-listings/1,Not indicated,Not indicated,Not indicated,Not indicated,Not indicated,Not indicated,Not indicated,Not indicated,Not indicated,Not indicated,Not indicated,Not indicated
local_listing,yellowpages-lead-corradino-auto-body-radiator-trinidad-las-animas,Corradino Auto Body & Radiator,Trinidad,Las Animas,CO,Auto & transportation,False,Hosted profile,,https://www.yellowpages.com/trinidad-co/business-listings/1,Not indicated,Not indicated,Not indicated,Not indicated,Not indicated,Not indicated,Not indicated,Not indicated,Not indicated,Not indicated,Not indicated,Contact opportunity: Cross-promotion contact
local_listing,yellowpages-lead-corral-paint-trinidad-las-animas,Corral Paint,Trinidad,Las Animas,CO,Local business or service,False,Hosted profile,,https://www.yellowpages.com/trinidad-co/business-listings/1,Not indicated,Not indicated,Not indicated,Not indicated,Not indicated,Not indicated,Not indicated,Not indicated,Not indicated,Not indicated,Not indicated,Not indicated
local_listing,yellowpages-lead-corral-pawn-trading-post-trinidad-las-animas,Corral Pawn & Trading Post,Trinidad,Las Animas,CO,Local business or service,False,Hosted profile,,https://www.yellowpages.com/trinidad-co/business-listings/1,Not indicated,Not indicated,Not indicated,Not indicated,Not indicated,Not indicated,Not indicated,Not indicated,Not indicated,Not indicated,Not indicated,Not indicated
local_listing,yellowpages-lead-county-government-colorado-trinidad-las-animas,County Government Colorado,Trinidad,Las Animas,CO,Public offices,False,Hosted profile,,https://www.yellowpages.com/trinidad-co/business-listings/1,Not indicated,Not indicated,Not indicated,Not indicated,Not indicated,Not indicated,Not indicated,Not indicated,Not indicated,Not indicated,Not indicated,Not indicated
local_listing,create-trinidad-arts-in-the-community-directory-trinidad-las-animas-digital-arts-galle,CREATE Trinidad Arts in the Community Directory,Trinidad,Las Animas,CO,Arts & culture,False,Direct website,https://www.trinidadcreativedistrict.org/arts-in-the-trinidad-colorado-community,https://www.trinidadcreativedistrict.org/arts-in-the-trinidad-colorado-community,Not indicated,Not indicated,Not indicated,Not indicated,Not indicated,Contact opportunity: Event calendar contact,Not indicated,Contact opportunity: Newsletter contact,Not indicated,Not indicated,Contact opportunity: Sponsorship contact,Contact opportunity: Cross-promotion contact
local_listing,create-trinidad-campaigns-and-registration-portal-trinidad-las-animas-creative-grant-t,CREATE Trinidad Campaigns and Registration Portal,Trinidad,Las Animas,CO,Funding & support,False,Direct website,https://app.seemylegacy.com/community/2682/campaign/7906,https://app.seemylegacy.com/community/2682/campaign/7906,Not indicated,Not indicated,Not indicated,Not indicated,Not indicated,Not indicated,Not indicated,Contact opportunity: Newsletter contact,Not indicated,Not indicated,Not indicated,Contact opportunity: Cross-promotion contact
local_listing,create-trinidad-las-animas-creative-district-cultural-hub,CREATE Trinidad / Corazon de Trinidad Creative District,Trinidad,Las Animas,CO,Arts & culture,False,Direct website,https://www.trinidadcreativedistrict.org/about,https://www.trinidadcreativedistrict.org/about,Not indicated,Not indicated,Not indicated,Not indicated,Not indicated,Not indicated,Not indicated,Contact opportunity: Newsletter contact,Not indicated,Not indicated,Not indicated,Contact opportunity: Cross-promotion contact
local_listing,yellowpages-lead-cricket-wireless-authorized-retailer-trinidad-las-animas,Cricket Wireless Authorized Retailer,Trinidad,Las Animas,CO,Retail & local goods,False,Hosted profile,,https://www.yellowpages.com/trinidad-co/business-listings/1,Not indicated,Not indicated,Not indicated,Not indicated,Not indicated,Not indicated,Not indicated,Not indicated,Not indicated,Not indicated,Not indicated,Not indicated
local_listing,curly-s-beads-and-gift-shop-las-animas-beads-gift-shop-creative-retail,Curly's Beads and Gift Shop,Trinidad,Las Animas,CO,Arts & culture,True,Hosted profile,,https://visittrinidadcolorado.com/shop/,Contact opportunity: Flyer/poster contact,Not indicated,Not indicated,Contact opportunity: Front-desk referral contact,Listed route: Existing directory profile,Not indicated,Not indicated,Not indicated,Not indicated,Not indicated,Not indicated,Not indicated
local_listing,yellowpages-lead-curves-trinidad-las-animas,Curves,Trinidad,Las Animas,CO,Local business or service,False,Hosted profile,,https://www.yellowpages.com/trinidad-co/business-listings/1,Not indicated,Not indicated,Not indicated,Not indicated,Not indicated,Not indicated,Not indicated,Not indicated,Not indicated,Not indicated,Not indicated,Contact opportunity: Cross-promotion contact
local_listing,yellowpages-lead-cut-curl-trinidad-las-animas,Cut & Curl,Trinidad,Las Animas,CO,Local business or service,False,Hosted profile,,https://www.yellowpages.com/trinidad-co/business-listings/1,Not indicated,Not indicated,Not indicated,Not indicated,Not indicated,Not indicated,Not indicated,Not indicated,Not indicated,Not indicated,Not indicated,Not indicated
local_listing,yellowpages-lead-d-n-v-plumbing-heating-trinidad-las-animas,D-N-V Plumbing & Heating,Trinidad,Las Animas,CO,"Home, land & contracting",False,Hosted profile,,https://www.yellowpages.com/trinidad-co/business-listings/1,Not indicated,Not indicated,Not indicated,Not indicated,Not indicated,Not indicated,Not indicated,Not indicated,Not indicated,Not indicated,Contact opportunity: Sponsorship contact,Contact opportunity: Cross-promotion contact
local_listing,days-inn-suites-by-wyndham-las-animas-hotel,Days Inn & Suites by Wyndham,Trinidad,Las Animas,CO,Lodging & stays,True,Hosted profile,,https://visittrinidadcolorado.com/stay/,Contact opportunity: Flyer/poster contact,Contact opportunity: Brochure/rack-card contact,Not indicated,Contact opportunity: Front-desk referral contact,Not indicated,Not indicated,Not indicated,Not indicated,Contact opportunity: Digital advertising contact,Contact opportunity: Pitch a story or announcement,Not indicated,Contact opportunity: Cross-promotion contact
local_listing,yellowpages-lead-days-inn-suites-by-wyndham-trinidad-trinidad-las-animas,Days Inn & Suites by Wyndham Trinidad,Trinidad,Las Animas,CO,Lodging & stays,False,Hosted profile,,https://www.yellowpages.com/trinidad-co/business-listings/1,Not indicated,Not indicated,Not indicated,Not indicated,Not indicated,Not indicated,Not indicated,Not indicated,Not indicated,Not indicated,Contact opportunity: Sponsorship contact,Not indicated
local_listing,yellowpages-lead-deluxe-hair-studio-trinidad-las-animas,Deluxe Hair Studio,Trinidad,Las Animas,CO,Arts & culture,False,Hosted profile,,https://www.yellowpages.com/trinidad-co/business-listings/1,Not indicated,Not indicated,Not indicated,Not indicated,Not indicated,Not indicated,Not indicated,Not indicated,Not indicated,Not indicated,Not indicated,Not indicated
local_listing,yellowpages-lead-diamond-t-trinidad-las-animas,Diamond T,Trinidad,Las Animas,CO,Local business or service,False,Hosted profile,,https://www.yellowpages.com/trinidad-co/business-listings/1,Not indicated,Not indicated,Not indicated,Not indicated,Not indicated,Not indicated,Not indicated,Not indicated,Not indicated,Not indicated,Not indicated,Not indicated
local_listing,yellowpages-lead-dinky-s-grooming-shop-trinidad-las-animas,Dinky's Grooming Shop,Trinidad,Las Animas,CO,Retail & local goods,False,Hosted profile,,https://www.yellowpages.com/trinidad-co/business-listings/1,Not indicated,Not indicated,Not indicated,Not indicated,Not indicated,Not indicated,Not indicated,Not indicated,Not indicated,Not indicated,Not indicated,Not indicated
local_listing,yellowpages-lead-dochter-lumber-sawmill-trinidad-las-animas,Dochter Lumber & Sawmill Co,Trinidad,Las Animas,CO,Local business or service,False,Hosted profile,,https://www.yellowpages.com/trinidad-co/business-listings/1,Not indicated,Not indicated,Not indicated,Not indicated,Not indicated,Not indicated,Not indicated,Not indicated,Not indicated,Not indicated,Not indicated,Not indicated
local_listing,yellowpages-lead-domino-s-pizza-trinidad-las-animas,Domino's Pizza,Trinidad,Las Animas,CO,Food & drink,False,Hosted profile,,https://www.yellowpages.com/trinidad-co/business-listings/1,Not indicated,Not indicated,Not indicated,Not indicated,Not indicated,Not indicated,Not indicated,Not indicated,Not indicated,Not indicated,Contact opportunity: Sponsorship contact,Not indicated
local_listing,yellowpages-lead-dotter-abstract-trinidad-las-animas,Dotter Abstract Co,Trinidad,Las Animas,CO,Local business or service,False,Hosted profile,,https://www.yellowpages.com/trinidad-co/business-listings/1,Not indicated,Not indicated,Not indicated,Not indicated,Not indicated,Not indicated,Not indicated,Not indicated,Not indicated,Not indicated,Not indicated,Not indicated
local_listing,travel-guide-doug-and-lori-art-trinidad-las-animas,Doug and Lori Art,Trinidad,Las Animas,CO,Arts & culture,False,Hosted profile,,https://visittrinidadcolorado.com/shop/,Not indicated,Not indicated,Not indicated,Not indicated,Not indicated,Not indicated,Not indicated,Not indicated,Not indicated,Not indicated,Not indicated,Not indicated
local_listing,doug-and-lori-holdread-s-art-gallery-las-animas-artist-gallery,Doug and Lori Holdread's Art Gallery,Trinidad,Las Animas,CO,Arts & culture,True,Direct website,https://dougandlori.art/,https://www.trinidadcreativedistrict.org/arts-in-the-trinidad-colorado-community,Contact opportunity: Flyer/poster contact,Contact opportunity: Brochure/rack-card contact,Not indicated,Contact opportunity: Front-desk referral contact,Not indicated,Not indicated,Not indicated,Contact opportunity: Newsletter contact,Not indicated,Not indicated,Not indicated,Contact opportunity: Cross-promotion contact
local_listing,yellowpages-lead-dr-brian-nazeri-dds-trinidad-las-animas,"Dr. Brian Nazeri, DDS",Trinidad,Las Animas,CO,Local business or service,False,Hosted profile,,https://www.yellowpages.com/trinidad-co/business-listings/1,Not indicated,Not indicated,Not indicated,Not indicated,Not indicated,Not indicated,Not indicated,Not indicated,Not indicated,Not indicated,Not indicated,Not indicated
local_listing,east-street-school-las-animas-creative-community-gallery-class-space,East Street School,Trinidad,Las Animas,CO,Arts & culture,True,Direct website,https://www.eaststreetschool.com/; https://www.eaststreetschool.com/programs,https://www.trinidadcreativedistrict.org/arts-in-the-trinidad-colorado-community,Contact opportunity: Flyer/poster contact,Contact opportunity: Brochure/rack-card contact,Contact opportunity: Bulletin-board contact,Contact opportunity: Front-desk referral contact,Not indicated,Contact opportunity: Event calendar contact,Not indicated,Contact opportunity: Newsletter contact,Not indicated,Not indicated,Contact opportunity: Sponsorship contact,Contact opportunity: Cross-promotion contact
local_listing,yellowpages-lead-eds-renovations-colo-lic-gen-contractor-trinidad-las-animas,Eds Renovations Colo lic Gen Contractor,Trinidad,Las Animas,CO,"Home, land & contracting",False,Hosted profile,,https://www.yellowpages.com/trinidad-co/business-listings/1,Not indicated,Not indicated,Not indicated,Not indicated,Not indicated,Not indicated,Not indicated,Not indicated,Not indicated,Not indicated,Contact opportunity: Sponsorship contact,Contact opportunity: Cross-promotion contact
local_listing,el-rancho-mexican-restaurant-las-animas-restaurant,El Rancho Mexican Restaurant,Trinidad,Las Animas,CO,Food & drink,True,Hosted profile,,https://visittrinidadcolorado.com/dine/,Contact opportunity: Flyer/poster contact,Not indicated,Not indicated,Contact opportunity: Front-desk referral contact,Not indicated,Not indicated,Not indicated,Not indicated,Contact opportunity: Digital advertising contact,Contact opportunity: Pitch a story or announcement,Not indicated,Contact opportunity: Cross-promotion contact
local_listing,yellowpages-lead-elks-home-trinidad-las-animas,Elks Home,Trinidad,Las Animas,CO,Local business or service,False,Hosted profile,,https://www.yellowpages.com/trinidad-co/business-listings/1,Not indicated,Not indicated,Not indicated,Not indicated,Not indicated,Not indicated,Not indicated,Not indicated,Not indicated,Not indicated,Not indicated,Not indicated
local_listing,yellowpages-lead-elks-lodge-trinidad-las-animas,Elks Lodge,Trinidad,Las Animas,CO,Lodging & stays,False,Hosted profile,,https://www.yellowpages.com/trinidad-co/business-listings/1,Not indicated,Not indicated,Not indicated,Not indicated,Not indicated,Not indicated,Not indicated,Not indicated,Not indicated,Not indicated,Not indicated,Not indicated
local_listing,yellowpages-lead-f-o-e-eagles-trinidad-las-animas,F O E Eagles,Trinidad,Las Animas,CO,Local business or service,False,Hosted profile,,https://www.yellowpages.com/trinidad-co/business-listings/1,Not indicated,Not indicated,Not indicated,Not indicated,Not indicated,Not indicated,Not indicated,Not indicated,Not indicated,Not indicated,Not indicated,Not indicated
local_listing,yellowpages-lead-fair-auto-sales-trinidad-las-animas,Fair Auto Sales,Trinidad,Las Animas,CO,Auto & transportation,False,Hosted profile,,https://www.yellowpages.com/trinidad-co/business-listings/1,Not indicated,Not indicated,Not indicated,Not indicated,Not indicated,Not indicated,Not indicated,Not indicated,Not indicated,Not indicated,Not indicated,Contact opportunity: Cross-promotion contact
local_listing,family-seed-ii-las-animas-restaurant,Family Seed II,Trinidad,Las Animas,CO,Food & drink,True,Hosted profile,,https://visittrinidadcolorado.com/dine/,Contact opportunity: Flyer/poster contact,Not indicated,Not indicated,Contact opportunity: Front-desk referral contact,Not indicated,Not indicated,Not indicated,Not indicated,Contact opportunity: Digital advertising contact,Contact opportunity: Pitch a story or announcement,Not indicated,Contact opportunity: Cross-promotion contact
local_listing,yellowpages-lead-fastenal-company-trinidad-las-animas,Fastenal Company,Trinidad,Las Animas,CO,Local business or service,False,Hosted profile,,https://www.yellowpages.com/trinidad-co/business-listings/1,Not indicated,Not indicated,Not indicated,Not indicated,Not indicated,Not indicated,Not indicated,Not indicated,Not indicated,Not indicated,Not indicated,Not indicated
local_listing,yellowpages-lead-fernandez-plumbing-heating-supply-trinidad-las-animas,Fernandez Plumbing-Heating & Supply,Trinidad,Las Animas,CO,"Home, land & contracting",False,Hosted profile,,https://www.yellowpages.com/trinidad-co/business-listings/1,Not indicated,Not indicated,Not indicated,Not indicated,Not indicated,Not indicated,Not indicated,Not indicated,Not indicated,Not indicated,Contact opportunity: Sponsorship contact,Contact opportunity: Cross-promotion contact
local_listing,yellowpages-lead-fh-w-trinidad-las-animas,FH&W Inc,Trinidad,Las Animas,CO,Local business or service,False,Hosted profile,,https://www.yellowpages.com/trinidad-co/business-listings/1,Not indicated,Not indicated,Not indicated,Not indicated,Not indicated,Not indicated,Not indicated,Not indicated,Not indicated,Not indicated,Not indicated,Not indicated
local_listing,yellowpages-lead-first-pentecostal-church-of-trinidad-trinidad-las-animas,First Pentecostal Church of Trinidad,Trinidad,Las Animas,CO,Nonprofit & community,False,Hosted profile,,https://www.yellowpages.com/trinidad-co/business-listings/1,Not indicated,Not indicated,Not indicated,Not indicated,Not indicated,Not indicated,Not indicated,Contact opportunity: Newsletter contact,Not indicated,Not indicated,Not indicated,Not indicated
local_listing,yellowpages-lead-first-united-methodist-church-trinidad-las-animas,First United Methodist Church,Trinidad,Las Animas,CO,Nonprofit & community,False,Hosted profile,,https://www.yellowpages.com/trinidad-co/business-listings/1,Not indicated,Not indicated,Not indicated,Not indicated,Not indicated,Not indicated,Not indicated,Contact opportunity: Newsletter contact,Not indicated,Not indicated,Not indicated,Not indicated
local_listing,yellowpages-lead-fisher-s-peak-community-church-trinidad-las-animas,Fisher's Peak Community Church,Trinidad,Las Animas,CO,Nonprofit & community,False,Hosted profile,,https://www.yellowpages.com/trinidad-co/business-listings/1,Not indicated,Not indicated,Not indicated,Not indicated,Not indicated,Not indicated,Not indicated,Contact opportunity: Newsletter contact,Not indicated,Not indicated,Not indicated,Not indicated
local_listing,travel-guide-fishers-peak-outfitters-trinidad-las-animas,Fishers Peak Outfitters,Trinidad,Las Animas,CO,Arts & culture,False,Hosted profile,,https://visittrinidadcolorado.com/shop/,Not indicated,Not indicated,Not indicated,Not indicated,Not indicated,Not indicated,Not indicated,Not indicated,Not indicated,Not indicated,Not indicated,Not indicated
local_listing,fishers-peak-state-park-las-animas-outdoor-recreation-tourism,Fishers Peak State Park,Trinidad,Las Animas,CO,Tourism & visitor info,False,Hosted profile,,https://visittrinidadcolorado.com/state-parks/,Not indicated,Not indicated,Not indicated,Not indicated,Not indicated,Not indicated,Not indicated,Not indicated,Contact opportunity: Digital advertising contact,Contact opportunity: Pitch a story or announcement,Not indicated,Contact opportunity: Cross-promotion contact
local_listing,flatt-s-burgers-shakes-las-animas-restaurant,Flatt's Burgers & Shakes,Trinidad,Las Animas,CO,Food & drink,True,Direct website,https://flattsburger.com,https://flattsburger.com,Contact opportunity: Flyer/poster contact,Not indicated,Not indicated,Contact opportunity: Front-desk referral contact,Not indicated,Not indicated,Not indicated,Not indicated,Contact opportunity: Digital advertising contact,Contact opportunity: Pitch a story or announcement,Not indicated,Contact opportunity: Cross-promotion contact
local_listing,travel-guide-flatt-s-burgers-and-shakes-food-court-at-marketplace-trinidad-las-animas,Flatt's Burgers & Shakes (Food Court at the Marketplace),Trinidad,Las Animas,CO,Food & drink,False,Hosted profile,,https://visittrinidadcolorado.com/dine/,Not indicated,Not indicated,Not indicated,Not indicated,Not indicated,Not indicated,Not indicated,Not indicated,Not indicated,Not indicated,Not indicated,Not indicated
local_listing,yellowpages-lead-fox-theatre-trinidad-las-animas,Fox Theatre,Trinidad,Las Animas,CO,Events & venues,False,Hosted profile,,https://www.yellowpages.com/trinidad-co/business-listings/1,Not indicated,Not indicated,Not indicated,Not indicated,Not indicated,Contact opportunity: Event calendar contact,Not indicated,Not indicated,Not indicated,Not indicated,Contact opportunity: Sponsorship contact,Not indicated
local_listing,travel-guide-francesca-s-trinidad-las-animas,Francesca's,Trinidad,Las Animas,CO,Arts & culture,False,Hosted profile,,https://visittrinidadcolorado.com/shop/,Not indicated,Not indicated,Not indicated,Not indicated,Not indicated,Not indicated,Not indicated,Not indicated,Not indicated,Not indicated,Not indicated,Not indicated
local_listing,frank-images-las-animas-photography-image-business,Frank Images,Trinidad,Las Animas,CO,Arts & culture,True,Hosted profile,,https://visittrinidadcolorado.com/shop/,Not indicated,Not indicated,Not indicated,Not indicated,Listed route: Existing directory profile,Not indicated,Not indicated,Not indicated,Not indicated,Not indicated,Not indicated,Not indicated
local_listing,gagliardi-s-489-las-animas-restaurant,Gagliardi's 489,Trinidad,Las Animas,CO,Food & drink,True,Direct website,https://gagliardis489.com,https://gagliardis489.com,Contact opportunity: Flyer/poster contact,Not indicated,Not indicated,Contact opportunity: Front-desk referral contact,Not indicated,Not indicated,Not indicated,Not indicated,Contact opportunity: Digital advertising contact,Contact opportunity: Pitch a story or announcement,Not indicated,Contact opportunity: Cross-promotion contact
local_listing,travel-guide-gagliardi-s-489-at-hilton-garden-inn-trinidad-las-animas,Gagliardi's 489 (At the Hilton Garden Inn),Trinidad,Las Animas,CO,Food & drink,False,Hosted profile,,https://visittrinidadcolorado.com/dine/,Not indicated,Not indicated,Not indicated,Not indicated,Not indicated,Not indicated,Not indicated,Not indicated,Not indicated,Not indicated,Not indicated,Not indicated
local_listing,travel-guide-gears-rv-park-convenience-store-exit-30-restaurant-trinidad-las-animas,"Gears RV Park, Convenience Store, Exit 30 Restaurant",Trinidad,Las Animas,CO,Lodging & stays,False,Hosted profile,https://www.coloradodirectory.com/gears-rv-park,https://www.coloradodirectory.com/gears-rv-park; https://www.coloradodirectory.com/trinidad/,Not indicated,Not indicated,Not indicated,Not indicated,Listed route: Existing directory profile,Not indicated,Not indicated,Not indicated,Not indicated,Not indicated,Not indicated,Not indicated
local_listing,travel-guide-geocaching-at-trinidad-lake-state-park-trinidad-las-animas,Geocaching at Trinidad Lake State Park,Trinidad,Las Animas,CO,Outdoor recreation,False,Hosted profile,,https://visittrinidadcolorado.com/more-fun/,Not indicated,Not indicated,Not indicated,Not indicated,Not indicated,Not indicated,Not indicated,Not indicated,Not indicated,Not indicated,Not indicated,Not indicated
local_listing,yellowpages-lead-gibbs-construction-trinidad-las-animas,Gibbs Construction,Trinidad,Las Animas,CO,"Home, land & contracting",False,Hosted profile,,https://www.yellowpages.com/trinidad-co/business-listings/1,Not indicated,Not indicated,Not indicated,Not indicated,Not indicated,Not indicated,Not indicated,Not indicated,Not indicated,Not indicated,Contact opportunity: Sponsorship contact,Contact opportunity: Cross-promotion contact
local_listing,gluten-free-in-the-303-las-animas-specialty-food,Gluten Free in the 303,Trinidad,Las Animas,CO,Food & drink,True,Direct website,https://glutenfreeinthe303.com,https://glutenfreeinthe303.com; https://visittrinidadcolorado.com/dine/,Contact opportunity: Flyer/poster contact,Not indicated,Not indicated,Contact opportunity: Front-desk referral contact,Not indicated,Not indicated,Not indicated,Not indicated,Contact opportunity: Digital advertising contact,Contact opportunity: Pitch a story or announcement,Not indicated,Contact opportunity: Cross-promotion contact
local_listing,travel-guide-grampa-charlie-s-trinidad-las-animas,Grampa Charlie's,Trinidad,Las Animas,CO,Food & drink,False,Hosted profile,,https://visittrinidadcolorado.com/dine/,Not indicated,Not indicated,Not indicated,Not indicated,Not indicated,Not indicated,Not indicated,Not indicated,Not indicated,Not indicated,Not indicated,Not indicated
local_listing,yellowpages-lead-grease-monkey-trinidad-las-animas,Grease Monkey,Trinidad,Las Animas,CO,Local business or service,False,Hosted profile,,https://www.yellowpages.com/trinidad-co/business-listings/1,Not indicated,Not indicated,Not indicated,Not indicated,Not indicated,Not indicated,Not indicated,Not indicated,Not indicated,Not indicated,Not indicated,Not indicated
local_listing,travel-guide-great-wall-trinidad-las-animas,Great Wall,Trinidad,Las Animas,CO,Food & drink,False,Hosted profile,,https://visittrinidadcolorado.com/dine/; https://www.yellowpages.com/trinidad-co/business-listings/1,Not indicated,Not indicated,Not indicated,Not indicated,Not indicated,Not indicated,Not indicated,Not indicated,Not indicated,Not indicated,Not indicated,Not indicated
local_listing,great-wall-restaurant-las-animas-restaurant,Great Wall Restaurant,Trinidad,Las Animas,CO,Food & drink,True,Contact only,,,Contact opportunity: Flyer/poster contact,Not indicated,Not indicated,Contact opportunity: Front-desk referral contact,Not indicated,Not indicated,Not indicated,Not indicated,Contact opportunity: Digital advertising contact,Contact opportunity: Pitch a story or announcement,Not indicated,Contact opportunity: Cross-promotion contact
local_listing,grill-14-las-animas-restaurant,Grill 14,Trinidad,Las Animas,CO,Food & drink,True,Direct website,https://grill14.com,https://grill14.com,Contact opportunity: Flyer/poster contact,Not indicated,Not indicated,Contact opportunity: Front-desk referral contact,Not indicated,Not indicated,Not indicated,Not indicated,Contact opportunity: Digital advertising contact,Contact opportunity: Pitch a story or announcement,Not indicated,Contact opportunity: Cross-promotion contact
local_listing,travel-guide-grill-14-food-court-at-marketplace-trinidad-las-animas,Grill 14 (Food Court at the Marketplace),Trinidad,Las Animas,CO,Food & drink,False,Hosted profile,,https://visittrinidadcolorado.com/dine/,Not indicated,Not indicated,Not indicated,Not indicated,Not indicated,Not indicated,Not indicated,Not indicated,Not indicated,Not indicated,Not indicated,Not indicated
local_listing,yellowpages-lead-h-r-block-trinidad-las-animas,H&R Block,Trinidad,Las Animas,CO,Local business or service,False,Hosted profile,,https://www.yellowpages.com/trinidad-co/business-listings/1,Not indicated,Not indicated,Not indicated,Not indicated,Not indicated,Not indicated,Not indicated,Not indicated,Not indicated,Not indicated,Contact opportunity: Sponsorship contact,Not indicated
local_listing,yellowpages-lead-hartman-joseph-od-trinidad-las-animas,"Hartman, Joseph, OD",Trinidad,Las Animas,CO,Local business or service,False,Hosted profile,,https://www.yellowpages.com/trinidad-co/business-listings/1,Not indicated,Not indicated,Not indicated,Not indicated,Not indicated,Not indicated,Not indicated,Not indicated,Not indicated,Not indicated,Not indicated,Not indicated
local_listing,heritage-school-at-trinidad-state-las-animas-creative-classes-heritage-ski,Heritage School at Trinidad State,Trinidad,Las Animas,CO,Arts & culture,False,Hosted profile,https://www.facebook.com/southernrockiesheritageschool,https://www.trinidadcreativedistrict.org/arts-in-the-trinidad-colorado-community,Not indicated,Not indicated,Not indicated,Not indicated,Not indicated,Not indicated,Contact opportunity: Social-sharing contact,Contact opportunity: Newsletter contact,Not indicated,Not indicated,Not indicated,Contact opportunity: Cross-promotion contact
local_listing,yellowpages-lead-hibbett-sports-trinidad-las-animas,Hibbett Sports,Trinidad,Las Animas,CO,Local business or service,False,Hosted profile,,https://www.yellowpages.com/trinidad-co/business-listings/1,Not indicated,Not indicated,Not indicated,Not indicated,Not indicated,Not indicated,Not indicated,Not indicated,Not indicated,Not indicated,Not indicated,Not indicated
local_listing,hilton-garden-inn-las-animas-hotel,Hilton Garden Inn,Trinidad,Las Animas,CO,Lodging & stays,True,Hosted profile,,https://visittrinidadcolorado.com/stay/,Contact opportunity: Flyer/poster contact,Contact opportunity: Brochure/rack-card contact,Not indicated,Contact opportunity: Front-desk referral contact,Not indicated,Not indicated,Not indicated,Not indicated,Contact opportunity: Digital advertising contact,Contact opportunity: Pitch a story or announcement,Not indicated,Contact opportunity: Cross-promotion contact
local_listing,hoehne-school-district-re-3-las-animas-education-community-hub,Hoehne School District RE-3,Trinidad,Las Animas,CO,Education & learning,True,Direct website,https://hoehnesd.org,https://hoehnesd.org,Contact opportunity: Flyer/poster contact,Not indicated,Contact opportunity: Bulletin-board contact,Not indicated,Not indicated,Not indicated,Not indicated,Contact opportunity: Newsletter contact,Not indicated,Not indicated,Not indicated,Contact opportunity: Cross-promotion contact
local_listing,holiday-inn-express-and-suites-las-animas-hotel,Holiday Inn Express and Suites,Trinidad,Las Animas,CO,Lodging & stays,True,Hosted profile,,https://visittrinidadcolorado.com/stay/,Contact opportunity: Flyer/poster contact,Contact opportunity: Brochure/rack-card contact,Not indicated,Contact opportunity: Front-desk referral contact,Not indicated,Not indicated,Not indicated,Not indicated,Contact opportunity: Digital advertising contact,Contact opportunity: Pitch a story or announcement,Not indicated,Contact opportunity: Cross-promotion contact
local_listing,yellowpages-lead-holiday-inn-suites-trinidad-las-animas,Holiday Inn & Suites,Trinidad,Las Animas,CO,Lodging & stays,False,Hosted profile,,https://www.yellowpages.com/trinidad-co/business-listings/1,Not indicated,Not indicated,Not indicated,Not indicated,Not indicated,Not indicated,Not indicated,Not indicated,Not indicated,Not indicated,Contact opportunity: Sponsorship contact,Not indicated
local_listing,hollywood-bar-cafe-las-animas-bar-cafe,Hollywood Bar & Café,Trinidad,Las Animas,CO,Food & drink,True,Direct website,https://hollywoodbarandcafe.com,https://hollywoodbarandcafe.com; https://visittrinidadcolorado.com/dine/,Contact opportunity: Flyer/poster contact,Not indicated,Not indicated,Contact opportunity: Front-desk referral contact,Not indicated,Not indicated,Not indicated,Not indicated,Contact opportunity: Digital advertising contact,Contact opportunity: Pitch a story or announcement,Not indicated,Contact opportunity: Cross-promotion contact
local_listing,travel-guide-hometown-pharmacy-and-medical-trinidad-las-animas,Hometown Pharmacy and Medical,Trinidad,Las Animas,CO,Arts & culture,False,Hosted profile,,https://visittrinidadcolorado.com/shop/,Not indicated,Not indicated,Not indicated,Not indicated,Not indicated,Not indicated,Not indicated,Not indicated,Not indicated,Not indicated,Not indicated,Not indicated
local_listing,travel-guide-hops-and-vines-trinidad-las-animas,Hops & Vines,Trinidad,Las Animas,CO,Arts & culture,False,Hosted profile,,https://visittrinidadcolorado.com/shop/,Not indicated,Not indicated,Not indicated,Not indicated,Not indicated,Not indicated,Not indicated,Not indicated,Not indicated,Not indicated,Not indicated,Not indicated
local_listing,travel-guide-i-love-sugar-trinidad-las-animas,I Love Sugar,Trinidad,Las Animas,CO,Arts & culture,False,Hosted profile,,https://visittrinidadcolorado.com/shop/,Not indicated,Not indicated,Not indicated,Not indicated,Not indicated,Not indicated,Not indicated,Not indicated,Not indicated,Not indicated,Not indicated,Not indicated
local_listing,i-love-sugar-sweets-eats-las-animas-sweets-cafe,I Love Sugar Sweets & Eats,Trinidad,Las Animas,CO,Food & drink,True,Hosted profile,,https://visittrinidadcolorado.com/dine/,Contact opportunity: Flyer/poster contact,Not indicated,Not indicated,Contact opportunity: Front-desk referral contact,Not indicated,Not indicated,Not indicated,Not indicated,Contact opportunity: Digital advertising contact,Contact opportunity: Pitch a story or announcement,Not indicated,Contact opportunity: Cross-promotion contact
local_listing,yellowpages-lead-inbank-trinidad-las-animas,InBank,Trinidad,Las Animas,CO,Local business or service,False,Hosted profile,,https://www.yellowpages.com/trinidad-co/business-listings/1,Not indicated,Not indicated,Not indicated,Not indicated,Not indicated,Not indicated,Not indicated,Not indicated,Not indicated,Not indicated,Contact opportunity: Sponsorship contact,Contact opportunity: Cross-promotion contact
local_listing,yellowpages-lead-j-j-motors-trinidad-las-animas,J & J Motors Inc,Trinidad,Las Animas,CO,Local business or service,False,Hosted profile,,https://www.yellowpages.com/trinidad-co/business-listings/1,Not indicated,Not indicated,Not indicated,Not indicated,Not indicated,Not indicated,Not indicated,Not indicated,Not indicated,Not indicated,Not indicated,Not indicated
local_listing,yellowpages-lead-j-m-tire-trinidad-las-animas,J.M. Tire Inc,Trinidad,Las Animas,CO,Auto & transportation,False,Hosted profile,,https://www.yellowpages.com/trinidad-co/business-listings/1,Not indicated,Not indicated,Not indicated,Not indicated,Not indicated,Not indicated,Not indicated,Not indicated,Not indicated,Not indicated,Not indicated,Contact opportunity: Cross-promotion contact
local_listing,yellowpages-lead-j-m-towing-trinidad-las-animas,J M Towing,Trinidad,Las Animas,CO,Local business or service,False,Hosted profile,,https://www.yellowpages.com/trinidad-co/business-listings/1,Not indicated,Not indicated,Not indicated,Not indicated,Not indicated,Not indicated,Not indicated,Not indicated,Not indicated,Not indicated,Not indicated,Not indicated
local_listing,yellowpages-lead-jm-tire-auto-repair-trinidad-las-animas,JM Tire and Auto Repair,Trinidad,Las Animas,CO,Auto & transportation,False,Hosted profile,,https://www.yellowpages.com/trinidad-co/business-listings/1,Not indicated,Not indicated,Not indicated,Not indicated,Not indicated,Not indicated,Not indicated,Not indicated,Not indicated,Not indicated,Not indicated,Contact opportunity: Cross-promotion contact
local_listing,yellowpages-lead-joe-febbraro-trinidad-las-animas,Joe Febbraro,Trinidad,Las Animas,CO,Local business or service,False,Hosted profile,,https://www.yellowpages.com/trinidad-co/business-listings/1,Not indicated,Not indicated,Not indicated,Not indicated,Not indicated,Not indicated,Not indicated,Not indicated,Not indicated,Not indicated,Not indicated,Not indicated
local_listing,yellowpages-lead-jp-carpet-service-trinidad-las-animas,JP Carpet Service,Trinidad,Las Animas,CO,Local business or service,False,Hosted profile,,https://www.yellowpages.com/trinidad-co/business-listings/1,Not indicated,Not indicated,Not indicated,Not indicated,Not indicated,Not indicated,Not indicated,Not indicated,Not indicated,Not indicated,Not indicated,Contact opportunity: Cross-promotion contact
local_listing,travel-guide-jupiter-s-child-trinidad-las-animas,Jupiter's Child,Trinidad,Las Animas,CO,Arts & culture,False,Hosted profile,,https://visittrinidadcolorado.com/shop/,Not indicated,Not indicated,Not indicated,Not indicated,Not indicated,Not indicated,Not indicated,Not indicated,Not indicated,Not indicated,Not indicated,Not indicated
local_listing,yellowpages-lead-just-architectural-engnrng-trinidad-las-animas,Just Architectural & Engnrng,Trinidad,Las Animas,CO,Local business or service,False,Hosted profile,,https://www.yellowpages.com/trinidad-co/business-listings/1,Not indicated,Not indicated,Not indicated,Not indicated,Not indicated,Not indicated,Not indicated,Not indicated,Not indicated,Not indicated,Not indicated,Not indicated
local_listing,kangaroo-coffee-las-animas-coffee,Kangaroo Coffee,Trinidad,Las Animas,CO,Food & drink,True,Direct website,https://kangaroocoffeellc.com,https://kangaroocoffeellc.com,Contact opportunity: Flyer/poster contact,Not indicated,Not indicated,Contact opportunity: Front-desk referral contact,Not indicated,Not indicated,Not indicated,Not indicated,Contact opportunity: Digital advertising contact,Contact opportunity: Pitch a story or announcement,Not indicated,Contact opportunity: Cross-promotion contact
local_listing,travel-guide-kangaroo-coffee-food-court-at-marketplace-trinidad-las-animas,Kangaroo Coffee (Food Court at the Marketplace),Trinidad,Las Animas,CO,Food & drink,False,Hosted profile,,https://visittrinidadcolorado.com/dine/,Not indicated,Not indicated,Not indicated,Not indicated,Not indicated,Not indicated,Not indicated,Not indicated,Not indicated,Not indicated,Not indicated,Not indicated
local_listing,travel-guide-kcrt-radio-station-trinidad-las-animas,KCRT Radio Station,Trinidad,Las Animas,CO,Arts & culture,False,Hosted profile,,https://visittrinidadcolorado.com/shop/,Not indicated,Not indicated,Not indicated,Not indicated,Not indicated,Contact opportunity: Event calendar contact,Not indicated,Contact opportunity: Newsletter contact,Contact opportunity: Digital advertising contact,Contact opportunity: Pitch a story or announcement,Contact opportunity: Sponsorship contact,Contact opportunity: Cross-promotion contact
local_listing,yellowpages-lead-kelly-s-towing-automotive-repair-trinidad-las-animas,Kelly's Towing & Automotive Repair,Trinidad,Las Animas,CO,Local business or service,False,Hosted profile,,https://www.yellowpages.com/trinidad-co/business-listings/1,Not indicated,Not indicated,Not indicated,Not indicated,Not indicated,Not indicated,Not indicated,Not indicated,Not indicated,Not indicated,Not indicated,Contact opportunity: Cross-promotion contact
local_listing,yellowpages-lead-kinder-morgan-trinidad-las-animas,Kinder Morgan,Trinidad,Las Animas,CO,Local business or service,False,Hosted profile,,https://www.yellowpages.com/trinidad-co/business-listings/1,Not indicated,Not indicated,Not indicated,Not indicated,Not indicated,Not indicated,Not indicated,Not indicated,Not indicated,Not indicated,Not indicated,Not indicated
local_listing,la-quinta-inn-suites-las-animas-hotel,La Quinta Inn & Suites,Trinidad,Las Animas,CO,Lodging & stays,True,Hosted profile,,https://visittrinidadcolorado.com/stay/,Contact opportunity: Flyer/poster contact,Contact opportunity: Brochure/rack-card contact,Not indicated,Contact opportunity: Front-desk referral contact,Not indicated,Not indicated,Not indicated,Not indicated,Contact opportunity: Digital advertising contact,Contact opportunity: Pitch a story or announcement,Not indicated,Contact opportunity: Cross-promotion contact
local_listing,las-animas-county-trinidad-las-animas-social-media-digital-presence,Las Animas County / Trinidad,Trinidad,Las Animas,CO,Media & news,False,Hosted profile,https://www.trinidad.co.gov,https://www.trinidad.co.gov; https://www.visittrinidadcolorado.com,Not indicated,Not indicated,Not indicated,Not indicated,Not indicated,Not indicated,Not indicated,Not indicated,Contact opportunity: Digital advertising contact,Contact opportunity: Pitch a story or announcement,Not indicated,Contact opportunity: Cross-promotion contact
local_listing,yellowpages-lead-las-animas-county-assessor-trinidad-las-animas,Las Animas County Assessor,Trinidad,Las Animas,CO,Public offices,False,Hosted profile,,https://www.yellowpages.com/trinidad-co/business-listings/1,Not indicated,Not indicated,Not indicated,Not indicated,Not indicated,Not indicated,Not indicated,Not indicated,Not indicated,Not indicated,Not indicated,Not indicated
local_listing,yellowpages-lead-las-animas-county-government-trinidad-las-animas,Las Animas County Government,Trinidad,Las Animas,CO,Public offices,False,Hosted profile,,https://www.yellowpages.com/trinidad-co/business-listings/1,Not indicated,Not indicated,Not indicated,Not indicated,Not indicated,Not indicated,Not indicated,Not indicated,Not indicated,Not indicated,Not indicated,Not indicated
local_listing,las-animas-county-co-trinidad-aguilar-branson-cokedale-kim-starkville-un,"Las Animas County, CO Trinidad, Aguilar, Branson, Cokedale, Kim, Starkville & unincorporated communities",Trinidad,Las Animas,CO,Public offices,False,Hosted profile,https://trinidad.co.gov,https://trinidad.co.gov,Not indicated,Not indicated,Not indicated,Not indicated,Not indicated,Not indicated,Not indicated,Not indicated,Not indicated,Not indicated,Not indicated,Not indicated
local_listing,las-animas-grill-las-animas-restaurant,Las Animas Grill,Trinidad,Las Animas,CO,Food & drink,True,Hosted profile,,https://visittrinidadcolorado.com/dine/,Contact opportunity: Flyer/poster contact,Not indicated,Not indicated,Contact opportunity: Front-desk referral contact,Not indicated,Not indicated,Not indicated,Not indicated,Contact opportunity: Digital advertising contact,Contact opportunity: Pitch a story or announcement,Not indicated,Contact opportunity: Cross-promotion contact
local_listing,las-animas-trinidad-las-animas-leading-local-pages-and-channels-to-watch,Las Animas / Trinidad,Trinidad,Las Animas,CO,Media & news,True,Hosted profile,https://trinidad.co.gov,https://trinidad.co.gov,Not indicated,Not indicated,Not indicated,Not indicated,Not indicated,Not indicated,Not indicated,Not indicated,Contact opportunity: Digital advertising contact,Contact opportunity: Pitch a story or announcement,Not indicated,Not indicated
local_listing,yellowpages-lead-law-office-of-nancy-lake-trinidad-las-animas,Law Office of Nancy Lake,Trinidad,Las Animas,CO,Local business or service,False,Hosted profile,,https://www.yellowpages.com/trinidad-co/business-listings/1,Not indicated,Not indicated,Not indicated,Not indicated,Not indicated,Not indicated,Not indicated,Not indicated,Not indicated,Not indicated,Contact opportunity: Sponsorship contact,Contact opportunity: Cross-promotion contact
local_listing,yellowpages-lead-lawrence-landscape-yd-mntnnc-trinidad-las-animas,Lawrence Landscape & Yd Mntnnc,Trinidad,Las Animas,CO,"Home, land & contracting",False,Hosted profile,,https://www.yellowpages.com/trinidad-co/business-listings/1,Not indicated,Not indicated,Not indicated,Not indicated,Not indicated,Not indicated,Not indicated,Not indicated,Not indicated,Not indicated,Contact opportunity: Sponsorship contact,Contact opportunity: Cross-promotion contact
local_listing,yellowpages-lead-lee-s-bar-b-q-trinidad-las-animas,Lee's Bar-B-Q,Trinidad,Las Animas,CO,Food & drink,False,Hosted profile,,https://www.yellowpages.com/trinidad-co/business-listings/1,Not indicated,Not indicated,Not indicated,Not indicated,Not indicated,Not indicated,Not indicated,Not indicated,Not indicated,Not indicated,Not indicated,Not indicated
local_listing,lee-s-bbq-las-animas-restaurant,Lee's BBQ,Trinidad,Las Animas,CO,Food & drink,True,Hosted profile,,https://visittrinidadcolorado.com/dine/,Contact opportunity: Flyer/poster contact,Not indicated,Not indicated,Contact opportunity: Front-desk referral contact,Not indicated,Not indicated,Not indicated,Not indicated,Contact opportunity: Digital advertising contact,Contact opportunity: Pitch a story or announcement,Not indicated,Contact opportunity: Cross-promotion contact
local_listing,yellowpages-lead-libertyx-bitcoin-atm-trinidad-las-animas,LibertyX Bitcoin ATM,Trinidad,Las Animas,CO,Local business or service,False,Hosted profile,,https://www.yellowpages.com/trinidad-co/business-listings/1,Not indicated,Not indicated,Not indicated,Not indicated,Not indicated,Not indicated,Not indicated,Not indicated,Not indicated,Not indicated,Not indicated,Not indicated
local_listing,yellowpages-lead-linda-s-alterations-trinidad-las-animas,Linda's Alterations,Trinidad,Las Animas,CO,Local business or service,False,Hosted profile,,https://www.yellowpages.com/trinidad-co/business-listings/1,Not indicated,Not indicated,Not indicated,Not indicated,Not indicated,Not indicated,Not indicated,Not indicated,Not indicated,Not indicated,Not indicated,Not indicated
local_listing,little-rox-s-ice-cream-shop-las-animas-dessert-retail-food,Little Rox's Ice Cream Shop,Trinidad,Las Animas,CO,Food & drink,True,Hosted profile,,https://visittrinidadcolorado.com/dine/,Contact opportunity: Flyer/poster contact,Not indicated,Not indicated,Contact opportunity: Front-desk referral contact,Not indicated,Not indicated,Not indicated,Not indicated,Contact opportunity: Digital advertising contact,Contact opportunity: Pitch a story or announcement,Not indicated,Contact opportunity: Cross-promotion contact
local_listing,yellowpages-lead-los-fuentes-landscpg-constr-trinidad-las-animas,Los Fuentes Landscpg & Constr,Trinidad,Las Animas,CO,Local business or service,False,Hosted profile,,https://www.yellowpages.com/trinidad-co/business-listings/1,Not indicated,Not indicated,Not indicated,Not indicated,Not indicated,Not indicated,Not indicated,Not indicated,Not indicated,Not indicated,Not indicated,Not indicated
local_listing,yellowpages-lead-low-buck-storage-trinidad-las-animas,Low Buck Storage,Trinidad,Las Animas,CO,Professional services,False,Hosted profile,,https://www.yellowpages.com/trinidad-co/business-listings/1,Not indicated,Not indicated,Not indicated,Not indicated,Not indicated,Not indicated,Not indicated,Not indicated,Not indicated,Not indicated,Contact opportunity: Sponsorship contact,Contact opportunity: Cross-promotion contact
local_listing,lucky-blue-tattoo-las-animas-tattoo-tooth-gem-studio,Lucky Blue Tattoo,Trinidad,Las Animas,CO,Arts & culture,True,Direct website,https://www.luckybluetattootrinidad.com/,https://www.luckybluetattootrinidad.com/,Contact opportunity: Flyer/poster contact,Not indicated,Not indicated,Not indicated,Not indicated,Not indicated,Not indicated,Not indicated,Not indicated,Not indicated,Not indicated,Not indicated
local_listing,yellowpages-lead-lucky-duck-trinidad-las-animas,Lucky Duck,Trinidad,Las Animas,CO,Local business or service,False,Hosted profile,,https://www.yellowpages.com/trinidad-co/business-listings/1,Not indicated,Not indicated,Not indicated,Not indicated,Not indicated,Not indicated,Not indicated,Not indicated,Not indicated,Not indicated,Not indicated,Not indicated
local_listing,yellowpages-lead-m-m-automotive-trinidad-las-animas,M & M Automotive,Trinidad,Las Animas,CO,Local business or service,False,Hosted profile,,https://www.yellowpages.com/trinidad-co/business-listings/1,Not indicated,Not indicated,Not indicated,Not indicated,Not indicated,Not indicated,Not indicated,Not indicated,Not indicated,Not indicated,Not indicated,Contact opportunity: Cross-promotion contact
local_listing,yellowpages-lead-m-m-repair-towing-trinidad-las-animas,M & M Repair and Towing,Trinidad,Las Animas,CO,Local business or service,False,Hosted profile,,https://www.yellowpages.com/trinidad-co/business-listings/1,Not indicated,Not indicated,Not indicated,Not indicated,Not indicated,Not indicated,Not indicated,Not indicated,Not indicated,Not indicated,Not indicated,Contact opportunity: Cross-promotion contact
local_listing,yellowpages-lead-magnolia-road-cannabis-dispensary-trinidad-las-animas,Magnolia Road Cannabis Co. Dispensary,Trinidad,Las Animas,CO,Local business or service,False,Hosted profile,,https://www.yellowpages.com/trinidad-co/business-listings/1,Not indicated,Not indicated,Not indicated,Not indicated,Not indicated,Not indicated,Not indicated,Not indicated,Not indicated,Not indicated,Not indicated,Not indicated
local_listing,main-street-live-las-animas-performance-venue,Main Street LIVE,Trinidad,Las Animas,CO,Arts & culture,True,Direct website,https://www.mainstreetlive.org/,https://www.trinidadcreativedistrict.org/arts-in-the-trinidad-colorado-community; https://www.yellowpages.com/trinidad-co/business-listings/1,Contact opportunity: Flyer/poster contact,Not indicated,Not indicated,Contact opportunity: Front-desk referral contact,Not indicated,Contact opportunity: Event calendar contact,Not indicated,Contact opportunity: Newsletter contact,Not indicated,Not indicated,Contact opportunity: Sponsorship contact,Contact opportunity: Cross-promotion contact
local_listing,yellowpages-lead-mangino-s-automotive-center-trinidad-las-animas,Mangino's Automotive Center,Trinidad,Las Animas,CO,Local business or service,False,Hosted profile,,https://www.yellowpages.com/trinidad-co/business-listings/1,Not indicated,Not indicated,Not indicated,Not indicated,Not indicated,Not indicated,Not indicated,Not indicated,Not indicated,Not indicated,Not indicated,Contact opportunity: Cross-promotion contact
local_listing,marketplace-gallery-las-animas-multi-artist-gallery,Marketplace Gallery,Trinidad,Las Animas,CO,Arts & culture,True,Direct website,https://www.marketplacegallery.net,https://www.trinidadcreativedistrict.org/arts-in-the-trinidad-colorado-community,Contact opportunity: Flyer/poster contact,Contact opportunity: Brochure/rack-card contact,Not indicated,Contact opportunity: Front-desk referral contact,Not indicated,Not indicated,Not indicated,Contact opportunity: Newsletter contact,Not indicated,Not indicated,Not indicated,Contact opportunity: Cross-promotion contact
local_listing,yellowpages-lead-massage-center-trinidad-las-animas,The Massage Center,Trinidad,Las Animas,CO,Health & wellness,False,Hosted profile,,https://www.yellowpages.com/trinidad-co/business-listings/1,Not indicated,Not indicated,Not indicated,Not indicated,Not indicated,Not indicated,Not indicated,Not indicated,Not indicated,Not indicated,Not indicated,Contact opportunity: Cross-promotion contact
local_listing,yellowpages-lead-maverick-glass-trinidad-las-animas,Maverick Glass Co,Trinidad,Las Animas,CO,Local business or service,False,Hosted profile,,https://www.yellowpages.com/trinidad-co/business-listings/1,Not indicated,Not indicated,Not indicated,Not indicated,Not indicated,Not indicated,Not indicated,Not indicated,Not indicated,Not indicated,Not indicated,Not indicated
local_listing,yellowpages-lead-mcdonald-s-trinidad-las-animas,McDonald's,Trinidad,Las Animas,CO,Local business or service,False,Hosted profile,,https://www.yellowpages.com/trinidad-co/business-listings/1,Not indicated,Not indicated,Not indicated,Not indicated,Not indicated,Not indicated,Not indicated,Not indicated,Not indicated,Not indicated,Contact opportunity: Sponsorship contact,Not indicated
local_listing,yellowpages-lead-mcgowen-monty-dc-trinidad-las-animas,"McGowen, Monty, DC",Trinidad,Las Animas,CO,Local business or service,False,Hosted profile,,https://www.yellowpages.com/trinidad-co/business-listings/1,Not indicated,Not indicated,Not indicated,Not indicated,Not indicated,Not indicated,Not indicated,Not indicated,Not indicated,Not indicated,Not indicated,Not indicated
local_listing,yellowpages-lead-mindy-s-nails-trinidad-las-animas,Mindy's Nails,Trinidad,Las Animas,CO,Local business or service,False,Hosted profile,,https://www.yellowpages.com/trinidad-co/business-listings/1,Not indicated,Not indicated,Not indicated,Not indicated,Not indicated,Not indicated,Not indicated,Not indicated,Not indicated,Not indicated,Not indicated,Not indicated
local_listing,mission-at-the-bell-las-animas-restaurant-venue,Mission at the Bell,Trinidad,Las Animas,CO,Events & venues,True,Direct website,https://missionatthebell.com,https://missionatthebell.com,Contact opportunity: Flyer/poster contact,Not indicated,Not indicated,Contact opportunity: Front-desk referral contact,Not indicated,Contact opportunity: Event calendar contact,Not indicated,Not indicated,Contact opportunity: Digital advertising contact,Contact opportunity: Pitch a story or announcement,Contact opportunity: Sponsorship contact,Contact opportunity: Cross-promotion contact
local_listing,yellowpages-lead-mission-at-bell-restaurant-trinidad-las-animas,Mission at the Bell Restaurant,Trinidad,Las Animas,CO,Food & drink,False,Hosted profile,,https://www.yellowpages.com/trinidad-co/business-listings/1,Not indicated,Not indicated,Not indicated,Not indicated,Not indicated,Not indicated,Not indicated,Not indicated,Not indicated,Not indicated,Not indicated,Not indicated
local_listing,monument-lake-resort-las-animas-resort-lodging,Monument Lake Resort,Trinidad,Las Animas,CO,Lodging & stays,True,Direct website,https://themonumentlakeresort.com,https://themonumentlakeresort.com; https://visittrinidadcolorado.com/more-fun/; https://visittrinidadcolorado.com/stay/,Contact opportunity: Flyer/poster contact,Contact opportunity: Brochure/rack-card contact,Not indicated,Contact opportunity: Front-desk referral contact,Not indicated,Not indicated,Not indicated,Not indicated,Contact opportunity: Digital advertising contact,Contact opportunity: Pitch a story or announcement,Not indicated,Contact opportunity: Cross-promotion contact
local_listing,mt-carmel-wellness-and-community-center-las-animas-community-classes-welln,Mt. Carmel Wellness & Community Center,Trinidad,Las Animas,CO,Arts & culture,True,Direct website,https://www.mtcarmelcenter.org/wellness-programs,https://visittrinidadcolorado.com/more-fun/; https://www.trinidadcreativedistrict.org/arts-in-the-trinidad-colorado-community,Contact opportunity: Flyer/poster contact,Not indicated,Contact opportunity: Bulletin-board contact,Contact opportunity: Front-desk referral contact,Not indicated,Contact opportunity: Event calendar contact,Not indicated,Contact opportunity: Newsletter contact,Not indicated,Not indicated,Not indicated,Contact opportunity: Cross-promotion contact
local_listing,mt-san-rafael-hospital-las-animas-healthcare,Mt. San Rafael Hospital,Trinidad,Las Animas,CO,Health & wellness,False,Direct website,https://msrhc.org,https://msrhc.org; https://www.yellowpages.com/trinidad-co/business-listings/1,Not indicated,Not indicated,Not indicated,Not indicated,Not indicated,Not indicated,Not indicated,Not indicated,Contact opportunity: Digital advertising contact,Contact opportunity: Pitch a story or announcement,Not indicated,Contact opportunity: Cross-promotion contact
local_listing,yellowpages-lead-napa-auto-parts-trinidad-las-animas,NAPA Auto Parts,Trinidad,Las Animas,CO,Auto & transportation,False,Hosted profile,,https://www.yellowpages.com/trinidad-co/business-listings/1,Not indicated,Not indicated,Not indicated,Not indicated,Not indicated,Not indicated,Not indicated,Not indicated,Not indicated,Not indicated,Contact opportunity: Sponsorship contact,Not indicated
local_listing,yellowpages-lead-native-roots-santa-fe-trail-dr-trinidad-las-animas,Native Roots Santa Fe Trail Dr,Trinidad,Las Animas,CO,Outdoor recreation,False,Hosted profile,,https://www.yellowpages.com/trinidad-co/business-listings/1,Not indicated,Not indicated,Not indicated,Not indicated,Not indicated,Not indicated,Not indicated,Not indicated,Not indicated,Not indicated,Not indicated,Not indicated
local_listing,yellowpages-lead-natural-food-store-trinidad-las-animas,Natural Food Store,Trinidad,Las Animas,CO,Food & drink,False,Hosted profile,,https://www.yellowpages.com/trinidad-co/business-listings/1,Not indicated,Not indicated,Not indicated,Not indicated,Not indicated,Not indicated,Not indicated,Not indicated,Not indicated,Not indicated,Not indicated,Not indicated
local_listing,yellowpages-lead-noah-s-ark-animal-welfare-association-trinidad-las-animas,Noah's Ark Animal Welfare Association,Trinidad,Las Animas,CO,Local business or service,False,Hosted profile,,https://www.yellowpages.com/trinidad-co/business-listings/1,Not indicated,Not indicated,Not indicated,Not indicated,Not indicated,Not indicated,Not indicated,Contact opportunity: Newsletter contact,Not indicated,Not indicated,Not indicated,Contact opportunity: Cross-promotion contact
local_listing,yellowpages-lead-north-avenue-apartments-trinidad-las-animas,North Avenue Apartments,Trinidad,Las Animas,CO,Local business or service,False,Hosted profile,,https://www.yellowpages.com/trinidad-co/business-listings/1,Not indicated,Not indicated,Not indicated,Not indicated,Not indicated,Contact opportunity: Event calendar contact,Not indicated,Not indicated,Not indicated,Not indicated,Contact opportunity: Sponsorship contact,Contact opportunity: Cross-promotion contact
local_listing,pack-mule-mercantile-las-animas-handmade-goods-vintage-art-retail,Pack Mule Mercantile,Trinidad,Las Animas,CO,Retail & local goods,True,Hosted profile,https://www.facebook.com; https://www.facebook.com/packmulemercantile/,https://www.trinidadcreativedistrict.org/arts-in-the-trinidad-colorado-community,Contact opportunity: Flyer/poster contact,Not indicated,Not indicated,Contact opportunity: Front-desk referral contact,Not indicated,Not indicated,Contact opportunity: Social-sharing contact,Contact opportunity: Newsletter contact,Not indicated,Not indicated,Not indicated,Contact opportunity: Cross-promotion contact
local_listing,travel-guide-peaceful-peaks-ranch-glamping-off-grid-trinidad-las-animas,Peaceful Peaks Ranch - Glamping Off-The-Grid,Trinidad,Las Animas,CO,Local business or service,False,Hosted profile,https://www.coloradodirectory.com/peaceful-peaks-glamping,https://www.coloradodirectory.com/peaceful-peaks-glamping; https://www.coloradodirectory.com/trinidad/,Not indicated,Not indicated,Not indicated,Not indicated,Listed route: Existing directory profile,Not indicated,Not indicated,Not indicated,Not indicated,Not indicated,Not indicated,Not indicated
local_listing,yellowpages-lead-perkatory-coffee-house-trinidad-las-animas,Perkatory Coffee House,Trinidad,Las Animas,CO,Food & drink,False,Hosted profile,,https://www.yellowpages.com/trinidad-co/business-listings/1,Not indicated,Not indicated,Not indicated,Not indicated,Not indicated,Not indicated,Not indicated,Not indicated,Not indicated,Not indicated,Not indicated,Not indicated
local_listing,yellowpages-lead-pham-huong-h-trinidad-las-animas,"Pham, Huong H",Trinidad,Las Animas,CO,Local business or service,False,Hosted profile,,https://www.yellowpages.com/trinidad-co/business-listings/1,Not indicated,Not indicated,Not indicated,Not indicated,Not indicated,Not indicated,Not indicated,Not indicated,Not indicated,Not indicated,Not indicated,Not indicated
local_listing,yellowpages-lead-phil-long-ford-of-trinidad-parts-trinidad-las-animas,Phil Long Ford of Trinidad Parts,Trinidad,Las Animas,CO,Local business or service,False,Hosted profile,,https://www.yellowpages.com/trinidad-co/business-listings/1,Not indicated,Not indicated,Not indicated,Not indicated,Not indicated,Not indicated,Not indicated,Not indicated,Not indicated,Not indicated,Not indicated,Not indicated
local_listing,yellowpages-lead-phil-long-toyota-trinidad-las-animas,Phil Long Toyota,Trinidad,Las Animas,CO,Local business or service,False,Hosted profile,,https://www.yellowpages.com/trinidad-co/business-listings/1,Not indicated,Not indicated,Not indicated,Not indicated,Not indicated,Not indicated,Not indicated,Not indicated,Not indicated,Not indicated,Not indicated,Not indicated
local_listing,yellowpages-lead-phil-long-toyota-of-trinidad-trinidad-las-animas,Phil Long Toyota of Trinidad,Trinidad,Las Animas,CO,Local business or service,False,Hosted profile,,https://www.yellowpages.com/trinidad-co/business-listings/1,Not indicated,Not indicated,Not indicated,Not indicated,Not indicated,Not indicated,Not indicated,Not indicated,Not indicated,Not indicated,Not indicated,Not indicated
local_listing,yellowpages-lead-phoenix-west-designs-trinidad-las-animas,Phoenix West Designs,Trinidad,Las Animas,CO,Local business or service,False,Hosted profile,,https://www.yellowpages.com/trinidad-co/business-listings/1,Not indicated,Not indicated,Not indicated,Not indicated,Not indicated,Not indicated,Not indicated,Not indicated,Not indicated,Not indicated,Not indicated,Not indicated
local_listing,yellowpages-lead-pick-ministries-trinidad-las-animas,PICK Ministries,Trinidad,Las Animas,CO,Local business or service,False,Hosted profile,,https://www.yellowpages.com/trinidad-co/business-listings/1,Not indicated,Not indicated,Not indicated,Not indicated,Not indicated,Not indicated,Not indicated,Contact opportunity: Newsletter contact,Not indicated,Not indicated,Not indicated,Not indicated
local_listing,yellowpages-lead-pizza-hut-trinidad-las-animas,Pizza Hut,Trinidad,Las Animas,CO,Food & drink,False,Hosted profile,,https://www.yellowpages.com/trinidad-co/business-listings/1,Not indicated,Not indicated,Not indicated,Not indicated,Not indicated,Not indicated,Not indicated,Not indicated,Not indicated,Not indicated,Contact opportunity: Sponsorship contact,Not indicated
local_listing,yellowpages-lead-prospect-plaza-apartments-trinidad-las-animas,Prospect Plaza Apartments,Trinidad,Las Animas,CO,Local business or service,False,Hosted profile,,https://www.yellowpages.com/trinidad-co/business-listings/1,Not indicated,Not indicated,Not indicated,Not indicated,Not indicated,Not indicated,Not indicated,Not indicated,Not indicated,Not indicated,Not indicated,Not indicated
local_listing,yellowpages-lead-prospect-plaza-ii-trinidad-las-animas,Prospect Plaza II,Trinidad,Las Animas,CO,Local business or service,False,Hosted profile,,https://www.yellowpages.com/trinidad-co/business-listings/1,Not indicated,Not indicated,Not indicated,Not indicated,Not indicated,Not indicated,Not indicated,Not indicated,Not indicated,Not indicated,Not indicated,Not indicated
local_listing,yellowpages-lead-public-schools-special-services-trinidad-las-animas,Public Schools Special Services,Trinidad,Las Animas,CO,Local business or service,False,Hosted profile,,https://www.yellowpages.com/trinidad-co/business-listings/1,Not indicated,Not indicated,Not indicated,Not indicated,Not indicated,Not indicated,Not indicated,Not indicated,Not indicated,Not indicated,Not indicated,Not indicated
local_listing,yellowpages-lead-pure-h2o-trinidad-las-animas,Pure H2O,Trinidad,Las Animas,CO,Local business or service,False,Hosted profile,,https://www.yellowpages.com/trinidad-co/business-listings/1,Not indicated,Not indicated,Not indicated,Not indicated,Not indicated,Not indicated,Not indicated,Not indicated,Not indicated,Not indicated,Not indicated,Not indicated
local_listing,yellowpages-lead-purgatoire-river-trading-trinidad-las-animas,Purgatoire River Trading Co,Trinidad,Las Animas,CO,Local business or service,False,Hosted profile,,https://www.yellowpages.com/trinidad-co/business-listings/1,Not indicated,Not indicated,Not indicated,Not indicated,Not indicated,Not indicated,Not indicated,Not indicated,Not indicated,Not indicated,Not indicated,Not indicated
local_listing,yellowpages-lead-purgatoire-valley-construction-trinidad-las-animas,Purgatoire Valley Construction,Trinidad,Las Animas,CO,"Home, land & contracting",False,Hosted profile,,https://www.yellowpages.com/trinidad-co/business-listings/1,Not indicated,Not indicated,Not indicated,Not indicated,Not indicated,Not indicated,Not indicated,Not indicated,Not indicated,Not indicated,Contact opportunity: Sponsorship contact,Contact opportunity: Cross-promotion contact
local_listing,quality-inn-las-animas-hotel,Quality Inn,Trinidad,Las Animas,CO,Lodging & stays,True,Hosted profile,,https://visittrinidadcolorado.com/stay/; https://www.yellowpages.com/trinidad-co/business-listings/1,Contact opportunity: Flyer/poster contact,Contact opportunity: Brochure/rack-card contact,Not indicated,Contact opportunity: Front-desk referral contact,Not indicated,Not indicated,Not indicated,Not indicated,Contact opportunity: Digital advertising contact,Contact opportunity: Pitch a story or announcement,Contact opportunity: Sponsorship contact,Contact opportunity: Cross-promotion contact
local_listing,yellowpages-lead-quickbooks-training-trinidad-las-animas,QuickBooks Training,Trinidad,Las Animas,CO,Business support,False,Hosted profile,,https://www.yellowpages.com/trinidad-co/business-listings/1,Not indicated,Not indicated,Not indicated,Not indicated,Not indicated,Not indicated,Not indicated,Not indicated,Not indicated,Not indicated,Not indicated,Not indicated
local_listing,yellowpages-lead-rain-for-rent-trinidad-las-animas,Rain For Rent,Trinidad,Las Animas,CO,Local business or service,False,Hosted profile,,https://www.yellowpages.com/trinidad-co/business-listings/1,Not indicated,Not indicated,Not indicated,Not indicated,Not indicated,Not indicated,Not indicated,Not indicated,Not indicated,Not indicated,Not indicated,Not indicated
local_listing,travel-guide-raton-mesa-and-pass-national-landmark-trinidad-las-animas,Raton Mesa and Pass National Landmark,Trinidad,Las Animas,CO,Local business or service,False,Hosted profile,https://www.coloradodirectory.com/nationalparks/ratonmesa.html,https://www.coloradodirectory.com/nationalparks/ratonmesa.html; https://www.coloradodirectory.com/trinidad/,Not indicated,Not indicated,Not indicated,Not indicated,Listed route: Existing directory profile,Not indicated,Not indicated,Not indicated,Not indicated,Not indicated,Not indicated,Not indicated
local_listing,yellowpages-lead-rent-a-center-trinidad-las-animas,Rent-A-Center,Trinidad,Las Animas,CO,Local business or service,False,Hosted profile,,https://www.yellowpages.com/trinidad-co/business-listings/1,Not indicated,Not indicated,Not indicated,Not indicated,Not indicated,Not indicated,Not indicated,Not indicated,Not indicated,Not indicated,Not indicated,Not indicated
local_listing,yellowpages-lead-republic-corp-trinidad-las-animas,Republic Corp,Trinidad,Las Animas,CO,Local business or service,False,Hosted profile,,https://www.yellowpages.com/trinidad-co/business-listings/1,Not indicated,Not indicated,Not indicated,Not indicated,Not indicated,Not indicated,Not indicated,Not indicated,Not indicated,Not indicated,Not indicated,Not indicated
local_listing,yellowpages-lead-rinos-restaurant-trinidad-las-animas,Rinos Restaurant,Trinidad,Las Animas,CO,Food & drink,False,Hosted profile,,https://www.yellowpages.com/trinidad-co/business-listings/1,Not indicated,Not indicated,Not indicated,Not indicated,Not indicated,Not indicated,Not indicated,Not indicated,Not indicated,Not indicated,Not indicated,Not indicated
local_listing,yellowpages-lead-rob-s-gun-shop-trinidad-las-animas,Rob's Gun Shop,Trinidad,Las Animas,CO,Retail & local goods,False,Hosted profile,,https://www.yellowpages.com/trinidad-co/business-listings/1,Not indicated,Not indicated,Not indicated,Not indicated,Not indicated,Not indicated,Not indicated,Not indicated,Not indicated,Not indicated,Not indicated,Not indicated
local_listing,yellowpages-lead-rodeway-inn-trinidad-las-animas,Rodeway Inn,Trinidad,Las Animas,CO,Lodging & stays,False,Hosted profile,,https://www.yellowpages.com/trinidad-co/business-listings/1,Not indicated,Not indicated,Not indicated,Not indicated,Not indicated,Not indicated,Not indicated,Not indicated,Not indicated,Not indicated,Not indicated,Not indicated
local_listing,yellowpages-lead-rowland-jr-william-m-trinidad-las-animas,"Rowland Jr, William M",Trinidad,Las Animas,CO,Local business or service,False,Hosted profile,,https://www.yellowpages.com/trinidad-co/business-listings/1,Not indicated,Not indicated,Not indicated,Not indicated,Not indicated,Not indicated,Not indicated,Not indicated,Not indicated,Not indicated,Not indicated,Not indicated
local_listing,the-royal-tavern-las-animas-live-music-karaoke-venue,The Royal Tavern,Trinidad,Las Animas,CO,Events & venues,True,Hosted profile,,https://www.trinidadcreativedistrict.org/arts-in-the-trinidad-colorado-community,Contact opportunity: Flyer/poster contact,Not indicated,Not indicated,Contact opportunity: Front-desk referral contact,Not indicated,Contact opportunity: Event calendar contact,Not indicated,Contact opportunity: Newsletter contact,Not indicated,Not indicated,Contact opportunity: Sponsorship contact,Contact opportunity: Cross-promotion contact
local_listing,yellowpages-lead-safelite-autoglass-trinidad-las-animas,Safelite AutoGlass,Trinidad,Las Animas,CO,Local business or service,False,Hosted profile,,https://www.yellowpages.com/trinidad-co/business-listings/1,Not indicated,Not indicated,Not indicated,Not indicated,Not indicated,Not indicated,Not indicated,Not indicated,Not indicated,Not indicated,Not indicated,Contact opportunity: Cross-promotion contact
local_listing,yellowpages-lead-sal-mar-dress-shop-trinidad-las-animas,Sal-Mar Dress Shop,Trinidad,Las Animas,CO,Retail & local goods,False,Hosted profile,,https://www.yellowpages.com/trinidad-co/business-listings/1,Not indicated,Not indicated,Not indicated,Not indicated,Not indicated,Not indicated,Not indicated,Not indicated,Not indicated,Not indicated,Not indicated,Not indicated
local_listing,yellowpages-lead-sally-miller-cmt-lmt-trinidad-las-animas,"Sally Miller, CMT, LMT",Trinidad,Las Animas,CO,Local business or service,False,Hosted profile,,https://www.yellowpages.com/trinidad-co/business-listings/1,Not indicated,Not indicated,Not indicated,Not indicated,Not indicated,Not indicated,Not indicated,Not indicated,Not indicated,Not indicated,Not indicated,Not indicated
local_listing,yellowpages-lead-salvation-army-trinidad-las-animas,Salvation Army,Trinidad,Las Animas,CO,Local business or service,False,Hosted profile,,https://www.yellowpages.com/trinidad-co/business-listings/1,Not indicated,Not indicated,Not indicated,Not indicated,Not indicated,Not indicated,Not indicated,Not indicated,Not indicated,Not indicated,Not indicated,Not indicated
local_listing,yellowpages-lead-sammons-mechanical-trinidad-las-animas,Sammons Mechanical,Trinidad,Las Animas,CO,Local business or service,False,Hosted profile,,https://www.yellowpages.com/trinidad-co/business-listings/1,Not indicated,Not indicated,Not indicated,Not indicated,Not indicated,Not indicated,Not indicated,Not indicated,Not indicated,Not indicated,Not indicated,Contact opportunity: Cross-promotion contact
local_listing,yellowpages-lead-sammons-plumbing-heating-trinidad-las-animas,Sammons Plumbing & Heating Inc,Trinidad,Las Animas,CO,"Home, land & contracting",False,Hosted profile,,https://www.yellowpages.com/trinidad-co/business-listings/1,Not indicated,Not indicated,Not indicated,Not indicated,Not indicated,Not indicated,Not indicated,Not indicated,Not indicated,Not indicated,Contact opportunity: Sponsorship contact,Contact opportunity: Cross-promotion contact
local_listing,yellowpages-lead-san-isabel-electric-association-trinidad-las-animas,San Isabel Electric Association Inc,Trinidad,Las Animas,CO,"Home, land & contracting",False,Hosted profile,,https://www.yellowpages.com/trinidad-co/business-listings/1,Not indicated,Not indicated,Not indicated,Not indicated,Not indicated,Not indicated,Not indicated,Contact opportunity: Newsletter contact,Not indicated,Not indicated,Contact opportunity: Sponsorship contact,Contact opportunity: Cross-promotion contact
local_listing,yellowpages-lead-savoy-hotel-trinidad-las-animas,Savoy Hotel,Trinidad,Las Animas,CO,Lodging & stays,False,Hosted profile,,https://www.yellowpages.com/trinidad-co/business-listings/1,Not indicated,Not indicated,Not indicated,Not indicated,Not indicated,Not indicated,Not indicated,Not indicated,Not indicated,Not indicated,Not indicated,Not indicated
local_listing,yellowpages-lead-sears-hometown-stores-trinidad-las-animas,Sears Hometown Stores,Trinidad,Las Animas,CO,Local business or service,False,Hosted profile,,https://www.yellowpages.com/trinidad-co/business-listings/1,Not indicated,Not indicated,Not indicated,Not indicated,Not indicated,Not indicated,Not indicated,Not indicated,Not indicated,Not indicated,Not indicated,Contact opportunity: Cross-promotion contact
local_listing,yellowpages-lead-select-pro-locksmith-trinidad-las-animas,Select Pro Locksmith,Trinidad,Las Animas,CO,Local business or service,False,Hosted profile,,https://www.yellowpages.com/trinidad-co/business-listings/1,Not indicated,Not indicated,Not indicated,Not indicated,Not indicated,Not indicated,Not indicated,Not indicated,Not indicated,Not indicated,Not indicated,Not indicated
local_listing,yellowpages-lead-service-plus-electric-n-e-trinidad-las-animas,Service Plus Electric N E,Trinidad,Las Animas,CO,"Home, land & contracting",False,Hosted profile,,https://www.yellowpages.com/trinidad-co/business-listings/1,Not indicated,Not indicated,Not indicated,Not indicated,Not indicated,Not indicated,Not indicated,Not indicated,Not indicated,Not indicated,Not indicated,Contact opportunity: Cross-promotion contact
local_listing,yellowpages-lead-sexy-pizza-trinidad-las-animas,Sexy Pizza,Trinidad,Las Animas,CO,Food & drink,False,Hosted profile,,https://www.yellowpages.com/trinidad-co/business-listings/1,Not indicated,Not indicated,Not indicated,Not indicated,Not indicated,Not indicated,Not indicated,Not indicated,Not indicated,Not indicated,Not indicated,Not indicated
local_listing,yellowpages-lead-shell-trinidad-las-animas,Shell,Trinidad,Las Animas,CO,Local business or service,False,Hosted profile,,https://www.yellowpages.com/trinidad-co/business-listings/1,Not indicated,Not indicated,Not indicated,Not indicated,Not indicated,Not indicated,Not indicated,Not indicated,Not indicated,Not indicated,Contact opportunity: Sponsorship contact,Not indicated
local_listing,travel-guide-sister-blandina-wellness-garden-trinidad-las-animas,Sister Blandina Wellness Garden,Trinidad,Las Animas,CO,Health & wellness,False,Hosted profile,,https://visittrinidadcolorado.com/more-fun/,Not indicated,Not indicated,Not indicated,Not indicated,Not indicated,Not indicated,Not indicated,Not indicated,Not indicated,Not indicated,Not indicated,Not indicated
local_listing,yellowpages-lead-smart-start-ignition-interlock-trinidad-las-animas,Smart Start Ignition Interlock,Trinidad,Las Animas,CO,Local business or service,False,Hosted profile,,https://www.yellowpages.com/trinidad-co/business-listings/1,Not indicated,Not indicated,Not indicated,Not indicated,Not indicated,Not indicated,Not indicated,Not indicated,Not indicated,Not indicated,Not indicated,Not indicated
local_listing,yellowpages-lead-smoker-friendly-trinidad-las-animas,Smoker Friendly,Trinidad,Las Animas,CO,Local business or service,False,Hosted profile,,https://www.yellowpages.com/trinidad-co/business-listings/1,Not indicated,Not indicated,Not indicated,Not indicated,Not indicated,Not indicated,Not indicated,Not indicated,Not indicated,Not indicated,Not indicated,Not indicated
local_listing,yellowpages-lead-smokey-guzzo-insurance-trinidad-las-animas,Smokey Guzzo Insurance,Trinidad,Las Animas,CO,Professional services,False,Hosted profile,,https://www.yellowpages.com/trinidad-co/business-listings/1,Not indicated,Not indicated,Not indicated,Not indicated,Not indicated,Not indicated,Not indicated,Not indicated,Not indicated,Not indicated,Contact opportunity: Sponsorship contact,Contact opportunity: Cross-promotion contact
local_listing,yellowpages-lead-snap-fitness-trinidad-trinidad-las-animas,Snap Fitness Trinidad,Trinidad,Las Animas,CO,Local business or service,False,Hosted profile,,https://www.yellowpages.com/trinidad-co/business-listings/1,Not indicated,Not indicated,Not indicated,Not indicated,Not indicated,Not indicated,Not indicated,Not indicated,Not indicated,Not indicated,Not indicated,Not indicated
local_listing,travel-guide-soco-skateland-trinidad-las-animas,SOCO Skateland,Trinidad,Las Animas,CO,Local business or service,False,Hosted profile,,https://visittrinidadcolorado.com/more-fun/,Not indicated,Not indicated,Not indicated,Not indicated,Not indicated,Not indicated,Not indicated,Not indicated,Not indicated,Not indicated,Not indicated,Not indicated
local_listing,yellowpages-lead-sonic-drive-in-trinidad-las-animas,Sonic Drive-In,Trinidad,Las Animas,CO,Local business or service,False,Hosted profile,,https://www.yellowpages.com/trinidad-co/business-listings/1,Not indicated,Not indicated,Not indicated,Not indicated,Not indicated,Not indicated,Not indicated,Not indicated,Not indicated,Not indicated,Contact opportunity: Sponsorship contact,Not indicated
local_listing,yellowpages-lead-south-central-boces-trinidad-las-animas,South Central Boces,Trinidad,Las Animas,CO,Local business or service,False,Hosted profile,,https://www.yellowpages.com/trinidad-co/business-listings/1,Not indicated,Not indicated,Not indicated,Not indicated,Not indicated,Not indicated,Not indicated,Not indicated,Not indicated,Not indicated,Not indicated,Not indicated
local_listing,yellowpages-lead-southern-colorado-developmental-disabilities-services-trinidad-las-animas,"Southern Colorado Developmental Disabilities Services, Inc",Trinidad,Las Animas,CO,Local business or service,False,Hosted profile,,https://www.yellowpages.com/trinidad-co/business-listings/1,Not indicated,Not indicated,Not indicated,Not indicated,Not indicated,Not indicated,Not indicated,Not indicated,Not indicated,Not indicated,Not indicated,Contact opportunity: Cross-promotion contact
local_listing,space-to-create-las-animas-arts-venue-event-space,Space to Create,Trinidad,Las Animas,CO,Arts & culture,True,Hosted profile,https://visittrinidadcolorado.com/attraction/space-to-create/,https://visittrinidadcolorado.com/attraction/space-to-create/,Contact opportunity: Flyer/poster contact,Not indicated,Not indicated,Contact opportunity: Front-desk referral contact,Not indicated,Contact opportunity: Event calendar contact,Not indicated,Not indicated,Contact opportunity: Digital advertising contact,Contact opportunity: Pitch a story or announcement,Contact opportunity: Sponsorship contact,Contact opportunity: Cross-promotion contact
local_listing,yellowpages-lead-spanish-peaks-behavioral-health-centers-trinidad-trinidad-las-animas,Spanish Peaks Behavioral Health Centers - Trinidad,Trinidad,Las Animas,CO,Health & wellness,False,Hosted profile,,https://www.yellowpages.com/trinidad-co/business-listings/1,Not indicated,Not indicated,Not indicated,Not indicated,Not indicated,Not indicated,Not indicated,Not indicated,Not indicated,Not indicated,Not indicated,Contact opportunity: Cross-promotion contact
local_listing,yellowpages-lead-spanish-peaks-bon-carbo-fire-protection-district-trinidad-las-animas,Spanish Peaks Bon Carbo Fire Protection District,Trinidad,Las Animas,CO,Public offices,False,Hosted profile,,https://www.yellowpages.com/trinidad-co/business-listings/1,Not indicated,Not indicated,Not indicated,Not indicated,Not indicated,Not indicated,Not indicated,Contact opportunity: Newsletter contact,Not indicated,Not indicated,Not indicated,Contact opportunity: Cross-promotion contact
local_listing,yellowpages-lead-spanish-peaks-fire-dept-aguilar-station-trinidad-las-animas,Spanish Peaks Fire Dept Aguilar Station,Trinidad,Las Animas,CO,Local business or service,False,Hosted profile,,https://www.yellowpages.com/trinidad-co/business-listings/1,Not indicated,Not indicated,Not indicated,Not indicated,Not indicated,Not indicated,Not indicated,Not indicated,Not indicated,Not indicated,Not indicated,Not indicated
local_listing,yellowpages-lead-spanish-peaks-land-trinidad-las-animas,Spanish Peaks Land,Trinidad,Las Animas,CO,Local business or service,False,Hosted profile,,https://www.yellowpages.com/trinidad-co/business-listings/1,Not indicated,Not indicated,Not indicated,Not indicated,Not indicated,Not indicated,Not indicated,Not indicated,Not indicated,Not indicated,Not indicated,Contact opportunity: Cross-promotion contact
local_listing,yellowpages-lead-spanish-peaks-purgatoire-river-conservation-district-trinidad-las-animas,Spanish Peaks-Purgatoire River Conservation District,Trinidad,Las Animas,CO,Public offices,False,Hosted profile,,https://www.yellowpages.com/trinidad-co/business-listings/1,Not indicated,Not indicated,Not indicated,Not indicated,Not indicated,Not indicated,Not indicated,Contact opportunity: Newsletter contact,Not indicated,Not indicated,Not indicated,Contact opportunity: Cross-promotion contact
local_listing,yellowpages-lead-startek-ii-mobile-windshield-trinidad-las-animas,StarTek II Mobile Windshield,Trinidad,Las Animas,CO,Local business or service,False,Hosted profile,,https://www.yellowpages.com/trinidad-co/business-listings/1,Not indicated,Not indicated,Not indicated,Not indicated,Not indicated,Not indicated,Not indicated,Not indicated,Not indicated,Not indicated,Contact opportunity: Sponsorship contact,Not indicated
local_listing,yellowpages-lead-state-board-for-community-college-trinidad-las-animas,State Board For Community College,Trinidad,Las Animas,CO,Education & learning,False,Hosted profile,,https://www.yellowpages.com/trinidad-co/business-listings/1,Not indicated,Not indicated,Not indicated,Not indicated,Not indicated,Not indicated,Not indicated,Not indicated,Not indicated,Not indicated,Not indicated,Not indicated
local_listing,yellowpages-lead-steam-king-trinidad-las-animas,Steam King LLC,Trinidad,Las Animas,CO,Local business or service,False,Hosted profile,,https://www.yellowpages.com/trinidad-co/business-listings/1,Not indicated,Not indicated,Not indicated,Not indicated,Not indicated,Not indicated,Not indicated,Not indicated,Not indicated,Not indicated,Not indicated,Not indicated
local_listing,yellowpages-lead-steven-paul-szabo-trinidad-las-animas,Steven Paul Szabo,Trinidad,Las Animas,CO,Local business or service,False,Hosted profile,,https://www.yellowpages.com/trinidad-co/business-listings/1,Not indicated,Not indicated,Not indicated,Not indicated,Not indicated,Not indicated,Not indicated,Not indicated,Not indicated,Not indicated,Not indicated,Not indicated
local_listing,travel-guide-stonewall-century-ride-trinidad-las-animas,Stonewall Century Ride,Trinidad,Las Animas,CO,Local business or service,False,Hosted profile,,https://visittrinidadcolorado.com/more-fun/,Not indicated,Not indicated,Not indicated,Not indicated,Not indicated,Not indicated,Not indicated,Not indicated,Not indicated,Not indicated,Not indicated,Not indicated
local_listing,yellowpages-lead-sugarloaf-trinidad-las-animas,Sugarloaf,Trinidad,Las Animas,CO,Local business or service,False,Hosted profile,,https://www.yellowpages.com/trinidad-co/business-listings/1,Not indicated,Not indicated,Not indicated,Not indicated,Not indicated,Not indicated,Not indicated,Not indicated,Not indicated,Not indicated,Not indicated,Not indicated
local_listing,summit-rv-park-las-animas-rv-park,Summit RV Park,Trinidad,Las Animas,CO,Lodging & stays,True,Hosted profile,,https://visittrinidadcolorado.com/stay/,Contact opportunity: Flyer/poster contact,Contact opportunity: Brochure/rack-card contact,Not indicated,Contact opportunity: Front-desk referral contact,Not indicated,Not indicated,Not indicated,Not indicated,Contact opportunity: Digital advertising contact,Contact opportunity: Pitch a story or announcement,Not indicated,Contact opportunity: Cross-promotion contact
local_listing,tabula-rasa-gallery-and-art-supply-las-animas-printmaking-studio-gallery-a,Tabula Rasa Gallery and Art Supply,Trinidad,Las Animas,CO,Arts & culture,True,Direct website,https://www.tabularasa.gallery,https://www.trinidadcreativedistrict.org/arts-in-the-trinidad-colorado-community,Contact opportunity: Flyer/poster contact,Contact opportunity: Brochure/rack-card contact,Not indicated,Contact opportunity: Front-desk referral contact,Not indicated,Not indicated,Not indicated,Contact opportunity: Newsletter contact,Not indicated,Not indicated,Not indicated,Contact opportunity: Cross-promotion contact
local_listing,yellowpages-lead-taco-bell-trinidad-las-animas,Taco Bell,Trinidad,Las Animas,CO,Local business or service,False,Hosted profile,,https://www.yellowpages.com/trinidad-co/business-listings/1,Not indicated,Not indicated,Not indicated,Not indicated,Not indicated,Not indicated,Not indicated,Not indicated,Not indicated,Not indicated,Contact opportunity: Sponsorship contact,Not indicated
local_listing,tarabino-inn-las-animas-inn-b-b,Tarabino Inn,Trinidad,Las Animas,CO,Lodging & stays,True,Hosted profile,,https://visittrinidadcolorado.com/stay/,Contact opportunity: Flyer/poster contact,Not indicated,Not indicated,Contact opportunity: Front-desk referral contact,Not indicated,Not indicated,Not indicated,Not indicated,Contact opportunity: Digital advertising contact,Contact opportunity: Pitch a story or announcement,Not indicated,Contact opportunity: Cross-promotion contact
local_listing,yellowpages-lead-telemed-nightingales-trinidad-las-animas,Telemed Nightingales,Trinidad,Las Animas,CO,Local business or service,False,Hosted profile,,https://www.yellowpages.com/trinidad-co/business-listings/1,Not indicated,Not indicated,Not indicated,Not indicated,Not indicated,Not indicated,Not indicated,Not indicated,Not indicated,Not indicated,Not indicated,Not indicated
local_listing,yellowpages-lead-tequila-s-family-mexican-restaurant-trinidad-las-animas,Tequila's Family Mexican Restaurant,Trinidad,Las Animas,CO,Food & drink,False,Hosted profile,,https://www.yellowpages.com/trinidad-co/business-listings/1,Not indicated,Not indicated,Not indicated,Not indicated,Not indicated,Not indicated,Not indicated,Not indicated,Not indicated,Not indicated,Not indicated,Not indicated
local_listing,yellowpages-lead-texaco-trinidad-las-animas,Texaco,Trinidad,Las Animas,CO,Local business or service,False,Hosted profile,,https://www.yellowpages.com/trinidad-co/business-listings/1,Not indicated,Not indicated,Not indicated,Not indicated,Not indicated,Not indicated,Not indicated,Not indicated,Not indicated,Not indicated,Not indicated,Not indicated
local_listing,yellowpages-lead-tj-s-mechanical-trinidad-las-animas,TJ's Mechanical,Trinidad,Las Animas,CO,Local business or service,False,Hosted profile,,https://www.yellowpages.com/trinidad-co/business-listings/1,Not indicated,Not indicated,Not indicated,Not indicated,Not indicated,Not indicated,Not indicated,Not indicated,Not indicated,Not indicated,Not indicated,Contact opportunity: Cross-promotion contact
local_listing,yellowpages-lead-tlc-real-estate-services-trinidad-las-animas,TLC Real Estate Services,Trinidad,Las Animas,CO,Professional services,False,Hosted profile,,https://www.yellowpages.com/trinidad-co/business-listings/1,Not indicated,Not indicated,Not indicated,Not indicated,Not indicated,Not indicated,Not indicated,Not indicated,Not indicated,Not indicated,Not indicated,Contact opportunity: Cross-promotion contact
local_listing,yellowpages-lead-tony-s-automotive-machine-trinidad-las-animas,Tony's Automotive Machine,Trinidad,Las Animas,CO,Local business or service,False,Hosted profile,,https://www.yellowpages.com/trinidad-co/business-listings/1,Not indicated,Not indicated,Not indicated,Not indicated,Not indicated,Not indicated,Not indicated,Not indicated,Not indicated,Not indicated,Not indicated,Contact opportunity: Cross-promotion contact
local_listing,yellowpages-lead-topar-welding-trinidad-las-animas,Topar Welding,Trinidad,Las Animas,CO,"Home, land & contracting",False,Hosted profile,,https://www.yellowpages.com/trinidad-co/business-listings/1,Not indicated,Not indicated,Not indicated,Not indicated,Not indicated,Not indicated,Not indicated,Not indicated,Not indicated,Not indicated,Not indicated,Not indicated
local_listing,tower-64-motel-rv-park-las-animas-motel-rv-park,Tower 64 Motel & RV Park,Trinidad,Las Animas,CO,Lodging & stays,True,Direct website,https://tower64motelandrv.com,https://tower64motelandrv.com; https://visittrinidadcolorado.com/stay/,Contact opportunity: Flyer/poster contact,Contact opportunity: Brochure/rack-card contact,Not indicated,Contact opportunity: Front-desk referral contact,Not indicated,Not indicated,Not indicated,Not indicated,Contact opportunity: Digital advertising contact,Contact opportunity: Pitch a story or announcement,Not indicated,Contact opportunity: Cross-promotion contact
local_listing,yellowpages-lead-town-country-estates-realty-trinidad-las-animas,Town & Country Estates Realty,Trinidad,Las Animas,CO,Public offices,False,Hosted profile,,https://www.yellowpages.com/trinidad-co/business-listings/1,Not indicated,Not indicated,Not indicated,Not indicated,Not indicated,Not indicated,Not indicated,Not indicated,Not indicated,Not indicated,Not indicated,Not indicated
local_listing,trails-end-motel-las-animas-motel,Trails End Motel,Trinidad,Las Animas,CO,Lodging & stays,True,Hosted profile,,https://visittrinidadcolorado.com/stay/,Contact opportunity: Flyer/poster contact,Contact opportunity: Brochure/rack-card contact,Not indicated,Contact opportunity: Front-desk referral contact,Not indicated,Not indicated,Not indicated,Not indicated,Contact opportunity: Digital advertising contact,Contact opportunity: Pitch a story or announcement,Not indicated,Contact opportunity: Cross-promotion contact
local_listing,travelodge-by-wyndham-las-animas-hotel,Travelodge by Wyndham,Trinidad,Las Animas,CO,Lodging & stays,True,Hosted profile,,https://visittrinidadcolorado.com/stay/,Contact opportunity: Flyer/poster contact,Contact opportunity: Brochure/rack-card contact,Not indicated,Contact opportunity: Front-desk referral contact,Not indicated,Not indicated,Not indicated,Not indicated,Contact opportunity: Digital advertising contact,Contact opportunity: Pitch a story or announcement,Not indicated,Contact opportunity: Cross-promotion contact
local_listing,yellowpages-lead-trinidad-abstract-title-trinidad-las-animas,Trinidad Abstract & Title Co,Trinidad,Las Animas,CO,Local business or service,False,Hosted profile,,https://www.yellowpages.com/trinidad-co/business-listings/1,Not indicated,Not indicated,Not indicated,Not indicated,Not indicated,Not indicated,Not indicated,Not indicated,Not indicated,Not indicated,Not indicated,Not indicated
local_listing,yellowpages-lead-trinidad-ambulance-district-trinidad-las-animas,Trinidad Ambulance District,Trinidad,Las Animas,CO,Public offices,False,Hosted profile,,https://www.yellowpages.com/trinidad-co/business-listings/1,Not indicated,Not indicated,Not indicated,Not indicated,Not indicated,Not indicated,Not indicated,Contact opportunity: Newsletter contact,Not indicated,Not indicated,Not indicated,Contact opportunity: Cross-promotion contact
local_listing,yellowpages-lead-trinidad-animal-clinic-trinidad-las-animas,Trinidad Animal Clinic,Trinidad,Las Animas,CO,Health & wellness,False,Hosted profile,,https://www.yellowpages.com/trinidad-co/business-listings/1,Not indicated,Not indicated,Not indicated,Not indicated,Not indicated,Not indicated,Not indicated,Not indicated,Not indicated,Not indicated,Not indicated,Not indicated
local_listing,trinidad-art-fest-2026-zapp-artist-application-trinidad-las-animas-juried-artist-appli,Trinidad Art Fest 2026 ZAPP Artist Application,Trinidad,Las Animas,CO,Arts & culture,False,Direct website,https://www.zapplication.org/event-info.php?ID=14415,https://www.zapplication.org/event-info.php?ID=14415,Not indicated,Not indicated,Not indicated,Not indicated,Not indicated,Not indicated,Not indicated,Not indicated,Not indicated,Not indicated,Not indicated,Not indicated
local_listing,yellowpages-lead-trinidad-builders-supply-trinidad-las-animas,Trinidad Builders Supply,Trinidad,Las Animas,CO,Local business or service,False,Hosted profile,,https://www.yellowpages.com/trinidad-co/business-listings/1,Not indicated,Not indicated,Not indicated,Not indicated,Not indicated,Not indicated,Not indicated,Not indicated,Not indicated,Not indicated,Not indicated,Not indicated
local_listing,trinidad-chronicle-news-las-animas-media,Trinidad Chronicle-News,Trinidad,Las Animas,CO,Media & news,True,Direct website,https://thechronicle-news.com,https://thechronicle-news.com,Not indicated,Not indicated,Not indicated,Not indicated,Not indicated,Not indicated,Not indicated,Not indicated,Contact opportunity: Digital advertising contact,Contact opportunity: Pitch a story or announcement,Not indicated,Contact opportunity: Cross-promotion contact
local_listing,trinidad-colorado-music-scene-las-animas-live-music-community-page,Trinidad Colorado Music Scene,Trinidad,Las Animas,CO,Events & venues,False,Hosted profile,https://www.facebook.com/trinidadcoloradomusicscene/,https://www.trinidadcreativedistrict.org/arts-in-the-trinidad-colorado-community,Not indicated,Not indicated,Not indicated,Not indicated,Not indicated,Not indicated,Contact opportunity: Social-sharing contact,Contact opportunity: Newsletter contact,Not indicated,Not indicated,Not indicated,Contact opportunity: Cross-promotion contact
local_listing,yellowpages-lead-trinidad-gardens-dispensary-trinidad-las-animas,Trinidad Gardens Dispensary,Trinidad,Las Animas,CO,Local business or service,False,Hosted profile,,https://www.yellowpages.com/trinidad-co/business-listings/1,Not indicated,Not indicated,Not indicated,Not indicated,Not indicated,Not indicated,Not indicated,Not indicated,Not indicated,Not indicated,Not indicated,Not indicated
local_listing,yellowpages-lead-trinidad-high-school-trinidad-las-animas,Trinidad High School,Trinidad,Las Animas,CO,Education & learning,False,Hosted profile,,https://www.yellowpages.com/trinidad-co/business-listings/1,Not indicated,Not indicated,Not indicated,Not indicated,Not indicated,Not indicated,Not indicated,Not indicated,Not indicated,Not indicated,Not indicated,Not indicated
local_listing,trinidad-history-museum-las-animas-museum-heritage,Trinidad History Museum,Trinidad,Las Animas,CO,Arts & culture,True,Hosted profile,https://visittrinidadcolorado.com/attraction/trinidad-history-museum/,https://visittrinidadcolorado.com/attraction/trinidad-history-museum/,Contact opportunity: Flyer/poster contact,Contact opportunity: Brochure/rack-card contact,Not indicated,Contact opportunity: Front-desk referral contact,Not indicated,Not indicated,Not indicated,Not indicated,Contact opportunity: Digital advertising contact,Contact opportunity: Pitch a story or announcement,Not indicated,Contact opportunity: Cross-promotion contact
local_listing,yellowpages-lead-trinidad-insurance-center-trinidad-las-animas,Trinidad Insurance Center,Trinidad,Las Animas,CO,Professional services,False,Hosted profile,,https://www.yellowpages.com/trinidad-co/business-listings/1,Not indicated,Not indicated,Not indicated,Not indicated,Not indicated,Not indicated,Not indicated,Not indicated,Not indicated,Not indicated,Contact opportunity: Sponsorship contact,Contact opportunity: Cross-promotion contact
local_listing,trinidad-lake-state-park-las-animas-camping-recreation,Trinidad Lake State Park,Trinidad,Las Animas,CO,Lodging & stays,True,Hosted profile,https://www.coloradodirectory.com/costateparks/trinidad.html,https://visittrinidadcolorado.com/state-parks/; https://visittrinidadcolorado.com/stay/; https://www.coloradodirectory.com/costateparks/trinidad.html; https://www.coloradodirectory.com/trinidad/,Contact opportunity: Flyer/poster contact,Not indicated,Not indicated,Contact opportunity: Front-desk referral contact,Not indicated,Not indicated,Not indicated,Not indicated,Contact opportunity: Digital advertising contact,Contact opportunity: Pitch a story or announcement,Not indicated,Contact opportunity: Cross-promotion contact
local_listing,travel-guide-trinidad-lanes-trinidad-las-animas,Trinidad Lanes,Trinidad,Las Animas,CO,Local business or service,False,Hosted profile,,https://visittrinidadcolorado.com/more-fun/,Not indicated,Not indicated,Not indicated,Not indicated,Not indicated,Not indicated,Not indicated,Not indicated,Not indicated,Not indicated,Not indicated,Not indicated
local_listing,trinidad-las-animas-chamber-of-commerce-las-animas-business-advocacy-net,Trinidad & Las Animas Chamber of Commerce,Trinidad,Las Animas,CO,Tourism & visitor info,True,Hosted profile,,https://www.yellowpages.com/trinidad-co/business-listings/1,Contact opportunity: Flyer/poster contact,Contact opportunity: Brochure/rack-card contact,Not indicated,Contact opportunity: Front-desk referral contact,Contact opportunity: Directory listing contact,Contact opportunity: Event calendar contact,Not indicated,Contact opportunity: Newsletter contact,Not indicated,Not indicated,Contact opportunity: Sponsorship contact,Contact opportunity: Cross-promotion contact
local_listing,travel-guide-trinidad-and-las-animas-county-chamber-of-commerce-trinidad-las-animas,Trinidad & Las Animas County Chamber of Commerce,Trinidad,Las Animas,CO,Tourism & visitor info,False,Hosted profile,https://www.coloradodirectory.com/trinidadchamber,https://www.coloradodirectory.com/trinidad/; https://www.coloradodirectory.com/trinidadchamber,Not indicated,Not indicated,Not indicated,Not indicated,Listed route: Existing directory profile,Contact opportunity: Event calendar contact,Not indicated,Contact opportunity: Newsletter contact,Not indicated,Not indicated,Contact opportunity: Sponsorship contact,Contact opportunity: Cross-promotion contact
local_listing,yellowpages-lead-trinidad-lock-key-trinidad-las-animas,Trinidad Lock & Key,Trinidad,Las Animas,CO,Local business or service,False,Hosted profile,,https://www.yellowpages.com/trinidad-co/business-listings/1,Not indicated,Not indicated,Not indicated,Not indicated,Not indicated,Not indicated,Not indicated,Not indicated,Not indicated,Not indicated,Not indicated,Not indicated
local_listing,trinidad-lounge-las-animas-live-music-venue,Trinidad Lounge,Trinidad,Las Animas,CO,Events & venues,True,Direct website,https://dadlounge.com/,https://www.trinidadcreativedistrict.org/arts-in-the-trinidad-colorado-community,Contact opportunity: Flyer/poster contact,Not indicated,Not indicated,Contact opportunity: Front-desk referral contact,Not indicated,Contact opportunity: Event calendar contact,Not indicated,Contact opportunity: Newsletter contact,Not indicated,Not indicated,Contact opportunity: Sponsorship contact,Contact opportunity: Cross-promotion contact
local_listing,yellowpages-lead-trinidad-motor-inn-trinidad-las-animas,Trinidad Motor Inn,Trinidad,Las Animas,CO,Lodging & stays,False,Hosted profile,,https://www.yellowpages.com/trinidad-co/business-listings/1,Not indicated,Not indicated,Not indicated,Not indicated,Not indicated,Not indicated,Not indicated,Not indicated,Not indicated,Not indicated,Not indicated,Not indicated
local_listing,yellowpages-lead-trinidad-seventh-day-adventist-church-trinidad-las-animas,Trinidad Seventh-Day Adventist Church,Trinidad,Las Animas,CO,Nonprofit & community,False,Hosted profile,,https://www.yellowpages.com/trinidad-co/business-listings/1,Not indicated,Not indicated,Not indicated,Not indicated,Not indicated,Contact opportunity: Event calendar contact,Not indicated,Contact opportunity: Newsletter contact,Not indicated,Not indicated,Contact opportunity: Sponsorship contact,Contact opportunity: Cross-promotion contact
local_listing,trinidad-space-to-create-digital-resource-page-trinidad-las-animas-creative-workspace,Trinidad Space to Create Digital Resource Page,Trinidad,Las Animas,CO,Arts & culture,False,Hosted profile,https://www.trinidadcreativedistrict.org/space-to-create,https://www.trinidadcreativedistrict.org/space-to-create,Not indicated,Not indicated,Not indicated,Not indicated,Not indicated,Not indicated,Not indicated,Contact opportunity: Newsletter contact,Not indicated,Not indicated,Not indicated,Contact opportunity: Cross-promotion contact
local_listing,trinidad-state-collaboratory-las-animas-community-maker-space-small-busine,Trinidad State Collaboratory,Trinidad,Las Animas,CO,Arts & culture,True,Hosted profile,,https://www.trinidadcreativedistrict.org/arts-in-the-trinidad-colorado-community,Not indicated,Not indicated,Not indicated,Not indicated,Not indicated,Not indicated,Not indicated,Contact opportunity: Newsletter contact,Not indicated,Not indicated,Not indicated,Contact opportunity: Cross-promotion contact
local_listing,trinidad-state-college-las-animas-higher-education,Trinidad State College,Trinidad,Las Animas,CO,Education & learning,False,No online link,,,Not indicated,Not indicated,Not indicated,Not indicated,Not indicated,Not indicated,Not indicated,Not indicated,Not indicated,Not indicated,Not indicated,Not indicated
local_listing,trinidad-super-8-las-animas-hotel,Trinidad Super 8,Trinidad,Las Animas,CO,Lodging & stays,True,Hosted profile,,https://visittrinidadcolorado.com/stay/,Contact opportunity: Flyer/poster contact,Contact opportunity: Brochure/rack-card contact,Not indicated,Contact opportunity: Front-desk referral contact,Not indicated,Not indicated,Not indicated,Not indicated,Contact opportunity: Digital advertising contact,Contact opportunity: Pitch a story or announcement,Not indicated,Contact opportunity: Cross-promotion contact
local_listing,travel-guide-trinidad-triggers-trinidad-las-animas,Trinidad Triggers,Trinidad,Las Animas,CO,Local business or service,False,Hosted profile,,https://visittrinidadcolorado.com/more-fun/,Not indicated,Not indicated,Not indicated,Not indicated,Not indicated,Not indicated,Not indicated,Not indicated,Not indicated,Not indicated,Not indicated,Not indicated
local_listing,yellowpages-lead-tsjc-presidents-house-trinidad-las-animas,TSJC Presidents House,Trinidad,Las Animas,CO,Local business or service,False,Hosted profile,,https://www.yellowpages.com/trinidad-co/business-listings/1,Not indicated,Not indicated,Not indicated,Not indicated,Not indicated,Not indicated,Not indicated,Not indicated,Not indicated,Not indicated,Not indicated,Not indicated
local_listing,yellowpages-lead-tutti-scoops-trinidad-las-animas,Tutti Scoops,Trinidad,Las Animas,CO,Local business or service,False,Hosted profile,,https://www.yellowpages.com/trinidad-co/business-listings/1,Not indicated,Not indicated,Not indicated,Not indicated,Not indicated,Not indicated,Not indicated,Not indicated,Not indicated,Not indicated,Not indicated,Not indicated
local_listing,yellowpages-lead-twin-enviro-services-trinidad-las-animas,Twin Enviro Services,Trinidad,Las Animas,CO,Local business or service,False,Hosted profile,,https://www.yellowpages.com/trinidad-co/business-listings/1,Not indicated,Not indicated,Not indicated,Not indicated,Not indicated,Not indicated,Not indicated,Not indicated,Not indicated,Not indicated,Not indicated,Contact opportunity: Cross-promotion contact
local_listing,yellowpages-lead-twinpeaks-plumbing-trinidad-las-animas,Twinpeaks Plumbing,Trinidad,Las Animas,CO,"Home, land & contracting",False,Hosted profile,,https://www.yellowpages.com/trinidad-co/business-listings/1,Not indicated,Not indicated,Not indicated,Not indicated,Not indicated,Not indicated,Not indicated,Not indicated,Not indicated,Not indicated,Contact opportunity: Sponsorship contact,Contact opportunity: Cross-promotion contact
local_listing,yellowpages-lead-two-feathers-salon-trinidad-las-animas,Two Feathers Salon,Trinidad,Las Animas,CO,Health & wellness,False,Hosted profile,,https://www.yellowpages.com/trinidad-co/business-listings/1,Not indicated,Not indicated,Not indicated,Not indicated,Not indicated,Not indicated,Not indicated,Not indicated,Not indicated,Not indicated,Not indicated,Not indicated
local_listing,yellowpages-lead-ultimate-sports-nutrition-trinidad-las-animas,Ultimate Sports & Nutrition,Trinidad,Las Animas,CO,Local business or service,False,Hosted profile,,https://www.yellowpages.com/trinidad-co/business-listings/1,Not indicated,Not indicated,Not indicated,Not indicated,Not indicated,Not indicated,Not indicated,Not indicated,Not indicated,Not indicated,Not indicated,Not indicated
local_listing,yellowpages-lead-ups-authorized-shipping-provider-trinidad-las-animas,UPS Authorized Shipping Provider,Trinidad,Las Animas,CO,Local business or service,False,Hosted profile,,https://www.yellowpages.com/trinidad-co/business-listings/1,Not indicated,Not indicated,Not indicated,Not indicated,Not indicated,Not indicated,Not indicated,Not indicated,Not indicated,Not indicated,Not indicated,Not indicated
local_listing,yellowpages-lead-valley-eye-care-trinidad-las-animas,Valley Eye Care,Trinidad,Las Animas,CO,Local business or service,False,Hosted profile,,https://www.yellowpages.com/trinidad-co/business-listings/1,Not indicated,Not indicated,Not indicated,Not indicated,Not indicated,Not indicated,Not indicated,Not indicated,Not indicated,Not indicated,Not indicated,Not indicated
local_listing,visit-trinidad-tourism-events-office-las-animas-tourism-government,Visit Trinidad Tourism / Events Office,Trinidad,Las Animas,CO,Tourism & visitor info,True,Direct website,https://visittrinidadcolorado.com/resources-for-locals/,https://visittrinidadcolorado.com/resources-for-locals/,Contact opportunity: Flyer/poster contact,Not indicated,Not indicated,Not indicated,Not indicated,Contact opportunity: Event calendar contact,Not indicated,Not indicated,Contact opportunity: Digital advertising contact,Contact opportunity: Pitch a story or announcement,Contact opportunity: Sponsorship contact,Contact opportunity: Cross-promotion contact
local_listing,visit-trinidad-visual-arts-page-trinidad-las-animas-visitor-facing-visual-arts-and-gal,Visit Trinidad Visual Arts Page,Trinidad,Las Animas,CO,Arts & culture,False,Direct website,https://visittrinidadcolorado.com/arts-culture/visual-arts/,https://visittrinidadcolorado.com/arts-culture/visual-arts/,Not indicated,Not indicated,Not indicated,Not indicated,Not indicated,Not indicated,Not indicated,Not indicated,Not indicated,Not indicated,Not indicated,Contact opportunity: Cross-promotion contact
local_listing,travel-guide-walking-and-running-paths-trinidad-las-animas,Walking & Running Paths,Trinidad,Las Animas,CO,Outdoor recreation,False,Hosted profile,,https://visittrinidadcolorado.com/outdoor-recreation/,Not indicated,Not indicated,Not indicated,Not indicated,Not indicated,Not indicated,Not indicated,Not indicated,Not indicated,Not indicated,Not indicated,Not indicated
local_listing,yellowpages-lead-walmart-pharmacy-trinidad-las-animas,Walmart - Pharmacy,Trinidad,Las Animas,CO,Health & wellness,False,Hosted profile,,https://www.yellowpages.com/trinidad-co/business-listings/1,Not indicated,Not indicated,Not indicated,Not indicated,Not indicated,Not indicated,Not indicated,Not indicated,Not indicated,Not indicated,Contact opportunity: Sponsorship contact,Not indicated
local_listing,yellowpages-lead-walmart-photo-center-trinidad-las-animas,Walmart - Photo Center,Trinidad,Las Animas,CO,Local business or service,False,Hosted profile,,https://www.yellowpages.com/trinidad-co/business-listings/1,Not indicated,Not indicated,Not indicated,Not indicated,Not indicated,Not indicated,Not indicated,Not indicated,Not indicated,Not indicated,Contact opportunity: Sponsorship contact,Not indicated
local_listing,yellowpages-lead-walmart-vision-center-trinidad-las-animas,Walmart - Vision Center,Trinidad,Las Animas,CO,Local business or service,False,Hosted profile,,https://www.yellowpages.com/trinidad-co/business-listings/1,Not indicated,Not indicated,Not indicated,Not indicated,Not indicated,Not indicated,Not indicated,Not indicated,Not indicated,Not indicated,Contact opportunity: Sponsorship contact,Not indicated
local_listing,yellowpages-lead-waste-connections-of-colorado-trinidad-las-animas,Waste Connections of Colorado Inc,Trinidad,Las Animas,CO,Local business or service,False,Hosted profile,,https://www.yellowpages.com/trinidad-co/business-listings/1,Not indicated,Not indicated,Not indicated,Not indicated,Not indicated,Not indicated,Not indicated,Not indicated,Not indicated,Not indicated,Not indicated,Not indicated
local_listing,yellowpages-lead-water-station-trinidad-las-animas,The Water Station,Trinidad,Las Animas,CO,Local business or service,False,Hosted profile,,https://www.yellowpages.com/trinidad-co/business-listings/1,Not indicated,Not indicated,Not indicated,Not indicated,Not indicated,Not indicated,Not indicated,Not indicated,Not indicated,Not indicated,Not indicated,Not indicated
local_listing,the-well-hotel-taproom-las-animas-boutique-hotel-taproom,The Well Hotel & Taproom,Trinidad,Las Animas,CO,Events & venues,True,Direct website,https://wellhoteltrinidad.com/events/,https://visittrinidadcolorado.com/stay/; https://www.trinidadcreativedistrict.org/arts-in-the-trinidad-colorado-community,Contact opportunity: Flyer/poster contact,Contact opportunity: Brochure/rack-card contact,Not indicated,Contact opportunity: Front-desk referral contact,Not indicated,Contact opportunity: Event calendar contact,Not indicated,Contact opportunity: Newsletter contact,Not indicated,Not indicated,Contact opportunity: Sponsorship contact,Contact opportunity: Cross-promotion contact
local_listing,tyrone-villegreen-las-animas-local listing-sparse-nodes,Tyrone / Villegreen,Tyrone,Las Animas,CO,Nonprofit & community,False,No online link,,,Not indicated,Not indicated,Not indicated,Not indicated,Not indicated,Not indicated,Not indicated,Not indicated,Not indicated,Not indicated,Not indicated,Not indicated
local_listing,enchanted-circle-pottery-regional-pottery-ceramics-studio,Enchanted Circle Pottery,Angel Fire corridor,Regional,NM,Arts & culture,True,Direct website,https://www.enchantedcirclepottery.com,https://angelfirechamber.org/business/category/artists-galleries-studios/,Not indicated,Contact opportunity: Brochure/rack-card contact,Not indicated,Contact opportunity: Front-desk referral contact,Contact opportunity: Directory listing contact,Contact opportunity: Event calendar contact,Not indicated,Contact opportunity: Newsletter contact,Not indicated,Not indicated,Contact opportunity: Sponsorship contact,Contact opportunity: Cross-promotion contact
local_listing,arts-in-society-colorado-grant-regional-regional-colorado-artist-and-nonprofit-grant,Arts in Society Colorado Grant,Regional,Regional,CO,Funding & support,False,Direct website,https://www.redlineart.org/ais-apply-for-a-grant,https://www.redlineart.org/ais-apply-for-a-grant,Not indicated,Not indicated,Not indicated,Not indicated,Not indicated,Not indicated,Not indicated,Contact opportunity: Newsletter contact,Not indicated,Not indicated,Not indicated,Contact opportunity: Cross-promotion contact
local_listing,call-yourself-creative-certified-district-partners-regional-regional-creative-district,Call Yourself Creative Certified District Partners,Regional,Regional,CO,Arts & culture,False,Direct website,https://callyourselfcreative.org/partners,https://callyourselfcreative.org/partners,Not indicated,Not indicated,Not indicated,Not indicated,Not indicated,Not indicated,Not indicated,Contact opportunity: Newsletter contact,Not indicated,Not indicated,Not indicated,Contact opportunity: Cross-promotion contact
local_listing,center-for-community-innovation-regional-training-technical-assistance,Center for Community Innovation,Regional,Regional,NM / CO,Business support,False,No online link,,,Not indicated,Not indicated,Not indicated,Not indicated,Not indicated,Not indicated,Not indicated,Not indicated,Not indicated,Not indicated,Not indicated,Not indicated
local_listing,city-halls-courthouses-post-offices-visitor-centers-regional-bulletin-bo,"City halls, courthouses, post offices, visitor centers",Regional,Regional,NM / CO,Nonprofit & community,False,No online link,,,Not indicated,Not indicated,Not indicated,Not indicated,Contact opportunity: Directory listing contact,Not indicated,Not indicated,Not indicated,Not indicated,Not indicated,Not indicated,Not indicated
local_listing,colorado-creative-districts-regional-regional-certified-creative-district-directory-an,Colorado Creative Districts,Regional,Regional,CO,Arts & culture,False,Direct website,https://oedit.colorado.gov/colorado-creative-districts,https://oedit.colorado.gov/colorado-creative-districts,Not indicated,Not indicated,Not indicated,Not indicated,Not indicated,Not indicated,Not indicated,Contact opportunity: Newsletter contact,Not indicated,Not indicated,Not indicated,Contact opportunity: Cross-promotion contact
local_listing,community-groups-regional-community-groups,Community groups,Regional,Regional,NM / CO,Nonprofit & community,False,No online link,,,Not indicated,Not indicated,Not indicated,Not indicated,Not indicated,Not indicated,Not indicated,Not indicated,Not indicated,Not indicated,Not indicated,Not indicated
local_listing,creative-industries-division-grant-portal-regional-regional-creative-grants-portal,Creative Industries Division Grant Portal,Regional,Regional,NM,Arts & culture,False,Direct website,https://creativeindustriesdivision.submittable.com/submit,https://creativeindustriesdivision.submittable.com/submit,Not indicated,Not indicated,Not indicated,Not indicated,Not indicated,Not indicated,Not indicated,Not indicated,Not indicated,Not indicated,Not indicated,Not indicated
local_listing,creative-new-mexico-regional-regional-statewide-creative-advocacy-and-resource-organiz,Creative New Mexico,Regional,Regional,NM,Arts & culture,False,Direct website,https://www.creativenewmexico.org/,https://www.creativenewmexico.org/,Not indicated,Not indicated,Not indicated,Not indicated,Not indicated,Not indicated,Not indicated,Not indicated,Not indicated,Not indicated,Not indicated,Not indicated
local_listing,enterprise-zone-regional-funding-financing,Enterprise Zone,Regional,Regional,NM / CO,Funding & support,False,No online link,,,Not indicated,Not indicated,Not indicated,Not indicated,Not indicated,Not indicated,Not indicated,Not indicated,Not indicated,Not indicated,Not indicated,Not indicated
local_listing,grocery-stores-cafes-restaurants-laundromats-pharmacies-hardware-stores-,"Grocery stores, cafes, restaurants, laundromats, pharmacies, hardware stores",Regional,Regional,NM / CO,Nonprofit & community,False,No online link,,,Not indicated,Not indicated,Not indicated,Not indicated,Not indicated,Not indicated,Not indicated,Not indicated,Not indicated,Not indicated,Not indicated,Not indicated
local_listing,jtip-regional-funding-financing,JTIP,Regional,Regional,NM / CO,Funding & support,False,No online link,,,Not indicated,Not indicated,Not indicated,Not indicated,Not indicated,Not indicated,Not indicated,Not indicated,Not indicated,Not indicated,Not indicated,Not indicated
local_listing,kauffman-fasttrac-score-regional-training-technical-assistance,Kauffman FastTrac & SCORE,Regional,Regional,NM / CO,Business support,False,No online link,,,Not indicated,Not indicated,Not indicated,Not indicated,Not indicated,Not indicated,Not indicated,Not indicated,Not indicated,Not indicated,Not indicated,Not indicated
local_listing,libraries-and-community-centers-regional-bulletin-boards-notice-boards-a,Libraries and community centers,Regional,Regional,NM / CO,Nonprofit & community,False,No online link,,,Not indicated,Not indicated,Not indicated,Not indicated,Not indicated,Not indicated,Not indicated,Not indicated,Not indicated,Not indicated,Not indicated,Not indicated
local_listing,local-newspapers-and-digital-news-regional-local-newspapers-and-digital-,Local newspapers and digital news,Regional,Regional,NM / CO,Media & news,False,No online link,,,Not indicated,Not indicated,Not indicated,Not indicated,Not indicated,Not indicated,Not indicated,Not indicated,Not indicated,Not indicated,Not indicated,Not indicated
local_listing,lodging-restaurants-retail-stores-and-service-businesses-regional-lodgin,"Lodging, restaurants, retail stores, and service businesses",Regional,Regional,NM / CO,Lodging & stays,False,No online link,,,Not indicated,Not indicated,Not indicated,Not indicated,Not indicated,Not indicated,Not indicated,Not indicated,Not indicated,Not indicated,Not indicated,Not indicated
local_listing,mainstreet-chamber-and-economic-development-groups-regional-mainstreet-c,"MainStreet, chamber, and economic-development groups",Regional,Regional,NM / CO,Tourism & visitor info,False,No online link,,,Not indicated,Not indicated,Not indicated,Not indicated,Contact opportunity: Directory listing contact,Not indicated,Not indicated,Not indicated,Not indicated,Not indicated,Not indicated,Not indicated
local_listing,microsoft-for-startups-regional-training-technical-assistance,Microsoft for Startups,Regional,Regional,NM / CO,Business support,False,No online link,,,Not indicated,Not indicated,Not indicated,Not indicated,Not indicated,Not indicated,Not indicated,Not indicated,Not indicated,Not indicated,Not indicated,Not indicated
local_listing,municipal-and-tourism-calendars-regional-municipal-and-tourism-calendars,Municipal and tourism calendars,Regional,Regional,NM / CO,Tourism & visitor info,False,No online link,,,Not indicated,Not indicated,Not indicated,Not indicated,Not indicated,Not indicated,Not indicated,Not indicated,Not indicated,Not indicated,Not indicated,Not indicated
local_listing,new-mexico-artist-directory-regional-regional-statewide-artist-studios-galleries-and-m,New Mexico Artist Directory,Regional,Regional,NM,Arts & culture,False,Direct website,https://www.newmexicoartistdirectory.com/,https://www.newmexicoartistdirectory.com/,Not indicated,Not indicated,Not indicated,Not indicated,Listed route: Existing directory profile,Not indicated,Not indicated,Not indicated,Contact opportunity: Digital advertising contact,Contact opportunity: Pitch a story or announcement,Not indicated,Contact opportunity: Cross-promotion contact
local_listing,new-mexico-creative-industries-resource-center-regional-regional-statewide-creative-re,New Mexico Creative Industries Resource Center,Regional,Regional,NM,Arts & culture,False,Hosted profile,https://www.edd.newmexico.gov/divisions-and-offices/creative-industries/creative-industries-resource-center/,https://www.edd.newmexico.gov/divisions-and-offices/creative-industries/creative-industries-resource-center/,Not indicated,Not indicated,Not indicated,Not indicated,Not indicated,Not indicated,Not indicated,Not indicated,Not indicated,Not indicated,Not indicated,Not indicated
local_listing,news-radio-regional-news-radio,News/radio,Regional,Regional,NM / CO,Media & news,False,No online link,,,Not indicated,Not indicated,Not indicated,Not indicated,Not indicated,Not indicated,Not indicated,Not indicated,Not indicated,Not indicated,Not indicated,Not indicated
local_listing,nm-creative-industries-grant-opportunities-regional-regional-creative-grants-and-publi,NM Creative Industries Grant Opportunities,Regional,Regional,NM,Arts & culture,False,Hosted profile,https://www.edd.newmexico.gov/grants/cid-grants/,https://www.edd.newmexico.gov/grants/cid-grants/,Not indicated,Not indicated,Not indicated,Not indicated,Not indicated,Not indicated,Not indicated,Not indicated,Not indicated,Not indicated,Not indicated,Not indicated
local_listing,nm-creative-industries-submit-or-update-a-resource-listing-regional-regional-creative,NM Creative Industries Submit or Update a Resource Listing,Regional,Regional,NM,Arts & culture,False,Hosted profile,https://www.edd.newmexico.gov/divisions-and-offices/creative-industries/creative-industries-resource-center/,https://www.edd.newmexico.gov/divisions-and-offices/creative-industries/creative-industries-resource-center/,Not indicated,Not indicated,Not indicated,Not indicated,Not indicated,Not indicated,Not indicated,Not indicated,Not indicated,Not indicated,Not indicated,Not indicated
local_listing,nonprofit-and-community-service-grants-regional-nonprofit-and-community-,Nonprofit and community-service grants,Regional,Regional,NM / CO,Nonprofit & community,False,No online link,,,Not indicated,Not indicated,Not indicated,Not indicated,Not indicated,Not indicated,Not indicated,Not indicated,Not indicated,Not indicated,Not indicated,Not indicated
local_listing,radio-stations-regional-radio-stations,Radio stations,Regional,Regional,NM / CO,Media & news,False,No online link,,,Not indicated,Not indicated,Not indicated,Not indicated,Not indicated,Not indicated,Not indicated,Not indicated,Not indicated,Not indicated,Not indicated,Not indicated
local_listing,real-estate-fa-ade-and-downtown-revitalization-funds-regional-real-estat,"Real estate, façade, and downtown revitalization funds",Regional,Regional,NM / CO,Professional services,False,No online link,,,Not indicated,Not indicated,Not indicated,Not indicated,Not indicated,Not indicated,Not indicated,Not indicated,Not indicated,Not indicated,Not indicated,Not indicated
local_listing,sba-nm-small-business-development-center-regional-training-technical-ass,SBA & NM Small Business Development Center,Regional,Regional,NM / CO,Business support,False,No online link,,,Not indicated,Not indicated,Not indicated,Not indicated,Not indicated,Not indicated,Not indicated,Not indicated,Not indicated,Not indicated,Not indicated,Not indicated
local_listing,schools-colleges-churches-and-service-organizations-regional-bulletin-bo,"Schools, colleges, churches, and service organizations",Regional,Regional,NM / CO,Nonprofit & community,False,No online link,,,Not indicated,Not indicated,Not indicated,Not indicated,Not indicated,Not indicated,Not indicated,Not indicated,Not indicated,Not indicated,Not indicated,Not indicated
local_listing,schools-libraries-churches-and-community-centers-regional-schools-librar,"Schools, libraries, churches, and community centers",Regional,Regional,NM / CO,Nonprofit & community,False,No online link,,,Not indicated,Not indicated,Not indicated,Not indicated,Not indicated,Not indicated,Not indicated,Not indicated,Not indicated,Not indicated,Not indicated,Not indicated
local_listing,small-business-loans-loan-guarantees-and-credit-support-regional-small-b,"Small-business loans, loan guarantees, and credit support",Regional,Regional,NM / CO,Funding & support,False,No online link,,,Not indicated,Not indicated,Not indicated,Not indicated,Not indicated,Not indicated,Not indicated,Not indicated,Not indicated,Not indicated,Not indicated,Not indicated
local_listing,southern-colorado-economic-development-district-regional-training-techni,Southern Colorado Economic Development District (SCEDD),Regional,Regional,NM / CO,Business support,False,No online link,,,Not indicated,Not indicated,Not indicated,Not indicated,Contact opportunity: Directory listing contact,Not indicated,Not indicated,Not indicated,Not indicated,Not indicated,Not indicated,Not indicated
local_listing,tourism-arts-event-and-creative-economy-grants-regional-tourism-arts-eve,"Tourism, arts, event, and creative-economy grants",Regional,Regional,NM / CO,Arts & culture,False,No online link,,,Not indicated,Not indicated,Not indicated,Not indicated,Not indicated,Not indicated,Not indicated,Not indicated,Not indicated,Not indicated,Not indicated,Not indicated
local_listing,workforce-and-job-training-incentives-regional-workforce-and-job-trainin,Workforce and job-training incentives,Regional,Regional,NM / CO,Business support,False,No online link,,,Not indicated,Not indicated,Not indicated,Not indicated,Not indicated,Not indicated,Not indicated,Not indicated,Not indicated,Not indicated,Not indicated,Not indicated
local_listing,advanced-air-llc-colfax-air-transportation,"Advanced Air, LLC",Angel Fire,Colfax,NM,Tourism & visitor info,False,Direct website,https://advancedairlines.com/landing-pages/angel-fire-new-mexico/,https://www.dot.nm.gov/blog/2024/12/18/nmdot-funds-1-4m-rural-air-service-enhancement-grant-for-angel-fire/; https://angelfirechamber.org/business/advanced-air/,Not indicated,Not indicated,Not indicated,Not indicated,Listed route: Existing directory profile,Contact opportunity: Event calendar contact,Not indicated,Contact opportunity: Newsletter contact,Not indicated,Not indicated,Contact opportunity: Sponsorship contact,Contact opportunity: Cross-promotion contact
local_listing,angels-glow-tanning-oxygen-bar-colfax-health-wellness,Angel's Glow Tanning & Oxygen Bar,Angel Fire,Colfax,NM,Food & drink,True,Direct website,https://www.google.com/maps/search/?api=1&query=Angel%27s+Glow+Tanning+%26+Oxygen+Bar+3379+Mountain+View+Blvd+Angel+Fire+NM,https://angelfirechamber.org/business/angels-glow-tanning-oxygen-bar/,Contact opportunity: Flyer/poster contact,Contact opportunity: Brochure/rack-card contact,Not indicated,Contact opportunity: Front-desk referral contact,Listed route: Existing directory profile,Contact opportunity: Event calendar contact,Not indicated,Contact opportunity: Newsletter contact,Not indicated,Not indicated,Contact opportunity: Sponsorship contact,Contact opportunity: Cross-promotion contact
local_listing,brodsky-bookkeeping-colfax-professional-services,Brodsky Bookkeeping,Angel Fire,Colfax,NM,Professional services,False,Direct website,https://www.brodskybookkeeping.com/,https://angelfirechamber.org/business/brodsky-bookkeeping/,Not indicated,Not indicated,Not indicated,Not indicated,Listed route: Existing directory profile,Contact opportunity: Event calendar contact,Not indicated,Contact opportunity: Newsletter contact,Not indicated,Not indicated,Contact opportunity: Sponsorship contact,Contact opportunity: Cross-promotion contact
local_listing,comanche-creek-brewing-company-colfax-food-beverage,Comanche Creek Brewing Company,Eagle Nest,Colfax,NM,Events & venues,True,Direct website,https://www.comanchecreekbrewingco.com/,https://www.comanchecreekbrewingco.com/location/hours-and-location/; https://angelfirechamber.org/business/comanche-creek-brewing-company/,Contact opportunity: Flyer/poster contact,Contact opportunity: Brochure/rack-card contact,Not indicated,Contact opportunity: Front-desk referral contact,Listed route: Existing directory profile,Contact opportunity: Event calendar contact,Not indicated,Contact opportunity: Newsletter contact,Not indicated,Not indicated,Contact opportunity: Sponsorship contact,Contact opportunity: Cross-promotion contact
local_listing,double-black-design-llc-colfax-construction,"Double Black Design, LLC",Angel Fire,Colfax,NM,"Home, land & contracting",False,Direct website,https://www.doubleblackdesign.co/,https://www.linkedin.com/company/double-black-design-llc; https://angelfirechamber.org/business/double-black-design-llc/,Not indicated,Not indicated,Not indicated,Not indicated,Listed route: Existing directory profile,Contact opportunity: Event calendar contact,Contact opportunity: Social-sharing contact,Contact opportunity: Newsletter contact,Not indicated,Not indicated,Contact opportunity: Sponsorship contact,Contact opportunity: Cross-promotion contact
local_listing,holy-angels-catholic-mission-church-colfax-community-organization,Holy Angels Catholic Mission Church,Angel Fire,Colfax,NM,Nonprofit & community,True,Direct website,https://www.angelfirecatholic.com/,https://angelfirechamber.org/business/holy-angels-catholic-mission-church/,Not indicated,Contact opportunity: Brochure/rack-card contact,Contact opportunity: Bulletin-board contact,Contact opportunity: Front-desk referral contact,Listed route: Existing directory profile,Contact opportunity: Event calendar contact,Not indicated,Contact opportunity: Newsletter contact,Not indicated,Not indicated,Contact opportunity: Sponsorship contact,Contact opportunity: Cross-promotion contact
local_listing,c-cubed-training-huerfano-education-nonprofit,C Cubed Training,Walsenburg,Huerfano,CO,Education & learning,True,Direct website,https://www.ccubedtraining.com/,https://spanishpeakscountry.com/business-directory/listing/c-cubed-training,Not indicated,Not indicated,Contact opportunity: Bulletin-board contact,Not indicated,Listed route: Existing directory profile,Not indicated,Not indicated,Contact opportunity: Newsletter contact,Not indicated,Not indicated,Not indicated,Contact opportunity: Cross-promotion contact
local_listing,my-one-hour-office-huerfano-business-support,My One Hour Office,Walsenburg,Huerfano,CO,Business support,True,Direct website,https://myonehouroffice.com/,https://spanishpeakscountry.com/business-directory/listing/my-one-hour-office; https://www.colorado.com/walsenburg/my-one-hour-office,Not indicated,Not indicated,Not indicated,Not indicated,Listed route: Existing directory profile,Not indicated,Not indicated,Not indicated,Not indicated,Not indicated,Not indicated,Not indicated
local_listing,world-journal-huerfano-media-news,The World Journal,Walsenburg,Huerfano,CO,Media & news,True,Direct website,https://worldjournalnewspaper.com/,https://directory.worldjournalnewspaper.com/places/world-journal-newspaper/; https://spanishpeakscountry.com/business-directory/listing/world-journal,Not indicated,Not indicated,Not indicated,Not indicated,Listed route: Existing directory profile,Contact opportunity: Event calendar contact,Not indicated,Contact opportunity: Newsletter contact,Contact opportunity: Digital advertising contact,Contact opportunity: Pitch a story or announcement,Contact opportunity: Sponsorship contact,Contact opportunity: Cross-promotion contact
directory_shortcut,,Angel Fire Chamber Member Business Directory,,Colfax,,Member business directory,False,Directory shortcut,https://angelfirechamber.org/local-businesses/,https://angelfirechamber.org/local-businesses/,Not indicated,Not indicated,Not indicated,Not indicated,Listed route: Existing directory profile,Contact opportunity: Event calendar contact,Not indicated,Contact opportunity: Newsletter contact,Not indicated,Not indicated,Contact opportunity: Sponsorship contact,Contact opportunity: Cross-promotion contact
directory_shortcut,,Artists Sunday Artist Directory,,Regional,,Artist directory,False,Directory shortcut,https://artistssunday.com/directory/,https://artistssunday.com/directory/,Not indicated,Not indicated,Not indicated,Not indicated,Listed route: Existing directory profile,Not indicated,Not indicated,Not indicated,Not indicated,Not indicated,Not indicated,Not indicated
directory_shortcut,,Arts in Society Grant,,Regional,,Arts / civic grants,False,Directory shortcut,https://oedit.colorado.gov/arts-in-society-grant,https://oedit.colorado.gov/arts-in-society-grant,Not indicated,Not indicated,Not indicated,Not indicated,Not indicated,Not indicated,Not indicated,Not indicated,Not indicated,Not indicated,Not indicated,Not indicated
directory_shortcut,,Bachman Community Calendar,,Huerfano,,Community calendar,False,Directory shortcut,https://www.discoverbachman.com/community-calendar/,https://www.discoverbachman.com/community-calendar/,Not indicated,Not indicated,Not indicated,Not indicated,Not indicated,Listed route: Event/calendar route,Not indicated,Not indicated,Not indicated,Not indicated,Not indicated,Not indicated
directory_shortcut,,Bar NI Community Fund,,Las Animas,,Local nonprofit grants,False,Directory shortcut,https://barnicommunityfund.org/,https://barnicommunityfund.org/,Not indicated,Not indicated,Not indicated,Not indicated,Not indicated,Not indicated,Not indicated,Contact opportunity: Newsletter contact,Not indicated,Not indicated,Not indicated,Contact opportunity: Cross-promotion contact
directory_shortcut,,Bent County Business Development,,Las Animas,,Regional business development,False,Directory shortcut,https://www.bentcounty.net/businesses/business_development.php,https://www.bentcounty.net/businesses/business_development.php,Not indicated,Not indicated,Not indicated,Not indicated,Not indicated,Not indicated,Not indicated,Not indicated,Not indicated,Not indicated,Not indicated,Not indicated
directory_shortcut,,City of Raton Business Licenses and Regulations,,Colfax,,Licensing / compliance,False,Directory shortcut,https://www.ratonnm.gov/business/business_license_regulations.php,https://www.ratonnm.gov/business/business_license_regulations.php,Not indicated,Not indicated,Not indicated,Not indicated,Listed route: Existing directory profile,Not indicated,Not indicated,Not indicated,Not indicated,Not indicated,Not indicated,Not indicated
directory_shortcut,,City of Raton Business Services,,Colfax,,Municipal business resources,False,Directory shortcut,https://www.ratonnm.gov/business/index.php,https://www.ratonnm.gov/business/index.php,Not indicated,Not indicated,Not indicated,Not indicated,Listed route: Existing directory profile,Not indicated,Not indicated,Not indicated,Not indicated,Not indicated,Not indicated,Not indicated
directory_shortcut,,City of Raton Economic Development Programs,,Colfax,,Startup / economic-development resource hub,False,Directory shortcut,https://www.ratonnm.gov/business/economic_development/index.php,https://www.ratonnm.gov/business/economic_development/index.php,Not indicated,Not indicated,Not indicated,Not indicated,Listed route: Existing directory profile,Not indicated,Not indicated,Contact opportunity: Newsletter contact,Not indicated,Not indicated,Not indicated,Contact opportunity: Cross-promotion contact
directory_shortcut,,City of Raton Local Business Support,,Colfax,,Business support,False,Directory shortcut,https://www.ratonnm.gov/business/economic_development/local_business_resources.php,https://www.ratonnm.gov/business/economic_development/local_business_resources.php,Not indicated,Not indicated,Not indicated,Not indicated,Not indicated,Not indicated,Not indicated,Not indicated,Not indicated,Not indicated,Not indicated,Not indicated
directory_shortcut,,City of Trinidad Economic Development Newsletter,,Las Animas,,Economic development updates,False,Directory shortcut,https://www.trinidad.co.gov/services/economicdevelopment_newsletter.php,https://www.trinidad.co.gov/services/economicdevelopment_newsletter.php,Not indicated,Not indicated,Not indicated,Not indicated,Contact opportunity: Directory listing contact,Not indicated,Not indicated,Contact opportunity: Newsletter contact,Not indicated,Not indicated,Not indicated,Contact opportunity: Cross-promotion contact
directory_shortcut,,City of Trinidad Grants,,Las Animas,,Funding,False,Directory shortcut,https://www.trinidad.co.gov/services/grants.php,https://www.trinidad.co.gov/services/grants.php,Not indicated,Not indicated,Not indicated,Not indicated,Not indicated,Not indicated,Not indicated,Not indicated,Not indicated,Not indicated,Not indicated,Not indicated
directory_shortcut,,Colexico Alliance / TLAC Chamber Regional Hub,,Regional,,Regional chamber / member network,False,Directory shortcut,https://tlacchamber.org/,https://tlacchamber.org/,Not indicated,Not indicated,Not indicated,Not indicated,Contact opportunity: Directory listing contact,Contact opportunity: Event calendar contact,Not indicated,Contact opportunity: Newsletter contact,Not indicated,Not indicated,Contact opportunity: Sponsorship contact,Contact opportunity: Cross-promotion contact
directory_shortcut,,Colfax County Business Resources,,Colfax,,County business resources,False,Directory shortcut,https://www.co.colfax.nm.us/business/index.php,https://www.co.colfax.nm.us/business/index.php,Not indicated,Not indicated,Not indicated,Not indicated,Listed route: Existing directory profile,Not indicated,Not indicated,Not indicated,Not indicated,Not indicated,Not indicated,Not indicated
directory_shortcut,,Colfax County Clerk,,Colfax,,County clerk / records,False,Directory shortcut,https://www.co.colfax.nm.us/government/county_clerk.php,https://www.co.colfax.nm.us/government/county_clerk.php,Not indicated,Not indicated,Not indicated,Not indicated,Not indicated,Not indicated,Not indicated,Not indicated,Not indicated,Not indicated,Not indicated,Not indicated
directory_shortcut,,Colorado Advanced Industries Accelerator Programs,,Regional,,Startup / innovation grants,False,Directory shortcut,https://oedit.colorado.gov/advanced-industries-accelerator-programs,https://oedit.colorado.gov/advanced-industries-accelerator-programs,Not indicated,Not indicated,Not indicated,Not indicated,Not indicated,Not indicated,Not indicated,Not indicated,Not indicated,Not indicated,Not indicated,Not indicated
directory_shortcut,,Colorado Business Funding and Incentives,,Regional,,Business funding directory,False,Directory shortcut,https://oedit.colorado.gov/business-funding-and-incentives,https://oedit.colorado.gov/business-funding-and-incentives,Not indicated,Not indicated,Not indicated,Not indicated,Not indicated,Not indicated,Not indicated,Not indicated,Not indicated,Not indicated,Not indicated,Not indicated
directory_shortcut,,Colorado Community Revitalization Grant,,Regional,,Creative district / main street funding,False,Directory shortcut,https://oedit.colorado.gov/colorado-community-revitalization-grant,https://oedit.colorado.gov/colorado-community-revitalization-grant,Not indicated,Not indicated,Not indicated,Not indicated,Not indicated,Not indicated,Not indicated,Contact opportunity: Newsletter contact,Not indicated,Not indicated,Not indicated,Contact opportunity: Cross-promotion contact
directory_shortcut,,Colorado Creates Grant,,Regional,,Arts organization grants,False,Directory shortcut,https://oedit.colorado.gov/colorado-creates-grant,https://oedit.colorado.gov/colorado-creates-grant,Not indicated,Not indicated,Not indicated,Not indicated,Not indicated,Not indicated,Not indicated,Not indicated,Not indicated,Not indicated,Not indicated,Not indicated
directory_shortcut,,Colorado Creative Industries,,Regional,,Creative economy support,False,Directory shortcut,https://oedit.colorado.gov/colorado-creative-industries,https://oedit.colorado.gov/colorado-creative-industries,Not indicated,Not indicated,Not indicated,Not indicated,Not indicated,Not indicated,Not indicated,Not indicated,Not indicated,Not indicated,Not indicated,Not indicated
directory_shortcut,,Colorado Gives,,Las Animas,,Nonprofit giving directory,False,Directory shortcut,https://www.coloradogives.org/,https://www.coloradogives.org/,Not indicated,Not indicated,Not indicated,Not indicated,Not indicated,Not indicated,Not indicated,Contact opportunity: Newsletter contact,Not indicated,Not indicated,Not indicated,Contact opportunity: Cross-promotion contact
directory_shortcut,,Colorado Nonprofit Association Directory,,Regional,,Nonprofit directory,False,Directory shortcut,https://coloradononprofits.org/member-resources/nonprofit-member-directory/,https://coloradononprofits.org/member-resources/nonprofit-member-directory/,Not indicated,Not indicated,Not indicated,Not indicated,Listed route: Existing directory profile,Not indicated,Not indicated,Contact opportunity: Newsletter contact,Not indicated,Not indicated,Not indicated,Contact opportunity: Cross-promotion contact
directory_shortcut,,Colorado OEDIT Rural Opportunity Office,,Regional,,Rural business development,False,Directory shortcut,https://oedit.colorado.gov/category/rural-opportunity-office,https://oedit.colorado.gov/category/rural-opportunity-office,Not indicated,Not indicated,Not indicated,Not indicated,Not indicated,Not indicated,Not indicated,Not indicated,Not indicated,Not indicated,Not indicated,Not indicated
directory_shortcut,,Colorado Rural Jump-Start Program,,Regional,,Startup incentive / rural grant,False,Directory shortcut,https://oedit.colorado.gov/rural-jump-start-program,https://oedit.colorado.gov/rural-jump-start-program,Not indicated,Not indicated,Not indicated,Not indicated,Not indicated,Not indicated,Not indicated,Not indicated,Not indicated,Not indicated,Not indicated,Not indicated
directory_shortcut,,Colorado SBDC Network,,Regional,,SBDC,False,Directory shortcut,https://oedit.colorado.gov/colorado-small-business-development-center-network,https://oedit.colorado.gov/colorado-small-business-development-center-network,Not indicated,Not indicated,Not indicated,Not indicated,Not indicated,Not indicated,Not indicated,Not indicated,Not indicated,Not indicated,Not indicated,Contact opportunity: Cross-promotion contact
directory_shortcut,,Colorado Vacation Directory,,Regional,,Visitor and recreation directory,False,Directory shortcut,https://www.coloradodirectory.com/,https://www.coloradodirectory.com/,Not indicated,Not indicated,Not indicated,Not indicated,Not indicated,Not indicated,Not indicated,Not indicated,Not indicated,Not indicated,Not indicated,Not indicated
directory_shortcut,,CREATE Trinidad,,Las Animas,,Creative district,False,Directory shortcut,https://www.trinidadcreativedistrict.org/,https://www.trinidadcreativedistrict.org/,Not indicated,Not indicated,Not indicated,Not indicated,Not indicated,Not indicated,Not indicated,Contact opportunity: Newsletter contact,Not indicated,Not indicated,Not indicated,Contact opportunity: Cross-promotion contact
directory_shortcut,,El Raton Media Works Local Businesses,,Colfax,,Local business list,False,Directory shortcut,https://www.elratonmediaworks.org/local-businesses,https://www.elratonmediaworks.org/local-businesses,Not indicated,Not indicated,Not indicated,Not indicated,Not indicated,Not indicated,Not indicated,Not indicated,Contact opportunity: Digital advertising contact,Contact opportunity: Pitch a story or announcement,Not indicated,Contact opportunity: Cross-promotion contact
directory_shortcut,,Enigma Directory: Raton Business Entities,,Colfax,,Business data aggregator,False,Directory shortcut,https://www.enigma.com/directory/nm/raton/,https://www.enigma.com/directory/nm/raton/,Not indicated,Not indicated,Not indicated,Not indicated,Not indicated,Not indicated,Not indicated,Not indicated,Not indicated,Not indicated,Not indicated,Not indicated
directory_shortcut,,Explore Raton,,Colfax,,Tourism / events,False,Directory shortcut,https://www.exploreraton.com/,https://www.exploreraton.com/,Not indicated,Not indicated,Not indicated,Not indicated,Not indicated,Contact opportunity: Event calendar contact,Not indicated,Not indicated,Not indicated,Not indicated,Contact opportunity: Sponsorship contact,Contact opportunity: Cross-promotion contact
directory_shortcut,,Explore Raton Events,,Colfax,,Event calendar,False,Directory shortcut,https://www.exploreraton.com/events,https://www.exploreraton.com/events,Not indicated,Not indicated,Not indicated,Not indicated,Not indicated,Listed route: Event/calendar route,Not indicated,Not indicated,Not indicated,Not indicated,Contact opportunity: Sponsorship contact,Contact opportunity: Cross-promotion contact
directory_shortcut,,Explore Raton Shopping,,Colfax,,Visitor business directory,False,Directory shortcut,https://www.exploreraton.com/shop,https://www.exploreraton.com/shop,Not indicated,Not indicated,Not indicated,Not indicated,Listed route: Existing directory profile,Not indicated,Not indicated,Not indicated,Not indicated,Not indicated,Not indicated,Not indicated
directory_shortcut,,Explore Raton Visitors Guide Advertising,,Colfax,,Visitor guide / promotion inquiry,False,Directory shortcut,https://www.exploreraton.com/post/purchase-your-2026-raton-visitors-guide-ad,https://www.exploreraton.com/post/purchase-your-2026-raton-visitors-guide-ad,Not indicated,Not indicated,Not indicated,Not indicated,Not indicated,Not indicated,Not indicated,Not indicated,Contact opportunity: Digital advertising contact,Contact opportunity: Pitch a story or announcement,Not indicated,Not indicated
directory_shortcut,,Finance New Mexico Regional Economic Development Organizations,,Regional,,Economic-development directory,False,Directory shortcut,https://financenewmexico.org/resources/general-business-assistance/regional-economic-development-organizations/,https://financenewmexico.org/resources/general-business-assistance/regional-economic-development-organizations/,Not indicated,Not indicated,Not indicated,Not indicated,Contact opportunity: Directory listing contact,Not indicated,Not indicated,Contact opportunity: Newsletter contact,Not indicated,Not indicated,Not indicated,Contact opportunity: Cross-promotion contact
directory_shortcut,,Folk and Traditional Arts Project Grant,,Regional,,Cultural heritage grants,False,Directory shortcut,https://oedit.colorado.gov/folk-and-traditional-arts-project-grant,https://oedit.colorado.gov/folk-and-traditional-arts-project-grant,Not indicated,Not indicated,Not indicated,Not indicated,Not indicated,Not indicated,Not indicated,Not indicated,Not indicated,Not indicated,Not indicated,Not indicated
directory_shortcut,,Gates Family Foundation Capital Grants,,Regional,,Colorado nonprofit capital grants,False,Directory shortcut,https://gatesfamilyfoundation.org/types-of-support/capital-grants/,https://gatesfamilyfoundation.org/types-of-support/capital-grants/,Not indicated,Not indicated,Not indicated,Not indicated,Not indicated,Not indicated,Not indicated,Contact opportunity: Newsletter contact,Not indicated,Not indicated,Not indicated,Contact opportunity: Cross-promotion contact
directory_shortcut,,Grants.gov,,Regional,,Federal grant search,False,Directory shortcut,https://www.grants.gov/,https://www.grants.gov/,Not indicated,Not indicated,Not indicated,Not indicated,Not indicated,Not indicated,Not indicated,Not indicated,Not indicated,Not indicated,Not indicated,Not indicated
directory_shortcut,,Groundworks New Mexico Nonprofit Directory,,Colfax,,Nonprofit directory,False,Directory shortcut,https://www.groundworksnm.org/nonprofit-directory/new-mexico-busin?combine=&order=city&page=32&sort=desc,https://www.groundworksnm.org/nonprofit-directory/new-mexico-busin?combine=&order=city&page=32&sort=desc,Not indicated,Not indicated,Not indicated,Not indicated,Listed route: Existing directory profile,Not indicated,Not indicated,Contact opportunity: Newsletter contact,Not indicated,Not indicated,Not indicated,Contact opportunity: Cross-promotion contact
directory_shortcut,,GrowRaton,,Colfax,,Economic development,False,Directory shortcut,https://www.growraton.org/,https://www.growraton.org/,Not indicated,Not indicated,Not indicated,Not indicated,Contact opportunity: Directory listing contact,Not indicated,Not indicated,Contact opportunity: Newsletter contact,Not indicated,Not indicated,Not indicated,Contact opportunity: Cross-promotion contact
directory_shortcut,,GrowRaton Commercial Properties,,Colfax,,Property / expansion,False,Directory shortcut,https://www.growraton.org/properties/,https://www.growraton.org/properties/,Not indicated,Not indicated,Not indicated,Not indicated,Not indicated,Not indicated,Not indicated,Not indicated,Not indicated,Not indicated,Not indicated,Not indicated
directory_shortcut,,History Colorado State Historical Fund,,Regional,,Historic preservation grants,False,Directory shortcut,https://www.historycolorado.org/state-historical-fund,https://www.historycolorado.org/state-historical-fund,Not indicated,Not indicated,Not indicated,Not indicated,Not indicated,Not indicated,Not indicated,Not indicated,Not indicated,Not indicated,Not indicated,Not indicated
directory_shortcut,,Huerfano Chamber Resources,,Huerfano,,Resource hub,False,Directory shortcut,https://www.chamber.huerfano.org/resources,https://www.chamber.huerfano.org/resources,Not indicated,Not indicated,Not indicated,Not indicated,Contact opportunity: Directory listing contact,Contact opportunity: Event calendar contact,Not indicated,Contact opportunity: Newsletter contact,Not indicated,Not indicated,Contact opportunity: Sponsorship contact,Contact opportunity: Cross-promotion contact
directory_shortcut,,Huerfano County Chamber,,Huerfano,,Chamber / events,False,Directory shortcut,https://www.chamber.huerfano.org/,https://www.chamber.huerfano.org/,Not indicated,Not indicated,Not indicated,Not indicated,Contact opportunity: Directory listing contact,Contact opportunity: Event calendar contact,Not indicated,Contact opportunity: Newsletter contact,Not indicated,Not indicated,Contact opportunity: Sponsorship contact,Contact opportunity: Cross-promotion contact
directory_shortcut,,Huerfano County Economic Development Support & Incentives,,Huerfano,,Economic development,False,Directory shortcut,https://www.huerfano.org/support,https://www.huerfano.org/support,Not indicated,Not indicated,Not indicated,Not indicated,Contact opportunity: Directory listing contact,Not indicated,Not indicated,Contact opportunity: Newsletter contact,Not indicated,Not indicated,Not indicated,Contact opportunity: Cross-promotion contact
directory_shortcut,,Huerfano County Government,,Huerfano,,County government,False,Directory shortcut,https://huerfano.us/,https://huerfano.us/,Not indicated,Not indicated,Not indicated,Not indicated,Not indicated,Not indicated,Not indicated,Not indicated,Not indicated,Not indicated,Not indicated,Not indicated
directory_shortcut,,Huerfano County Government Calendar,,Huerfano,,Public calendar,False,Directory shortcut,https://huerfano.us/,https://huerfano.us/,Not indicated,Not indicated,Not indicated,Not indicated,Not indicated,Contact opportunity: Event calendar contact,Not indicated,Not indicated,Not indicated,Not indicated,Not indicated,Not indicated
directory_shortcut,,KRTN Enchanted Air Radio,,Colfax,,Media / advertising,False,Directory shortcut,https://krtnradio.com/wp/advertising/,https://krtnradio.com/wp/advertising/,Not indicated,Not indicated,Not indicated,Not indicated,Not indicated,Listed route: Event/calendar route,Not indicated,Contact opportunity: Newsletter contact,Listed route: Advertising inquiry route,Listed route: Media/editorial route,Contact opportunity: Sponsorship contact,Contact opportunity: Cross-promotion contact
directory_shortcut,,La Veta Creative District,,Huerfano,,Creative district,False,Directory shortcut,https://www.lavetacreativedistrict.org/,https://www.lavetacreativedistrict.org/,Not indicated,Not indicated,Not indicated,Not indicated,Not indicated,Not indicated,Not indicated,Contact opportunity: Newsletter contact,Not indicated,Not indicated,Not indicated,Contact opportunity: Cross-promotion contact
directory_shortcut,,Las Animas County Government,,Las Animas,,County government,False,Directory shortcut,https://lasanimascounty.colorado.gov/,https://lasanimascounty.colorado.gov/,Not indicated,Not indicated,Not indicated,Not indicated,Not indicated,Not indicated,Not indicated,Not indicated,Not indicated,Not indicated,Not indicated,Not indicated
directory_shortcut,,LocalStash / Weekender regional events,,Regional,,Regional event list / visitor channel,False,Directory shortcut,https://weekender.pub/,https://weekender.pub/,Not indicated,Not indicated,Not indicated,Not indicated,Not indicated,Contact opportunity: Event calendar contact,Not indicated,Not indicated,Not indicated,Not indicated,Contact opportunity: Sponsorship contact,Contact opportunity: Cross-promotion contact
directory_shortcut,,National Endowment for the Arts Grants,,Regional,,Federal arts grants,False,Directory shortcut,https://www.arts.gov/grants,https://www.arts.gov/grants,Not indicated,Not indicated,Not indicated,Not indicated,Not indicated,Not indicated,Not indicated,Not indicated,Not indicated,Not indicated,Not indicated,Not indicated
directory_shortcut,,New Mexico Arts Grants,,Colfax,,Arts organization grants,False,Directory shortcut,https://nmarts.org/grants/grants-information/,https://nmarts.org/grants/grants-information/,Not indicated,Not indicated,Not indicated,Not indicated,Not indicated,Not indicated,Not indicated,Not indicated,Not indicated,Not indicated,Not indicated,Not indicated
directory_shortcut,,New Mexico Business Portal,,Regional,,Business startup / licensing,False,Directory shortcut,https://biz.nm.gov/business-navigator/licenses-and-permits/,https://biz.nm.gov/business-navigator/licenses-and-permits/,Not indicated,Not indicated,Not indicated,Not indicated,Not indicated,Not indicated,Not indicated,Not indicated,Not indicated,Not indicated,Not indicated,Not indicated
directory_shortcut,,New Mexico Business Portal Financial Assistance,,Colfax,,Business funding directory,False,Directory shortcut,https://biz.nm.gov/financial-assistance/,https://biz.nm.gov/financial-assistance/,Not indicated,Not indicated,Not indicated,Not indicated,Not indicated,Not indicated,Not indicated,Not indicated,Not indicated,Not indicated,Not indicated,Not indicated
directory_shortcut,,New Mexico Creative Industries Division Grants,,Colfax,,Creative business / organization grants,False,Directory shortcut,https://www.edd.newmexico.gov/grants/cid-grants/,https://www.edd.newmexico.gov/grants/cid-grants/,Not indicated,Not indicated,Not indicated,Not indicated,Not indicated,Not indicated,Not indicated,Not indicated,Not indicated,Not indicated,Not indicated,Not indicated
directory_shortcut,,New Mexico Finance Authority Opportunity Enterprise,,Colfax,,Commercial development loans,False,Directory shortcut,https://www.nmfinance.com/project/opportunity-enterprise-commercial-development/,https://www.nmfinance.com/project/opportunity-enterprise-commercial-development/,Not indicated,Not indicated,Not indicated,Not indicated,Not indicated,Not indicated,Not indicated,Not indicated,Not indicated,Not indicated,Not indicated,Not indicated
directory_shortcut,,New Mexico Finance Authority SSBCI,,Colfax,,Small business capital access,False,Directory shortcut,https://www.nmfinance.com/project/state-small-business-credit-initiative-ssbci/,https://www.nmfinance.com/project/state-small-business-credit-initiative-ssbci/,Not indicated,Not indicated,Not indicated,Not indicated,Not indicated,Not indicated,Not indicated,Not indicated,Not indicated,Not indicated,Not indicated,Not indicated
directory_shortcut,,New Mexico Job Training Incentive Program,,Colfax,,Workforce training reimbursement,False,Directory shortcut,https://www.edd.newmexico.gov/programs-and-services/business-development/job-training-incentive-program/,https://www.edd.newmexico.gov/programs-and-services/business-development/job-training-incentive-program/,Not indicated,Not indicated,Not indicated,Not indicated,Not indicated,Not indicated,Not indicated,Not indicated,Not indicated,Not indicated,Not indicated,Not indicated
directory_shortcut,,New Mexico Local Economic Development Act,,Colfax,,Economic-development incentive / state program,False,Directory shortcut,https://www.edd.newmexico.gov/grants/local-economic-development-act/,https://www.edd.newmexico.gov/grants/local-economic-development-act/,Not indicated,Not indicated,Not indicated,Not indicated,Contact opportunity: Directory listing contact,Not indicated,Not indicated,Contact opportunity: Newsletter contact,Not indicated,Not indicated,Not indicated,Contact opportunity: Cross-promotion contact
directory_shortcut,,New Mexico Small Business Assistance Program,,Colfax,,Technical assistance / noncash support,False,Directory shortcut,https://nmsbaprogram.org/,https://nmsbaprogram.org/,Not indicated,Not indicated,Not indicated,Not indicated,Not indicated,Not indicated,Not indicated,Not indicated,Not indicated,Not indicated,Not indicated,Not indicated
directory_shortcut,,New Mexico Small Business Development Center,,Regional,,SBDC,False,Directory shortcut,https://www.nmsbdc.org/,https://www.nmsbdc.org/,Not indicated,Not indicated,Not indicated,Not indicated,Not indicated,Not indicated,Not indicated,Not indicated,Not indicated,Not indicated,Not indicated,Not indicated
directory_shortcut,,New Mexico Trails+ Grant,,Colfax,,Outdoor recreation / trail funding,False,Directory shortcut,https://www.edd.newmexico.gov/press-releases/state-opens-trails-grant-for-outdoor-recreation-projects/,https://www.edd.newmexico.gov/press-releases/state-opens-trails-grant-for-outdoor-recreation-projects/,Not indicated,Not indicated,Not indicated,Not indicated,Not indicated,Not indicated,Not indicated,Not indicated,Not indicated,Not indicated,Not indicated,Not indicated
directory_shortcut,,New Mexico True Northeast and Raton Guide,,Colfax,,State tourism guide,False,Directory shortcut,https://www.newmexico.org/places-to-visit/regions/northeast/raton/,https://www.newmexico.org/places-to-visit/regions/northeast/raton/,Not indicated,Not indicated,Not indicated,Not indicated,Not indicated,Not indicated,Not indicated,Not indicated,Not indicated,Not indicated,Not indicated,Not indicated
directory_shortcut,,NM Creative Industries Resource Center,,Colfax,,Creative economy directory,False,Directory shortcut,https://www.edd.newmexico.gov/divisions-and-offices/creative-industries/creative-industries-resource-center/,https://www.edd.newmexico.gov/divisions-and-offices/creative-industries/creative-industries-resource-center/,Not indicated,Not indicated,Not indicated,Not indicated,Not indicated,Not indicated,Not indicated,Not indicated,Not indicated,Not indicated,Not indicated,Not indicated
directory_shortcut,,NM Creative Industries Resource Submission / Update,,Regional,,Creative economy listing update,False,Directory shortcut,https://www.edd.newmexico.gov/divisions-and-offices/creative-industries/creative-industries-resource-center/,https://www.edd.newmexico.gov/divisions-and-offices/creative-industries/creative-industries-resource-center/,Not indicated,Not indicated,Not indicated,Not indicated,Not indicated,Not indicated,Not indicated,Not indicated,Not indicated,Not indicated,Not indicated,Not indicated
directory_shortcut,,NM EDD Business Resource Map,,Regional,,Economic-development resource directory,False,Directory shortcut,https://www.edd.newmexico.gov/resource-map/,https://www.edd.newmexico.gov/resource-map/,Not indicated,Not indicated,Not indicated,Not indicated,Not indicated,Not indicated,Not indicated,Not indicated,Not indicated,Not indicated,Not indicated,Not indicated
directory_shortcut,,NM Family Friendly Business Directory,,Regional,,Business recognition directory,False,Directory shortcut,https://nmfamilyfriendlybusiness.org/premium-business-directory/,https://nmfamilyfriendlybusiness.org/premium-business-directory/,Not indicated,Not indicated,Not indicated,Not indicated,Not indicated,Not indicated,Not indicated,Not indicated,Not indicated,Not indicated,Not indicated,Not indicated
directory_shortcut,,RAIN Colfax Business Licenses,,Colfax,,Business license support,False,Directory shortcut,https://raincolfax.org/business-community-resources/wpbdp_category/business-licenses/,https://raincolfax.org/business-community-resources/wpbdp_category/business-licenses/,Not indicated,Not indicated,Not indicated,Not indicated,Not indicated,Not indicated,Not indicated,Not indicated,Not indicated,Not indicated,Not indicated,Not indicated
directory_shortcut,,Raton Arts & Humanities Council,,Colfax,,Arts organization,False,Directory shortcut,https://www.ratonarts.org/,https://www.ratonarts.org/,Not indicated,Not indicated,Not indicated,Not indicated,Not indicated,Not indicated,Not indicated,Contact opportunity: Newsletter contact,Not indicated,Not indicated,Not indicated,Contact opportunity: Cross-promotion contact
directory_shortcut,,Raton Arts and Cultural District,,Colfax,,Creative district,False,Directory shortcut,https://www.nmartsandculturaldistricts.org/raton/,https://www.nmartsandculturaldistricts.org/raton/,Not indicated,Not indicated,Not indicated,Not indicated,Not indicated,Not indicated,Not indicated,Contact opportunity: Newsletter contact,Not indicated,Not indicated,Not indicated,Contact opportunity: Cross-promotion contact
directory_shortcut,,Raton Chamber Business Directory,,Colfax,,Business directory,False,Directory shortcut,https://www.raton.info/business-directory.html,https://www.raton.info/business-directory.html,Not indicated,Not indicated,Not indicated,Not indicated,Listed route: Existing directory profile,Contact opportunity: Event calendar contact,Not indicated,Contact opportunity: Newsletter contact,Not indicated,Not indicated,Contact opportunity: Sponsorship contact,Contact opportunity: Cross-promotion contact
directory_shortcut,,Raton MainStreet,,Colfax,,Downtown / events,False,Directory shortcut,https://ratonmainstreet.org/,https://ratonmainstreet.org/,Not indicated,Not indicated,Not indicated,Not indicated,Not indicated,Contact opportunity: Event calendar contact,Not indicated,Not indicated,Not indicated,Not indicated,Contact opportunity: Sponsorship contact,Contact opportunity: Cross-promotion contact
directory_shortcut,,ROAMS Local Resources,,Colfax,,Health and family resource directory,False,Directory shortcut,https://roamsnm.org/,https://roamsnm.org/,Not indicated,Not indicated,Not indicated,Not indicated,Not indicated,Not indicated,Not indicated,Not indicated,Not indicated,Not indicated,Not indicated,Not indicated
directory_shortcut,,SBA Funding Programs,,Regional,,Small business loans / capital,False,Directory shortcut,https://www.sba.gov/funding-programs,https://www.sba.gov/funding-programs,Not indicated,Not indicated,Not indicated,Not indicated,Not indicated,Not indicated,Not indicated,Not indicated,Not indicated,Not indicated,Not indicated,Not indicated
directory_shortcut,,SBA Lender Match,,Regional,,Small business lender matching,False,Directory shortcut,https://www.sba.gov/funding-programs/loans/lender-match-connects-you-lenders,https://www.sba.gov/funding-programs/loans/lender-match-connects-you-lenders,Not indicated,Not indicated,Not indicated,Not indicated,Not indicated,Not indicated,Not indicated,Not indicated,Not indicated,Not indicated,Not indicated,Not indicated
directory_shortcut,,SBA SBDC Finder,,Regional,,Federal business support,False,Directory shortcut,https://www.sba.gov/local-assistance/resource-partners/small-business-development-centers-sbdc,https://www.sba.gov/local-assistance/resource-partners/small-business-development-centers-sbdc,Not indicated,Not indicated,Not indicated,Not indicated,Not indicated,Not indicated,Not indicated,Not indicated,Not indicated,Not indicated,Not indicated,Not indicated
directory_shortcut,,SHARE New Mexico,,Colfax,,Community resource directory,False,Directory shortcut,https://sharenm.org/,https://sharenm.org/,Not indicated,Not indicated,Not indicated,Not indicated,Not indicated,Not indicated,Not indicated,Not indicated,Not indicated,Not indicated,Not indicated,Not indicated
directory_shortcut,,Southern Colorado Community Foundation Grants,,Regional,,Nonprofit grants,False,Directory shortcut,https://sccfcolorado.org/for-grantseekers/grants/,https://sccfcolorado.org/for-grantseekers/grants/,Not indicated,Not indicated,Not indicated,Not indicated,Not indicated,Not indicated,Not indicated,Contact opportunity: Newsletter contact,Not indicated,Not indicated,Not indicated,Contact opportunity: Cross-promotion contact
directory_shortcut,,Southern Colorado Community Foundation Nonprofit Directory,,Las Animas,,Nonprofit directory,False,Directory shortcut,https://sccfcolorado.org/nonprofit-directory/,https://sccfcolorado.org/nonprofit-directory/,Not indicated,Not indicated,Not indicated,Not indicated,Listed route: Existing directory profile,Not indicated,Not indicated,Contact opportunity: Newsletter contact,Not indicated,Not indicated,Not indicated,Contact opportunity: Cross-promotion contact
directory_shortcut,,Southern Colorado Community Foundation Scholarship,,Regional,,Scholarship,False,Directory shortcut,https://sccfcolorado.org/madeline-mellers-memorial-girls-golf-scholarship/,https://sccfcolorado.org/madeline-mellers-memorial-girls-golf-scholarship/,Not indicated,Not indicated,Not indicated,Not indicated,Not indicated,Not indicated,Not indicated,Contact opportunity: Newsletter contact,Not indicated,Not indicated,Not indicated,Contact opportunity: Cross-promotion contact
directory_shortcut,,Southern Colorado Economic Development District,,Regional,,Economic development district,False,Directory shortcut,https://www.scedd.com/,https://www.scedd.com/,Not indicated,Not indicated,Not indicated,Not indicated,Contact opportunity: Directory listing contact,Not indicated,Not indicated,Contact opportunity: Newsletter contact,Not indicated,Not indicated,Not indicated,Contact opportunity: Cross-promotion contact
directory_shortcut,,Spanish Peaks Community Foundation,,Huerfano,,Local foundation / community projects,False,Directory shortcut,https://www.spanishpeaks.foundation/,https://www.spanishpeaks.foundation/,Not indicated,Not indicated,Not indicated,Not indicated,Not indicated,Not indicated,Not indicated,Contact opportunity: Newsletter contact,Not indicated,Not indicated,Not indicated,Contact opportunity: Cross-promotion contact
directory_shortcut,,Spanish Peaks Country Add Business Listing,,Huerfano,,Tourism directory submission,False,Directory shortcut,https://spanishpeakscountry.com/add-business-listing/,https://spanishpeakscountry.com/add-business-listing/,Not indicated,Not indicated,Not indicated,Not indicated,Not indicated,Not indicated,Not indicated,Not indicated,Not indicated,Not indicated,Not indicated,Not indicated
directory_shortcut,,Spanish Peaks Country Business Directory,,Huerfano,,Business / tourism directory,False,Directory shortcut,https://spanishpeakscountry.com/business-directory,https://spanishpeakscountry.com/business-directory,Not indicated,Not indicated,Not indicated,Not indicated,Not indicated,Not indicated,Not indicated,Not indicated,Not indicated,Not indicated,Not indicated,Not indicated
directory_shortcut,,Spanish Peaks Country Submit Event,,Huerfano,,Event submission,False,Directory shortcut,https://spanishpeakscountry.com/spc-events/community/add/,https://spanishpeakscountry.com/spc-events/community/add/,Not indicated,Not indicated,Not indicated,Not indicated,Not indicated,Listed route: Event/calendar route,Not indicated,Not indicated,Not indicated,Not indicated,Contact opportunity: Sponsorship contact,Contact opportunity: Cross-promotion contact
directory_shortcut,,Spanish Peaks Library Community Links,,Huerfano,,Community links,False,Directory shortcut,https://www.spld.org/connect/community-links/,https://www.spld.org/connect/community-links/,Not indicated,Not indicated,Not indicated,Not indicated,Not indicated,Contact opportunity: Event calendar contact,Not indicated,Contact opportunity: Newsletter contact,Not indicated,Not indicated,Not indicated,Not indicated
directory_shortcut,,Tax Exempt World Colfax County Organizations,,Colfax,,Nonprofit aggregator,False,Directory shortcut,https://www.taxexemptworld.com/organizations/colfax-county-nm-new-mexico.asp,https://www.taxexemptworld.com/organizations/colfax-county-nm-new-mexico.asp,Not indicated,Not indicated,Not indicated,Not indicated,Not indicated,Not indicated,Not indicated,Contact opportunity: Newsletter contact,Not indicated,Not indicated,Not indicated,Contact opportunity: Cross-promotion contact
directory_shortcut,,The Chronicle-News,,Las Animas,,Media / classifieds,False,Directory shortcut,https://www.thechronicle-news.com/,https://www.thechronicle-news.com/,Not indicated,Not indicated,Not indicated,Not indicated,Not indicated,Not indicated,Not indicated,Not indicated,Contact opportunity: Digital advertising contact,Contact opportunity: Pitch a story or announcement,Not indicated,Contact opportunity: Cross-promotion contact
directory_shortcut,,The World Journal,,Huerfano,,Media / submissions,False,Directory shortcut,https://worldjournalnewspaper.com/,https://worldjournalnewspaper.com/,Not indicated,Not indicated,Not indicated,Not indicated,Not indicated,Not indicated,Not indicated,Not indicated,Contact opportunity: Digital advertising contact,Contact opportunity: Pitch a story or announcement,Not indicated,Contact opportunity: Cross-promotion contact
directory_shortcut,,Town of La Veta Business Directory,,Huerfano,,Municipal business directory,False,Directory shortcut,https://townoflaveta-co.gov/business-directory/,https://townoflaveta-co.gov/business-directory/,Not indicated,Not indicated,Not indicated,Not indicated,Listed route: Existing directory profile,Not indicated,Not indicated,Not indicated,Not indicated,Not indicated,Not indicated,Not indicated
directory_shortcut,,Trinidad Community Foundation,,Las Animas,,Local foundation / grantmaker,False,Directory shortcut,https://www.trinidadcf.org/board.html,https://www.trinidadcf.org/board.html,Not indicated,Not indicated,Not indicated,Not indicated,Not indicated,Not indicated,Not indicated,Contact opportunity: Newsletter contact,Not indicated,Not indicated,Not indicated,Contact opportunity: Cross-promotion contact
directory_shortcut,,Trinidad Community Foundation Grant Process,,Las Animas,,Local nonprofit grants,False,Directory shortcut,https://www.trinidadcf.org/grants.html,https://www.trinidadcf.org/grants.html,Not indicated,Not indicated,Not indicated,Not indicated,Not indicated,Not indicated,Not indicated,Contact opportunity: Newsletter contact,Not indicated,Not indicated,Not indicated,Contact opportunity: Cross-promotion contact
directory_shortcut,,USDA Rural Business Development Grants,,Regional,,Rural funding,False,Directory shortcut,https://www.rd.usda.gov/programs-services/business-programs/rural-business-development-grants,https://www.rd.usda.gov/programs-services/business-programs/rural-business-development-grants,Not indicated,Not indicated,Not indicated,Not indicated,Not indicated,Not indicated,Not indicated,Not indicated,Not indicated,Not indicated,Not indicated,Not indicated
directory_shortcut,,USDA Rural Microentrepreneur Assistance Program,,Regional,,Rural microbusiness loans / grants,False,Directory shortcut,https://www.rd.usda.gov/programs-services/business-programs/rural-microentrepreneur-assistance-program,https://www.rd.usda.gov/programs-services/business-programs/rural-microentrepreneur-assistance-program,Not indicated,Not indicated,Not indicated,Not indicated,Not indicated,Not indicated,Not indicated,Not indicated,Not indicated,Not indicated,Not indicated,Not indicated
directory_shortcut,,USDA Value-Added Producer Grants,,Regional,,Agriculture / producer grants,False,Directory shortcut,https://www.rd.usda.gov/programs-services/business-programs/value-added-producer-grants,https://www.rd.usda.gov/programs-services/business-programs/value-added-producer-grants,Not indicated,Not indicated,Not indicated,Not indicated,Not indicated,Not indicated,Not indicated,Not indicated,Not indicated,Not indicated,Not indicated,Not indicated
directory_shortcut,,Village of Eagle Nest Business Directory,,Colfax,,Municipal business directory,False,Directory shortcut,https://www.eaglenest.org/water_waste_water/businessdirectory,https://www.eaglenest.org/water_waste_water/businessdirectory,Not indicated,Not indicated,Not indicated,Not indicated,Listed route: Existing directory profile,Not indicated,Not indicated,Not indicated,Not indicated,Not indicated,Not indicated,Not indicated
directory_shortcut,,Visit Trinidad Outdoor Recreation,,Las Animas,,Tourism activity guide,False,Directory shortcut,https://visittrinidadcolorado.com/outdoor-recreation/,https://visittrinidadcolorado.com/outdoor-recreation/,Not indicated,Not indicated,Not indicated,Not indicated,Not indicated,Not indicated,Not indicated,Not indicated,Not indicated,Not indicated,Not indicated,Not indicated
directory_shortcut,,Visit Trinidad Resources for Locals,,Las Animas,,Tourism / event support,False,Directory shortcut,https://visittrinidadcolorado.com/resources-for-locals/,https://visittrinidadcolorado.com/resources-for-locals/,Not indicated,Not indicated,Not indicated,Not indicated,Listed route: Existing directory profile,Listed route: Event/calendar route,Listed route: Social-sharing route,Not indicated,Not indicated,Not indicated,Contact opportunity: Sponsorship contact,Contact opportunity: Cross-promotion contact
directory_shortcut,,Visit Trinidad Submit Your Event,,Las Animas,,Event submission,False,Directory shortcut,https://visittrinidadcolorado.com/resources-for-locals/submit-your-event/,https://visittrinidadcolorado.com/resources-for-locals/submit-your-event/,Not indicated,Not indicated,Not indicated,Not indicated,Not indicated,Listed route: Event/calendar route,Not indicated,Not indicated,Not indicated,Not indicated,Contact opportunity: Sponsorship contact,Contact opportunity: Cross-promotion contact
directory_shortcut,,Walsenburg Forms and License Applications,,Huerfano,,Municipal forms / vendor permits,False,Directory shortcut,https://www.walsenburg.org/forms,https://www.walsenburg.org/forms,Not indicated,Not indicated,Not indicated,Not indicated,Not indicated,Not indicated,Not indicated,Not indicated,Not indicated,Not indicated,Not indicated,Not indicated
directory_shortcut,,WESST Lending,,Colfax,,Startup / small business loans,False,Directory shortcut,https://www.wesst.org/lending,https://www.wesst.org/lending,Not indicated,Not indicated,Not indicated,Not indicated,Not indicated,Not indicated,Not indicated,Not indicated,Not indicated,Not indicated,Not indicated,Not indicated
directory_shortcut,,Wheelhouse Retail Incubator & Makerspace,,Huerfano,,Incubator / makerspace,False,Directory shortcut,https://www.wheelhouseincubator.org/,https://www.wheelhouseincubator.org/,Not indicated,Not indicated,Not indicated,Not indicated,Not indicated,Not indicated,Not indicated,Not indicated,Not indicated,Not indicated,Not indicated,Not indicated
directory_shortcut,,World Journal Services Directory,,Huerfano,,Services directory,False,Directory shortcut,https://worldjournalnewspaper.com/services/,https://worldjournalnewspaper.com/services/,Not indicated,Not indicated,Not indicated,Not indicated,Not indicated,Not indicated,Not indicated,Not indicated,Not indicated,Not indicated,Not indicated,Not indicated
directory_shortcut,,Yellow Pages Raton Business Listings,,Colfax,,Commercial directory,False,Directory shortcut,https://www.yellowpages.com/raton-nm/business-listings/1,https://www.yellowpages.com/raton-nm/business-listings/1,Not indicated,Not indicated,Not indicated,Not indicated,Not indicated,Not indicated,Not indicated,Not indicated,Not indicated,Not indicated,Not indicated,Not indicated
